phase,lag,n_on,n_off,n_total,p_on,H_uncond,H_cond,IG_bits,MI_bits,KL_on_bits,KL_off_bits,q90_shift,n_bins,underpowered,bestlag_phase,window_mode,gate_source,gate_percentile,gate_threshold,gate_train,block_len,n_null,bin_method,bins_min,bins_max,fixed_bins,test_window,target,underpowered_policy,two_sided,min_on,min_off,min_total,w_bins
1,0,0,0,485,,3.640488297780521,3.5763767777791844,,0.06411152000133669,,,,20,0,0,continuous_intensity,from_file,90.0,,"1991-01-01,2010-12-31",60,2000,freedman_diaconis,10,80,30,"2011-01-01,2020-12-31",amp_phase,flag_only,0,20,100,200,5
1,1,0,0,484,,3.75041043434226,3.6784726277735147,,0.07193780656874527,,,,21,0,0,continuous_intensity,from_file,90.0,,"1991-01-01,2010-12-31",60,2000,freedman_diaconis,10,80,30,"2011-01-01,2020-12-31",amp_phase,flag_only,0,20,100,200,5
1,2,0,0,483,,3.7969250026309367,3.7341356900195444,,0.06278931261139231,,,,22,0,0,continuous_intensity,from_file,90.0,,"1991-01-01,2010-12-31",60,2000,freedman_diaconis,10,80,30,"2011-01-01,2020-12-31",amp_phase,flag_only,0,20,100,200,5
1,3,0,0,483,,3.7620179580961315,3.658526457942879,,0.10349150015325259,,,,20,0,1,continuous_intensity,from_file,90.0,,"1991-01-01,2010-12-31",60,2000,freedman_diaconis,10,80,30,"2011-01-01,2020-12-31",amp_phase,flag_only,0,20,100,200,5
1,4,0,0,483,,3.813515286856184,3.7575100600061666,,0.0560052268500173,,,,21,0,0,continuous_intensity,from_file,90.0,,"1991-01-01,2010-12-31",60,2000,freedman_diaconis,10,80,30,"2011-01-01,2020-12-31",amp_phase,flag_only,0,20,100,200,5
1,5,0,0,483,,3.761078246507277,3.711166146351369,,0.04991210015590797,,,,20,0,0,continuous_intensity,from_file,90.0,,"1991-01-01,2010-12-31",60,2000,freedman_diaconis,10,80,30,"2011-01-01,2020-12-31",amp_phase,flag_only,0,20,100,200,5
1,6,0,0,483,,3.6947517009654707,3.6100277554495643,,0.08472394551590634,,,,18,0,0,continuous_intensity,from_file,90.0,,"1991-01-01,2010-12-31",60,2000,freedman_diaconis,10,80,30,"2011-01-01,2020-12-31",amp_phase,flag_only,0,20,100,200,5
1,7,0,0,483,,3.6744311007701507,3.5729228209255766,,0.10150827984457411,,,,17,0,0,continuous_intensity,from_file,90.0,,"1991-01-01,2010-12-31",60,2000,freedman_diaconis,10,80,30,"2011-01-01,2020-12-31",amp_phase,flag_only,0,20,100,200,5
1,8,0,0,483,,3.631840180585503,3.5306405717992533,,0.10119960878624967,,,,17,0,0,continuous_intensity,from_file,90.0,,"1991-01-01,2010-12-31",60,2000,freedman_diaconis,10,80,30,"2011-01-01,2020-12-31",amp_phase,flag_only,0,20,100,200,5
1,9,0,0,483,,3.631340954765462,3.5661451291057515,,0.0651958256597105,,,,18,0,0,continuous_intensity,from_file,90.0,,"1991-01-01,2010-12-31",60,2000,freedman_diaconis,10,80,30,"2011-01-01,2020-12-31",amp_phase,flag_only,0,20,100,200,5
1,10,0,0,483,,3.6516394627375477,3.5696608458772427,,0.08197861686030494,,,,19,0,0,continuous_intensity,from_file,90.0,,"1991-01-01,2010-12-31",60,2000,freedman_diaconis,10,80,30,"2011-01-01,2020-12-31",amp_phase,flag_only,0,20,100,200,5
1,11,0,0,483,,3.695780135451469,3.608764520690061,,0.08701561476140807,,,,19,0,0,continuous_intensity,from_file,90.0,,"1991-01-01,2010-12-31",60,2000,freedman_diaconis,10,80,30,"2011-01-01,2020-12-31",amp_phase,flag_only,0,20,100,200,5
1,12,0,0,483,,3.6963843894307247,3.6278312154904997,,0.06855317394022498,,,,20,0,0,continuous_intensity,from_file,90.0,,"1991-01-01,2010-12-31",60,2000,freedman_diaconis,10,80,30,"2011-01-01,2020-12-31",amp_phase,flag_only,0,20,100,200,5
1,13,0,0,483,,3.756925658049604,3.7099391246562328,,0.04698653339337122,,,,22,0,0,continuous_intensity,from_file,90.0,,"1991-01-01,2010-12-31",60,2000,freedman_diaconis,10,80,30,"2011-01-01,2020-12-31",amp_phase,flag_only,0,20,100,200,5
1,14,0,0,483,,3.7661497880167873,3.737573143772831,,0.02857664424395656,,,,22,0,0,continuous_intensity,from_file,90.0,,"1991-01-01,2010-12-31",60,2000,freedman_diaconis,10,80,30,"2011-01-01,2020-12-31",amp_phase,flag_only,0,20,100,200,5
1,15,0,0,483,,3.730991437194195,3.689155811065878,,0.04183562612831704,,,,20,0,0,continuous_intensity,from_file,90.0,,"1991-01-01,2010-12-31",60,2000,freedman_diaconis,10,80,30,"2011-01-01,2020-12-31",amp_phase,flag_only,0,20,100,200,5
1,16,0,0,483,,3.7572260140795763,3.705156161414134,,0.05206985266544217,,,,20,0,0,continuous_intensity,from_file,90.0,,"1991-01-01,2010-12-31",60,2000,freedman_diaconis,10,80,30,"2011-01-01,2020-12-31",amp_phase,flag_only,0,20,100,200,5
1,17,0,0,483,,3.839754610283954,3.8107034713726895,,0.02905113891126465,,,,22,0,0,continuous_intensity,from_file,90.0,,"1991-01-01,2010-12-31",60,2000,freedman_diaconis,10,80,30,"2011-01-01,2020-12-31",amp_phase,flag_only,0,20,100,200,5
1,18,0,0,483,,3.7921456592983454,3.7902423247376382,,0.0019033345607071261,,,,22,0,0,continuous_intensity,from_file,90.0,,"1991-01-01,2010-12-31",60,2000,freedman_diaconis,10,80,30,"2011-01-01,2020-12-31",amp_phase,flag_only,0,20,100,200,5
1,19,0,0,483,,3.7439524208387076,3.7526461826621698,,-0.008693761823462154,,,,21,0,0,continuous_intensity,from_file,90.0,,"1991-01-01,2010-12-31",60,2000,freedman_diaconis,10,80,30,"2011-01-01,2020-12-31",amp_phase,flag_only,0,20,100,200,5
1,20,0,0,483,,3.756957311124851,3.77693772624892,,-0.019980415124068784,,,,22,0,0,continuous_intensity,from_file,90.0,,"1991-01-01,2010-12-31",60,2000,freedman_diaconis,10,80,30,"2011-01-01,2020-12-31",amp_phase,flag_only,0,20,100,200,5
1,21,0,0,483,,3.8555596239128835,3.933622160857777,,-0.07806253694489351,,,,26,0,0,continuous_intensity,from_file,90.0,,"1991-01-01,2010-12-31",60,2000,freedman_diaconis,10,80,30,"2011-01-01,2020-12-31",amp_phase,flag_only,0,20,100,200,5
1,22,0,0,483,,3.858573347019527,3.9357117473226304,,-0.07713840030310326,,,,26,0,0,continuous_intensity,from_file,90.0,,"1991-01-01,2010-12-31",60,2000,freedman_diaconis,10,80,30,"2011-01-01,2020-12-31",amp_phase,flag_only,0,20,100,200,5
1,23,0,0,483,,3.870553011800239,3.928458738787105,,-0.05790572698686569,,,,26,0,0,continuous_intensity,from_file,90.0,,"1991-01-01,2010-12-31",60,2000,freedman_diaconis,10,80,30,"2011-01-01,2020-12-31",amp_phase,flag_only,0,20,100,200,5
1,24,0,0,483,,3.88753407292305,3.9279223525984124,,-0.040388279675362515,,,,25,0,0,continuous_intensity,from_file,90.0,,"1991-01-01,2010-12-31",60,2000,freedman_diaconis,10,80,30,"2011-01-01,2020-12-31",amp_phase,flag_only,0,20,100,200,5
1,25,0,0,483,,3.8597312302639457,3.8455244823466797,,0.01420674791726606,,,,21,0,0,continuous_intensity,from_file,90.0,,"1991-01-01,2010-12-31",60,2000,freedman_diaconis,10,80,30,"2011-01-01,2020-12-31",amp_phase,flag_only,0,20,100,200,5
1,26,0,0,483,,3.7646076032812146,3.794458273061935,,-0.029850669780720374,,,,23,0,0,continuous_intensity,from_file,90.0,,"1991-01-01,2010-12-31",60,2000,freedman_diaconis,10,80,30,"2011-01-01,2020-12-31",amp_phase,flag_only,0,20,100,200,5
1,27,0,0,483,,3.7805988452530266,3.802862266302476,,-0.022263421049449228,,,,24,0,0,continuous_intensity,from_file,90.0,,"1991-01-01,2010-12-31",60,2000,freedman_diaconis,10,80,30,"2011-01-01,2020-12-31",amp_phase,flag_only,0,20,100,200,5
1,28,0,0,483,,3.6811756676869605,3.639825638757943,,0.0413500289290174,,,,20,0,0,continuous_intensity,from_file,90.0,,"1991-01-01,2010-12-31",60,2000,freedman_diaconis,10,80,30,"2011-01-01,2020-12-31",amp_phase,flag_only,0,20,100,200,5
1,29,0,0,483,,3.7551110320848413,3.7142894663459254,,0.04082156573891593,,,,20,0,0,continuous_intensity,from_file,90.0,,"1991-01-01,2010-12-31",60,2000,freedman_diaconis,10,80,30,"2011-01-01,2020-12-31",amp_phase,flag_only,0,20,100,200,5
1,30,0,0,483,,3.738878366961843,3.680350823501106,,0.05852754346073663,,,,20,0,0,continuous_intensity,from_file,90.0,,"1991-01-01,2010-12-31",60,2000,freedman_diaconis,10,80,30,"2011-01-01,2020-12-31",amp_phase,flag_only,0,20,100,200,5
2,0,0,0,429,,3.7450267268306545,3.7537002370772923,,-0.008673510246637761,,,,22,0,0,continuous_intensity,from_file,90.0,,"1991-01-01,2010-12-31",60,2000,freedman_diaconis,10,80,30,"2011-01-01,2020-12-31",amp_phase,flag_only,0,20,100,200,5
2,1,0,0,429,,3.7717048553693444,3.785394212682828,,-0.01368935731348353,,,,21,0,0,continuous_intensity,from_file,90.0,,"1991-01-01,2010-12-31",60,2000,freedman_diaconis,10,80,30,"2011-01-01,2020-12-31",amp_phase,flag_only,0,20,100,200,5
2,2,0,0,429,,3.7000851802559946,3.6792446153236216,,0.020840564932373074,,,,20,0,0,continuous_intensity,from_file,90.0,,"1991-01-01,2010-12-31",60,2000,freedman_diaconis,10,80,30,"2011-01-01,2020-12-31",amp_phase,flag_only,0,20,100,200,5
2,3,0,0,429,,3.6132200205226797,3.56603158995998,,0.0471884305626995,,,,19,0,0,continuous_intensity,from_file,90.0,,"1991-01-01,2010-12-31",60,2000,freedman_diaconis,10,80,30,"2011-01-01,2020-12-31",amp_phase,flag_only,0,20,100,200,5
2,4,0,0,429,,3.642379801680559,3.5764930130403627,,0.06588678864019615,,,,19,0,0,continuous_intensity,from_file,90.0,,"1991-01-01,2010-12-31",60,2000,freedman_diaconis,10,80,30,"2011-01-01,2020-12-31",amp_phase,flag_only,0,20,100,200,5
2,5,0,0,429,,3.5751425902146923,3.5104470456915147,,0.0646955445231776,,,,17,0,0,continuous_intensity,from_file,90.0,,"1991-01-01,2010-12-31",60,2000,freedman_diaconis,10,80,30,"2011-01-01,2020-12-31",amp_phase,flag_only,0,20,100,200,5
2,6,0,0,429,,3.636642045299295,3.558153844619155,,0.07848820068014017,,,,17,0,0,continuous_intensity,from_file,90.0,,"1991-01-01,2010-12-31",60,2000,freedman_diaconis,10,80,30,"2011-01-01,2020-12-31",amp_phase,flag_only,0,20,100,200,5
2,7,0,0,429,,3.4881536317396167,3.410951377002183,,0.07720225473743358,,,,16,0,0,continuous_intensity,from_file,90.0,,"1991-01-01,2010-12-31",60,2000,freedman_diaconis,10,80,30,"2011-01-01,2020-12-31",amp_phase,flag_only,0,20,100,200,5
2,8,0,0,429,,3.5613028775878317,3.494513890037659,,0.0667889875501726,,,,17,0,0,continuous_intensity,from_file,90.0,,"1991-01-01,2010-12-31",60,2000,freedman_diaconis,10,80,30,"2011-01-01,2020-12-31",amp_phase,flag_only,0,20,100,200,5
2,9,0,0,429,,3.5128712800150343,3.4476879997956513,,0.06518328021938302,,,,16,0,0,continuous_intensity,from_file,90.0,,"1991-01-01,2010-12-31",60,2000,freedman_diaconis,10,80,30,"2011-01-01,2020-12-31",amp_phase,flag_only,0,20,100,200,5
2,10,0,0,429,,3.51855976838132,3.467220212637496,,0.05133955574382432,,,,17,0,0,continuous_intensity,from_file,90.0,,"1991-01-01,2010-12-31",60,2000,freedman_diaconis,10,80,30,"2011-01-01,2020-12-31",amp_phase,flag_only,0,20,100,200,5
2,11,0,0,429,,3.5405801965072707,3.5009019227012277,,0.03967827380604305,,,,18,0,0,continuous_intensity,from_file,90.0,,"1991-01-01,2010-12-31",60,2000,freedman_diaconis,10,80,30,"2011-01-01,2020-12-31",amp_phase,flag_only,0,20,100,200,5
2,12,0,0,429,,3.5822463396537096,3.5581401911880968,,0.024106148465612875,,,,19,0,0,continuous_intensity,from_file,90.0,,"1991-01-01,2010-12-31",60,2000,freedman_diaconis,10,80,30,"2011-01-01,2020-12-31",amp_phase,flag_only,0,20,100,200,5
2,13,0,0,429,,3.4693299126771984,3.468762134435582,,0.0005677782416162458,,,,17,0,0,continuous_intensity,from_file,90.0,,"1991-01-01,2010-12-31",60,2000,freedman_diaconis,10,80,30,"2011-01-01,2020-12-31",amp_phase,flag_only,0,20,100,200,5
2,14,0,0,429,,3.635232853752646,3.5957125602423115,,0.0395202935103347,,,,17,0,0,continuous_intensity,from_file,90.0,,"1991-01-01,2010-12-31",60,2000,freedman_diaconis,10,80,30,"2011-01-01,2020-12-31",amp_phase,flag_only,0,20,100,200,5
2,15,0,0,429,,3.549605506497495,3.4634966058792136,,0.08610890061828158,,,,15,0,0,continuous_intensity,from_file,90.0,,"1991-01-01,2010-12-31",60,2000,freedman_diaconis,10,80,30,"2011-01-01,2020-12-31",amp_phase,flag_only,0,20,100,200,5
2,16,0,0,429,,3.643805245059373,3.549932108847059,,0.09387313621231419,,,,16,0,1,continuous_intensity,from_file,90.0,,"1991-01-01,2010-12-31",60,2000,freedman_diaconis,10,80,30,"2011-01-01,2020-12-31",amp_phase,flag_only,0,20,100,200,5
2,17,0,0,429,,3.646255771438619,3.5713200944099954,,0.07493567702862336,,,,17,0,0,continuous_intensity,from_file,90.0,,"1991-01-01,2010-12-31",60,2000,freedman_diaconis,10,80,30,"2011-01-01,2020-12-31",amp_phase,flag_only,0,20,100,200,5
2,18,0,0,429,,3.623737899444237,3.593283241166346,,0.030454658277891067,,,,18,0,0,continuous_intensity,from_file,90.0,,"1991-01-01,2010-12-31",60,2000,freedman_diaconis,10,80,30,"2011-01-01,2020-12-31",amp_phase,flag_only,0,20,100,200,5
2,19,0,0,429,,3.703683059523907,3.7016909196124086,,0.0019921399114983807,,,,20,0,0,continuous_intensity,from_file,90.0,,"1991-01-01,2010-12-31",60,2000,freedman_diaconis,10,80,30,"2011-01-01,2020-12-31",amp_phase,flag_only,0,20,100,200,5
2,20,0,0,429,,3.578458239061808,3.5769666409906042,,0.0014915980712038035,,,,18,0,0,continuous_intensity,from_file,90.0,,"1991-01-01,2010-12-31",60,2000,freedman_diaconis,10,80,30,"2011-01-01,2020-12-31",amp_phase,flag_only,0,20,100,200,5
2,21,0,0,429,,3.59995960611348,3.5734292292518237,,0.02653037686165627,,,,17,0,0,continuous_intensity,from_file,90.0,,"1991-01-01,2010-12-31",60,2000,freedman_diaconis,10,80,30,"2011-01-01,2020-12-31",amp_phase,flag_only,0,20,100,200,5
2,22,0,0,428,,3.619586791895868,3.5822960525674494,,0.03729073932841853,,,,16,0,0,continuous_intensity,from_file,90.0,,"1991-01-01,2010-12-31",60,2000,freedman_diaconis,10,80,30,"2011-01-01,2020-12-31",amp_phase,flag_only,0,20,100,200,5
2,23,0,0,427,,3.5537725301006957,3.5169565367780455,,0.036815993322650176,,,,15,0,0,continuous_intensity,from_file,90.0,,"1991-01-01,2010-12-31",60,2000,freedman_diaconis,10,80,30,"2011-01-01,2020-12-31",amp_phase,flag_only,0,20,100,200,5
2,24,0,0,426,,3.643516165004017,3.6160463672564456,,0.027469797747571523,,,,17,0,0,continuous_intensity,from_file,90.0,,"1991-01-01,2010-12-31",60,2000,freedman_diaconis,10,80,30,"2011-01-01,2020-12-31",amp_phase,flag_only,0,20,100,200,5
2,25,0,0,426,,3.733105803834308,3.7153078848621837,,0.01779791897212446,,,,19,0,0,continuous_intensity,from_file,90.0,,"1991-01-01,2010-12-31",60,2000,freedman_diaconis,10,80,30,"2011-01-01,2020-12-31",amp_phase,flag_only,0,20,100,200,5
2,26,0,0,426,,3.704928048588589,3.6876518634659536,,0.01727618512263529,,,,18,0,0,continuous_intensity,from_file,90.0,,"1991-01-01,2010-12-31",60,2000,freedman_diaconis,10,80,30,"2011-01-01,2020-12-31",amp_phase,flag_only,0,20,100,200,5
2,27,0,0,426,,3.698465519632655,3.666344067877588,,0.032121451755066754,,,,17,0,0,continuous_intensity,from_file,90.0,,"1991-01-01,2010-12-31",60,2000,freedman_diaconis,10,80,30,"2011-01-01,2020-12-31",amp_phase,flag_only,0,20,100,200,5
2,28,0,0,426,,3.6690260161882846,3.663101882438783,,0.0059241337495015145,,,,19,0,0,continuous_intensity,from_file,90.0,,"1991-01-01,2010-12-31",60,2000,freedman_diaconis,10,80,30,"2011-01-01,2020-12-31",amp_phase,flag_only,0,20,100,200,5
2,29,0,0,426,,3.624698811592945,3.5865577028192988,,0.03814110877364607,,,,17,0,0,continuous_intensity,from_file,90.0,,"1991-01-01,2010-12-31",60,2000,freedman_diaconis,10,80,30,"2011-01-01,2020-12-31",amp_phase,flag_only,0,20,100,200,5
2,30,0,0,426,,3.6154068233835592,3.5924384209857085,,0.022968402397850696,,,,18,0,0,continuous_intensity,from_file,90.0,,"1991-01-01,2010-12-31",60,2000,freedman_diaconis,10,80,30,"2011-01-01,2020-12-31",amp_phase,flag_only,0,20,100,200,5
3,0,0,0,482,,3.6621821054229136,3.605100104806074,,0.05708200061683977,,,,19,0,0,continuous_intensity,from_file,90.0,,"1991-01-01,2010-12-31",60,2000,freedman_diaconis,10,80,30,"2011-01-01,2020-12-31",amp_phase,flag_only,0,20,100,200,5
3,1,0,0,482,,3.8018669451045906,3.7362523296145738,,0.06561461549001679,,,,21,0,0,continuous_intensity,from_file,90.0,,"1991-01-01,2010-12-31",60,2000,freedman_diaconis,10,80,30,"2011-01-01,2020-12-31",amp_phase,flag_only,0,20,100,200,5
3,2,0,0,482,,3.778431757851326,3.719178565489737,,0.05925319236158888,,,,21,0,0,continuous_intensity,from_file,90.0,,"1991-01-01,2010-12-31",60,2000,freedman_diaconis,10,80,30,"2011-01-01,2020-12-31",amp_phase,flag_only,0,20,100,200,5
3,3,0,0,482,,3.750892854943551,3.6772125009940986,,0.07368035394945238,,,,20,0,1,continuous_intensity,from_file,90.0,,"1991-01-01,2010-12-31",60,2000,freedman_diaconis,10,80,30,"2011-01-01,2020-12-31",amp_phase,flag_only,0,20,100,200,5
3,4,0,0,482,,3.735873159441858,3.668395393589168,,0.06747776585268994,,,,19,0,0,continuous_intensity,from_file,90.0,,"1991-01-01,2010-12-31",60,2000,freedman_diaconis,10,80,30,"2011-01-01,2020-12-31",amp_phase,flag_only,0,20,100,200,5
3,5,0,0,482,,3.791286896278644,3.759009806933271,,0.03227708934537299,,,,20,0,0,continuous_intensity,from_file,90.0,,"1991-01-01,2010-12-31",60,2000,freedman_diaconis,10,80,30,"2011-01-01,2020-12-31",amp_phase,flag_only,0,20,100,200,5
3,6,0,0,482,,3.709866188995384,3.734906338630213,,-0.0250401496348287,,,,20,0,0,continuous_intensity,from_file,90.0,,"1991-01-01,2010-12-31",60,2000,freedman_diaconis,10,80,30,"2011-01-01,2020-12-31",amp_phase,flag_only,0,20,100,200,5
3,7,0,0,482,,3.701039939285976,3.770999749090768,,-0.069959809804792,,,,22,0,0,continuous_intensity,from_file,90.0,,"1991-01-01,2010-12-31",60,2000,freedman_diaconis,10,80,30,"2011-01-01,2020-12-31",amp_phase,flag_only,0,20,100,200,5
3,8,0,0,482,,3.7133926403125836,3.7705507552614144,,-0.05715811494883072,,,,23,0,0,continuous_intensity,from_file,90.0,,"1991-01-01,2010-12-31",60,2000,freedman_diaconis,10,80,30,"2011-01-01,2020-12-31",amp_phase,flag_only,0,20,100,200,5
3,9,0,0,482,,3.701375685001846,3.673112632527697,,0.028263052474148953,,,,22,0,0,continuous_intensity,from_file,90.0,,"1991-01-01,2010-12-31",60,2000,freedman_diaconis,10,80,30,"2011-01-01,2020-12-31",amp_phase,flag_only,0,20,100,200,5
3,10,0,0,482,,3.654788903235101,3.625474790330423,,0.02931411290467789,,,,21,0,0,continuous_intensity,from_file,90.0,,"1991-01-01,2010-12-31",60,2000,freedman_diaconis,10,80,30,"2011-01-01,2020-12-31",amp_phase,flag_only,0,20,100,200,5
3,11,0,0,481,,3.7908188822625584,3.804913094400565,,-0.014094212138006768,,,,22,0,0,continuous_intensity,from_file,90.0,,"1991-01-01,2010-12-31",60,2000,freedman_diaconis,10,80,30,"2011-01-01,2020-12-31",amp_phase,flag_only,0,20,100,200,5
3,12,0,0,480,,3.7389627512358885,3.7369046980059757,,0.002058053229912815,,,,20,0,0,continuous_intensity,from_file,90.0,,"1991-01-01,2010-12-31",60,2000,freedman_diaconis,10,80,30,"2011-01-01,2020-12-31",amp_phase,flag_only,0,20,100,200,5
3,13,0,0,479,,3.7805309977209127,3.7241448080333117,,0.05638618968760101,,,,20,0,0,continuous_intensity,from_file,90.0,,"1991-01-01,2010-12-31",60,2000,freedman_diaconis,10,80,30,"2011-01-01,2020-12-31",amp_phase,flag_only,0,20,100,200,5
3,14,0,0,478,,3.8114180135587814,3.757300422049493,,0.05411759150928841,,,,21,0,0,continuous_intensity,from_file,90.0,,"1991-01-01,2010-12-31",60,2000,freedman_diaconis,10,80,30,"2011-01-01,2020-12-31",amp_phase,flag_only,0,20,100,200,5
3,15,0,0,477,,3.809909297073685,3.7846556525841684,,0.025253644489516613,,,,22,0,0,continuous_intensity,from_file,90.0,,"1991-01-01,2010-12-31",60,2000,freedman_diaconis,10,80,30,"2011-01-01,2020-12-31",amp_phase,flag_only,0,20,100,200,5
3,16,0,0,476,,3.7743259121457386,3.7454554168201666,,0.028870495325572065,,,,22,0,0,continuous_intensity,from_file,90.0,,"1991-01-01,2010-12-31",60,2000,freedman_diaconis,10,80,30,"2011-01-01,2020-12-31",amp_phase,flag_only,0,20,100,200,5
3,17,0,0,475,,3.6947620364330693,3.6398161119344765,,0.05494592449859281,,,,20,0,0,continuous_intensity,from_file,90.0,,"1991-01-01,2010-12-31",60,2000,freedman_diaconis,10,80,30,"2011-01-01,2020-12-31",amp_phase,flag_only,0,20,100,200,5
3,18,0,0,474,,3.68230962479198,3.619134597854237,,0.0631750269377429,,,,18,0,0,continuous_intensity,from_file,90.0,,"1991-01-01,2010-12-31",60,2000,freedman_diaconis,10,80,30,"2011-01-01,2020-12-31",amp_phase,flag_only,0,20,100,200,5
3,19,0,0,473,,3.6918014521297193,3.640242841867535,,0.051558610262184335,,,,18,0,0,continuous_intensity,from_file,90.0,,"1991-01-01,2010-12-31",60,2000,freedman_diaconis,10,80,30,"2011-01-01,2020-12-31",amp_phase,flag_only,0,20,100,200,5
3,20,0,0,472,,3.6564780539629687,3.5881172098122,,0.0683608441507686,,,,17,0,0,continuous_intensity,from_file,90.0,,"1991-01-01,2010-12-31",60,2000,freedman_diaconis,10,80,30,"2011-01-01,2020-12-31",amp_phase,flag_only,0,20,100,200,5
3,21,0,0,471,,3.721279019502484,3.71594590381579,,0.005333115686694256,,,,20,0,0,continuous_intensity,from_file,90.0,,"1991-01-01,2010-12-31",60,2000,freedman_diaconis,10,80,30,"2011-01-01,2020-12-31",amp_phase,flag_only,0,20,100,200,5
3,22,0,0,471,,3.7556936463941555,3.7707316439715797,,-0.01503799757742419,,,,22,0,0,continuous_intensity,from_file,90.0,,"1991-01-01,2010-12-31",60,2000,freedman_diaconis,10,80,30,"2011-01-01,2020-12-31",amp_phase,flag_only,0,20,100,200,5
3,23,0,0,471,,3.754253745342055,3.7560229395990907,,-0.0017691942570357,,,,22,0,0,continuous_intensity,from_file,90.0,,"1991-01-01,2010-12-31",60,2000,freedman_diaconis,10,80,30,"2011-01-01,2020-12-31",amp_phase,flag_only,0,20,100,200,5
3,24,0,0,471,,3.641139244977831,3.6128810253700734,,0.02825821960775743,,,,20,0,0,continuous_intensity,from_file,90.0,,"1991-01-01,2010-12-31",60,2000,freedman_diaconis,10,80,30,"2011-01-01,2020-12-31",amp_phase,flag_only,0,20,100,200,5
3,25,0,0,470,,3.745056610466656,3.6887151715257893,,0.05634143894086652,,,,20,0,0,continuous_intensity,from_file,90.0,,"1991-01-01,2010-12-31",60,2000,freedman_diaconis,10,80,30,"2011-01-01,2020-12-31",amp_phase,flag_only,0,20,100,200,5
3,26,0,0,469,,3.8583739157114962,3.81293913616752,,0.045434779543976234,,,,22,0,0,continuous_intensity,from_file,90.0,,"1991-01-01,2010-12-31",60,2000,freedman_diaconis,10,80,30,"2011-01-01,2020-12-31",amp_phase,flag_only,0,20,100,200,5
3,27,0,0,468,,3.7679850897528353,3.755245229804446,,0.01273985994838922,,,,20,0,0,continuous_intensity,from_file,90.0,,"1991-01-01,2010-12-31",60,2000,freedman_diaconis,10,80,30,"2011-01-01,2020-12-31",amp_phase,flag_only,0,20,100,200,5
3,28,0,0,467,,3.8474786827892875,3.8579318674114607,,-0.01045318462217315,,,,23,0,0,continuous_intensity,from_file,90.0,,"1991-01-01,2010-12-31",60,2000,freedman_diaconis,10,80,30,"2011-01-01,2020-12-31",amp_phase,flag_only,0,20,100,200,5
3,29,0,0,467,,3.838597394397447,3.8709883728955217,,-0.032390978498074485,,,,25,0,0,continuous_intensity,from_file,90.0,,"1991-01-01,2010-12-31",60,2000,freedman_diaconis,10,80,30,"2011-01-01,2020-12-31",amp_phase,flag_only,0,20,100,200,5
3,30,0,0,467,,3.938174554948069,3.9580064163806896,,-0.019831861432620723,,,,26,0,0,continuous_intensity,from_file,90.0,,"1991-01-01,2010-12-31",60,2000,freedman_diaconis,10,80,30,"2011-01-01,2020-12-31",amp_phase,flag_only,0,20,100,200,5
4,0,0,0,520,,3.7056847579200256,3.6465188065306795,,0.059165951389346105,,,,18,0,0,continuous_intensity,from_file,90.0,,"1991-01-01,2010-12-31",60,2000,freedman_diaconis,10,80,30,"2011-01-01,2020-12-31",amp_phase,flag_only,0,20,100,200,5
4,1,0,0,520,,3.6883307566365784,3.668409199423755,,0.019921557212823515,,,,18,0,0,continuous_intensity,from_file,90.0,,"1991-01-01,2010-12-31",60,2000,freedman_diaconis,10,80,30,"2011-01-01,2020-12-31",amp_phase,flag_only,0,20,100,200,5
4,2,0,0,520,,3.739145869684968,3.70909587658355,,0.030049993101417982,,,,18,0,0,continuous_intensity,from_file,90.0,,"1991-01-01,2010-12-31",60,2000,freedman_diaconis,10,80,30,"2011-01-01,2020-12-31",amp_phase,flag_only,0,20,100,200,5
4,3,0,0,520,,3.6470727129075953,3.625952590455255,,0.021120122452340073,,,,18,0,0,continuous_intensity,from_file,90.0,,"1991-01-01,2010-12-31",60,2000,freedman_diaconis,10,80,30,"2011-01-01,2020-12-31",amp_phase,flag_only,0,20,100,200,5
4,4,0,0,520,,3.60047821613523,3.5582903999108417,,0.042187816224388275,,,,19,0,0,continuous_intensity,from_file,90.0,,"1991-01-01,2010-12-31",60,2000,freedman_diaconis,10,80,30,"2011-01-01,2020-12-31",amp_phase,flag_only,0,20,100,200,5
4,5,0,0,520,,3.626681832952401,3.610016580446345,,0.016665252506055772,,,,19,0,0,continuous_intensity,from_file,90.0,,"1991-01-01,2010-12-31",60,2000,freedman_diaconis,10,80,30,"2011-01-01,2020-12-31",amp_phase,flag_only,0,20,100,200,5
4,6,0,0,520,,3.5493329422755178,3.4921965527917442,,0.05713638948377353,,,,15,0,0,continuous_intensity,from_file,90.0,,"1991-01-01,2010-12-31",60,2000,freedman_diaconis,10,80,30,"2011-01-01,2020-12-31",amp_phase,flag_only,0,20,100,200,5
4,7,0,0,520,,3.558149728953539,3.5072816879227924,,0.05086804103074671,,,,15,0,0,continuous_intensity,from_file,90.0,,"1991-01-01,2010-12-31",60,2000,freedman_diaconis,10,80,30,"2011-01-01,2020-12-31",amp_phase,flag_only,0,20,100,200,5
4,8,0,0,520,,3.726341264516602,3.652096578587598,,0.07424468592900402,,,,17,0,1,continuous_intensity,from_file,90.0,,"1991-01-01,2010-12-31",60,2000,freedman_diaconis,10,80,30,"2011-01-01,2020-12-31",amp_phase,flag_only,0,20,100,200,5
4,9,0,0,520,,3.7582229521637234,3.7088841882239536,,0.04933876393976977,,,,19,0,0,continuous_intensity,from_file,90.0,,"1991-01-01,2010-12-31",60,2000,freedman_diaconis,10,80,30,"2011-01-01,2020-12-31",amp_phase,flag_only,0,20,100,200,5
4,10,0,0,519,,3.766969716830316,3.7334299975558856,,0.033539719274430446,,,,20,0,0,continuous_intensity,from_file,90.0,,"1991-01-01,2010-12-31",60,2000,freedman_diaconis,10,80,30,"2011-01-01,2020-12-31",amp_phase,flag_only,0,20,100,200,5
4,11,0,0,519,,3.785285546973895,3.7816512404715823,,0.0036343065023127785,,,,21,0,0,continuous_intensity,from_file,90.0,,"1991-01-01,2010-12-31",60,2000,freedman_diaconis,10,80,30,"2011-01-01,2020-12-31",amp_phase,flag_only,0,20,100,200,5
4,12,0,0,519,,3.7426084080164714,3.733128929033935,,0.009479478982536538,,,,21,0,0,continuous_intensity,from_file,90.0,,"1991-01-01,2010-12-31",60,2000,freedman_diaconis,10,80,30,"2011-01-01,2020-12-31",amp_phase,flag_only,0,20,100,200,5
4,13,0,0,519,,3.6651396274673402,3.6615991877902707,,0.003540439677069518,,,,21,0,0,continuous_intensity,from_file,90.0,,"1991-01-01,2010-12-31",60,2000,freedman_diaconis,10,80,30,"2011-01-01,2020-12-31",amp_phase,flag_only,0,20,100,200,5
4,14,0,0,519,,3.703949144337792,3.699444632531175,,0.004504511806616929,,,,21,0,0,continuous_intensity,from_file,90.0,,"1991-01-01,2010-12-31",60,2000,freedman_diaconis,10,80,30,"2011-01-01,2020-12-31",amp_phase,flag_only,0,20,100,200,5
4,15,0,0,519,,3.7740134958732923,3.725092706133491,,0.04892078973980141,,,,21,0,0,continuous_intensity,from_file,90.0,,"1991-01-01,2010-12-31",60,2000,freedman_diaconis,10,80,30,"2011-01-01,2020-12-31",amp_phase,flag_only,0,20,100,200,5
4,16,0,0,519,,3.7439326092639864,3.703315908132451,,0.04061670113153548,,,,20,0,0,continuous_intensity,from_file,90.0,,"1991-01-01,2010-12-31",60,2000,freedman_diaconis,10,80,30,"2011-01-01,2020-12-31",amp_phase,flag_only,0,20,100,200,5
4,17,0,0,519,,3.708421606321055,3.668074100527676,,0.04034750579337931,,,,19,0,0,continuous_intensity,from_file,90.0,,"1991-01-01,2010-12-31",60,2000,freedman_diaconis,10,80,30,"2011-01-01,2020-12-31",amp_phase,flag_only,0,20,100,200,5
4,18,0,0,519,,3.7093750295285024,3.677007131572678,,0.03236789795582462,,,,19,0,0,continuous_intensity,from_file,90.0,,"1991-01-01,2010-12-31",60,2000,freedman_diaconis,10,80,30,"2011-01-01,2020-12-31",amp_phase,flag_only,0,20,100,200,5
4,19,0,0,519,,3.6979399611744044,3.6501375686970556,,0.04780239247734874,,,,19,0,0,continuous_intensity,from_file,90.0,,"1991-01-01,2010-12-31",60,2000,freedman_diaconis,10,80,30,"2011-01-01,2020-12-31",amp_phase,flag_only,0,20,100,200,5
4,20,0,0,519,,3.759919409017248,3.7679130306418953,,-0.00799362162464723,,,,22,0,0,continuous_intensity,from_file,90.0,,"1991-01-01,2010-12-31",60,2000,freedman_diaconis,10,80,30,"2011-01-01,2020-12-31",amp_phase,flag_only,0,20,100,200,5
4,21,0,0,519,,3.8021490934181656,3.8359968141133782,,-0.03384772069521258,,,,24,0,0,continuous_intensity,from_file,90.0,,"1991-01-01,2010-12-31",60,2000,freedman_diaconis,10,80,30,"2011-01-01,2020-12-31",amp_phase,flag_only,0,20,100,200,5
4,22,0,0,519,,3.823347480592308,3.852956133972253,,-0.029608653379945338,,,,23,0,0,continuous_intensity,from_file,90.0,,"1991-01-01,2010-12-31",60,2000,freedman_diaconis,10,80,30,"2011-01-01,2020-12-31",amp_phase,flag_only,0,20,100,200,5
4,23,0,0,519,,3.715402067737816,3.7172282645234627,,-0.001826196785646772,,,,20,0,0,continuous_intensity,from_file,90.0,,"1991-01-01,2010-12-31",60,2000,freedman_diaconis,10,80,30,"2011-01-01,2020-12-31",amp_phase,flag_only,0,20,100,200,5
4,24,0,0,519,,3.7314083422640074,3.74292237397656,,-0.011514031712552608,,,,21,0,0,continuous_intensity,from_file,90.0,,"1991-01-01,2010-12-31",60,2000,freedman_diaconis,10,80,30,"2011-01-01,2020-12-31",amp_phase,flag_only,0,20,100,200,5
4,25,0,0,519,,3.706033821827915,3.7139882787706373,,-0.007954456942722121,,,,21,0,0,continuous_intensity,from_file,90.0,,"1991-01-01,2010-12-31",60,2000,freedman_diaconis,10,80,30,"2011-01-01,2020-12-31",amp_phase,flag_only,0,20,100,200,5
4,26,0,0,519,,3.708545130032496,3.7221416220464567,,-0.013596492013960848,,,,21,0,0,continuous_intensity,from_file,90.0,,"1991-01-01,2010-12-31",60,2000,freedman_diaconis,10,80,30,"2011-01-01,2020-12-31",amp_phase,flag_only,0,20,100,200,5
4,27,0,0,519,,3.7659514374572804,3.7553715384944537,,0.01057989896282674,,,,21,0,0,continuous_intensity,from_file,90.0,,"1991-01-01,2010-12-31",60,2000,freedman_diaconis,10,80,30,"2011-01-01,2020-12-31",amp_phase,flag_only,0,20,100,200,5
4,28,0,0,519,,3.7753743366712436,3.74896650132251,,0.026407835348733588,,,,21,0,0,continuous_intensity,from_file,90.0,,"1991-01-01,2010-12-31",60,2000,freedman_diaconis,10,80,30,"2011-01-01,2020-12-31",amp_phase,flag_only,0,20,100,200,5
4,29,0,0,518,,3.81572557583966,3.8395183349274538,,-0.02379275908779377,,,,23,0,0,continuous_intensity,from_file,90.0,,"1991-01-01,2010-12-31",60,2000,freedman_diaconis,10,80,30,"2011-01-01,2020-12-31",amp_phase,flag_only,0,20,100,200,5
4,30,0,0,517,,3.747010234857965,3.744073101330128,,0.002937133527836977,,,,22,0,0,continuous_intensity,from_file,90.0,,"1991-01-01,2010-12-31",60,2000,freedman_diaconis,10,80,30,"2011-01-01,2020-12-31",amp_phase,flag_only,0,20,100,200,5
5,0,0,0,427,,3.6786687145183325,3.720636101824062,,-0.04196738730572935,,,,20,0,0,continuous_intensity,from_file,90.0,,"1991-01-01,2010-12-31",60,2000,freedman_diaconis,10,80,30,"2011-01-01,2020-12-31",amp_phase,flag_only,0,20,100,200,5
5,1,0,0,427,,3.7354876564899095,3.832844771936309,,-0.09735711544639924,,,,24,0,0,continuous_intensity,from_file,90.0,,"1991-01-01,2010-12-31",60,2000,freedman_diaconis,10,80,30,"2011-01-01,2020-12-31",amp_phase,flag_only,0,20,100,200,5
5,2,0,0,427,,3.7971541399067084,3.8722296341446456,,-0.07507549423793725,,,,26,0,0,continuous_intensity,from_file,90.0,,"1991-01-01,2010-12-31",60,2000,freedman_diaconis,10,80,30,"2011-01-01,2020-12-31",amp_phase,flag_only,0,20,100,200,5
5,3,0,0,427,,3.8243703238612463,3.8870123751877967,,-0.06264205132655043,,,,25,0,0,continuous_intensity,from_file,90.0,,"1991-01-01,2010-12-31",60,2000,freedman_diaconis,10,80,30,"2011-01-01,2020-12-31",amp_phase,flag_only,0,20,100,200,5
5,4,0,0,427,,3.7751965816434794,3.803176815865347,,-0.027980234221867573,,,,23,0,0,continuous_intensity,from_file,90.0,,"1991-01-01,2010-12-31",60,2000,freedman_diaconis,10,80,30,"2011-01-01,2020-12-31",amp_phase,flag_only,0,20,100,200,5
5,5,0,0,427,,3.6364702628969927,3.648311576128631,,-0.011841313231638395,,,,20,0,0,continuous_intensity,from_file,90.0,,"1991-01-01,2010-12-31",60,2000,freedman_diaconis,10,80,30,"2011-01-01,2020-12-31",amp_phase,flag_only,0,20,100,200,5
5,6,0,0,427,,3.7330362188990684,3.7389004005750284,,-0.005864181675959923,,,,21,0,0,continuous_intensity,from_file,90.0,,"1991-01-01,2010-12-31",60,2000,freedman_diaconis,10,80,30,"2011-01-01,2020-12-31",amp_phase,flag_only,0,20,100,200,5
5,7,0,0,427,,3.690587072048644,3.6605791542531767,,0.030007917795467076,,,,20,0,0,continuous_intensity,from_file,90.0,,"1991-01-01,2010-12-31",60,2000,freedman_diaconis,10,80,30,"2011-01-01,2020-12-31",amp_phase,flag_only,0,20,100,200,5
5,8,0,0,427,,3.6886376204450624,3.6573333988774026,,0.031304221567659773,,,,20,0,0,continuous_intensity,from_file,90.0,,"1991-01-01,2010-12-31",60,2000,freedman_diaconis,10,80,30,"2011-01-01,2020-12-31",amp_phase,flag_only,0,20,100,200,5
5,9,0,0,426,,3.672172405034982,3.6153936887857094,,0.056778716249272776,,,,18,0,0,continuous_intensity,from_file,90.0,,"1991-01-01,2010-12-31",60,2000,freedman_diaconis,10,80,30,"2011-01-01,2020-12-31",amp_phase,flag_only,0,20,100,200,5
5,10,0,0,426,,3.6668197253772536,3.6194670730246084,,0.0473526523526453,,,,19,0,0,continuous_intensity,from_file,90.0,,"1991-01-01,2010-12-31",60,2000,freedman_diaconis,10,80,30,"2011-01-01,2020-12-31",amp_phase,flag_only,0,20,100,200,5
5,11,0,0,426,,3.687272597761024,3.62782394229591,,0.05944865546511391,,,,20,0,0,continuous_intensity,from_file,90.0,,"1991-01-01,2010-12-31",60,2000,freedman_diaconis,10,80,30,"2011-01-01,2020-12-31",amp_phase,flag_only,0,20,100,200,5
5,12,0,0,426,,3.84456399565027,3.7992850942199663,,0.045278901430303886,,,,22,0,0,continuous_intensity,from_file,90.0,,"1991-01-01,2010-12-31",60,2000,freedman_diaconis,10,80,30,"2011-01-01,2020-12-31",amp_phase,flag_only,0,20,100,200,5
5,13,0,0,426,,3.770601114644869,3.69645231308111,,0.07414880156375858,,,,20,0,0,continuous_intensity,from_file,90.0,,"1991-01-01,2010-12-31",60,2000,freedman_diaconis,10,80,30,"2011-01-01,2020-12-31",amp_phase,flag_only,0,20,100,200,5
5,14,0,0,426,,3.70311965504114,3.67730003443734,,0.025819620603800164,,,,20,0,0,continuous_intensity,from_file,90.0,,"1991-01-01,2010-12-31",60,2000,freedman_diaconis,10,80,30,"2011-01-01,2020-12-31",amp_phase,flag_only,0,20,100,200,5
5,15,0,0,426,,3.6991111038721822,3.7577137666460505,,-0.058602662773868275,,,,22,0,0,continuous_intensity,from_file,90.0,,"1991-01-01,2010-12-31",60,2000,freedman_diaconis,10,80,30,"2011-01-01,2020-12-31",amp_phase,flag_only,0,20,100,200,5
5,16,0,0,426,,3.6503056391211812,3.784487406970499,,-0.1341817678493178,,,,24,0,0,continuous_intensity,from_file,90.0,,"1991-01-01,2010-12-31",60,2000,freedman_diaconis,10,80,30,"2011-01-01,2020-12-31",amp_phase,flag_only,0,20,100,200,5
5,17,0,0,426,,3.5663125341394952,3.639335905334048,,-0.07302337119455293,,,,21,0,0,continuous_intensity,from_file,90.0,,"1991-01-01,2010-12-31",60,2000,freedman_diaconis,10,80,30,"2011-01-01,2020-12-31",amp_phase,flag_only,0,20,100,200,5
5,18,0,0,426,,3.7089319644960574,3.739957432229099,,-0.03102546773304171,,,,22,0,0,continuous_intensity,from_file,90.0,,"1991-01-01,2010-12-31",60,2000,freedman_diaconis,10,80,30,"2011-01-01,2020-12-31",amp_phase,flag_only,0,20,100,200,5
5,19,0,0,426,,3.5773309054676083,3.529667115834752,,0.047663789632856446,,,,18,0,0,continuous_intensity,from_file,90.0,,"1991-01-01,2010-12-31",60,2000,freedman_diaconis,10,80,30,"2011-01-01,2020-12-31",amp_phase,flag_only,0,20,100,200,5
5,20,0,0,426,,3.557433493393275,3.5046976376435794,,0.05273585574969575,,,,17,0,0,continuous_intensity,from_file,90.0,,"1991-01-01,2010-12-31",60,2000,freedman_diaconis,10,80,30,"2011-01-01,2020-12-31",amp_phase,flag_only,0,20,100,200,5
5,21,0,0,426,,3.613361342644823,3.556816223724394,,0.056545118920428905,,,,17,0,0,continuous_intensity,from_file,90.0,,"1991-01-01,2010-12-31",60,2000,freedman_diaconis,10,80,30,"2011-01-01,2020-12-31",amp_phase,flag_only,0,20,100,200,5
5,22,0,0,426,,3.574878046451495,3.5153517686416262,,0.059526277809868855,,,,16,0,0,continuous_intensity,from_file,90.0,,"1991-01-01,2010-12-31",60,2000,freedman_diaconis,10,80,30,"2011-01-01,2020-12-31",amp_phase,flag_only,0,20,100,200,5
5,23,0,0,426,,3.6032920841806355,3.473250858144499,,0.13004122603613633,,,,16,0,0,continuous_intensity,from_file,90.0,,"1991-01-01,2010-12-31",60,2000,freedman_diaconis,10,80,30,"2011-01-01,2020-12-31",amp_phase,flag_only,0,20,100,200,5
5,24,0,0,426,,3.619826895747651,3.478360615509452,,0.14146628023819874,,,,16,0,1,continuous_intensity,from_file,90.0,,"1991-01-01,2010-12-31",60,2000,freedman_diaconis,10,80,30,"2011-01-01,2020-12-31",amp_phase,flag_only,0,20,100,200,5
5,25,0,0,426,,3.5449535767215434,3.406778762541385,,0.13817481418015864,,,,15,0,0,continuous_intensity,from_file,90.0,,"1991-01-01,2010-12-31",60,2000,freedman_diaconis,10,80,30,"2011-01-01,2020-12-31",amp_phase,flag_only,0,20,100,200,5
5,26,0,0,426,,3.5201776085544005,3.416594810494535,,0.10358279805986559,,,,15,0,0,continuous_intensity,from_file,90.0,,"1991-01-01,2010-12-31",60,2000,freedman_diaconis,10,80,30,"2011-01-01,2020-12-31",amp_phase,flag_only,0,20,100,200,5
5,27,0,0,426,,3.5245243657294916,3.429094131507972,,0.09543023422151942,,,,15,0,0,continuous_intensity,from_file,90.0,,"1991-01-01,2010-12-31",60,2000,freedman_diaconis,10,80,30,"2011-01-01,2020-12-31",amp_phase,flag_only,0,20,100,200,5
5,28,0,0,426,,3.6497566452406756,3.570115087013469,,0.07964155822720675,,,,16,0,0,continuous_intensity,from_file,90.0,,"1991-01-01,2010-12-31",60,2000,freedman_diaconis,10,80,30,"2011-01-01,2020-12-31",amp_phase,flag_only,0,20,100,200,5
5,29,0,0,426,,3.7028274004264126,3.6364716552439713,,0.06635574518244125,,,,17,0,0,continuous_intensity,from_file,90.0,,"1991-01-01,2010-12-31",60,2000,freedman_diaconis,10,80,30,"2011-01-01,2020-12-31",amp_phase,flag_only,0,20,100,200,5
5,30,0,0,426,,3.6914075444405836,3.654879345609389,,0.036528198831194736,,,,18,0,0,continuous_intensity,from_file,90.0,,"1991-01-01,2010-12-31",60,2000,freedman_diaconis,10,80,30,"2011-01-01,2020-12-31",amp_phase,flag_only,0,20,100,200,5
6,0,0,0,413,,3.5966539244262234,3.5869353464702276,,0.009718577955995844,,,,19,0,0,continuous_intensity,from_file,90.0,,"1991-01-01,2010-12-31",60,2000,freedman_diaconis,10,80,30,"2011-01-01,2020-12-31",amp_phase,flag_only,0,20,100,200,5
6,1,0,0,413,,3.7175942399325246,3.7225360009261057,,-0.0049417609935811235,,,,21,0,0,continuous_intensity,from_file,90.0,,"1991-01-01,2010-12-31",60,2000,freedman_diaconis,10,80,30,"2011-01-01,2020-12-31",amp_phase,flag_only,0,20,100,200,5
6,2,0,0,413,,3.672377857134875,3.6603857820052617,,0.011992075129613422,,,,20,0,0,continuous_intensity,from_file,90.0,,"1991-01-01,2010-12-31",60,2000,freedman_diaconis,10,80,30,"2011-01-01,2020-12-31",amp_phase,flag_only,0,20,100,200,5
6,3,0,0,413,,3.766047936524282,3.758391340961598,,0.007656595562683943,,,,21,0,0,continuous_intensity,from_file,90.0,,"1991-01-01,2010-12-31",60,2000,freedman_diaconis,10,80,30,"2011-01-01,2020-12-31",amp_phase,flag_only,0,20,100,200,5
6,4,0,0,413,,3.6718538047100653,3.6875092973091377,,-0.015655492599072396,,,,20,0,0,continuous_intensity,from_file,90.0,,"1991-01-01,2010-12-31",60,2000,freedman_diaconis,10,80,30,"2011-01-01,2020-12-31",amp_phase,flag_only,0,20,100,200,5
6,5,0,0,412,,3.586572224192474,3.5837373481711374,,0.0028348760213363633,,,,18,0,0,continuous_intensity,from_file,90.0,,"1991-01-01,2010-12-31",60,2000,freedman_diaconis,10,80,30,"2011-01-01,2020-12-31",amp_phase,flag_only,0,20,100,200,5
6,6,0,0,411,,3.5861922221872296,3.5338401933344965,,0.052352028852733046,,,,17,0,0,continuous_intensity,from_file,90.0,,"1991-01-01,2010-12-31",60,2000,freedman_diaconis,10,80,30,"2011-01-01,2020-12-31",amp_phase,flag_only,0,20,100,200,5
6,7,0,0,410,,3.5550092677313128,3.500759796595297,,0.05424947113601597,,,,16,0,0,continuous_intensity,from_file,90.0,,"1991-01-01,2010-12-31",60,2000,freedman_diaconis,10,80,30,"2011-01-01,2020-12-31",amp_phase,flag_only,0,20,100,200,5
6,8,0,0,409,,3.418771538002814,3.3102690579302143,,0.10850248007259955,,,,14,0,0,continuous_intensity,from_file,90.0,,"1991-01-01,2010-12-31",60,2000,freedman_diaconis,10,80,30,"2011-01-01,2020-12-31",amp_phase,flag_only,0,20,100,200,5
6,9,0,0,409,,3.488282507002677,3.3754207706600114,,0.11286173634266561,,,,15,0,1,continuous_intensity,from_file,90.0,,"1991-01-01,2010-12-31",60,2000,freedman_diaconis,10,80,30,"2011-01-01,2020-12-31",amp_phase,flag_only,0,20,100,200,5
6,10,0,0,409,,3.54696893901209,3.455034216488678,,0.09193472252341195,,,,16,0,0,continuous_intensity,from_file,90.0,,"1991-01-01,2010-12-31",60,2000,freedman_diaconis,10,80,30,"2011-01-01,2020-12-31",amp_phase,flag_only,0,20,100,200,5
6,11,0,0,409,,3.5142813619177344,3.4599654823158046,,0.05431587960192985,,,,16,0,0,continuous_intensity,from_file,90.0,,"1991-01-01,2010-12-31",60,2000,freedman_diaconis,10,80,30,"2011-01-01,2020-12-31",amp_phase,flag_only,0,20,100,200,5
6,12,0,0,409,,3.5382953480813253,3.501945355010795,,0.03634999307053022,,,,17,0,0,continuous_intensity,from_file,90.0,,"1991-01-01,2010-12-31",60,2000,freedman_diaconis,10,80,30,"2011-01-01,2020-12-31",amp_phase,flag_only,0,20,100,200,5
6,13,0,0,409,,3.5964390603185015,3.539341666399528,,0.057097393918973616,,,,17,0,0,continuous_intensity,from_file,90.0,,"1991-01-01,2010-12-31",60,2000,freedman_diaconis,10,80,30,"2011-01-01,2020-12-31",amp_phase,flag_only,0,20,100,200,5
6,14,0,0,409,,3.554330659254576,3.4844712063368117,,0.0698594529177643,,,,15,0,0,continuous_intensity,from_file,90.0,,"1991-01-01,2010-12-31",60,2000,freedman_diaconis,10,80,30,"2011-01-01,2020-12-31",amp_phase,flag_only,0,20,100,200,5
6,15,0,0,409,,3.573087859992671,3.5288345697599195,,0.044253290232751485,,,,16,0,0,continuous_intensity,from_file,90.0,,"1991-01-01,2010-12-31",60,2000,freedman_diaconis,10,80,30,"2011-01-01,2020-12-31",amp_phase,flag_only,0,20,100,200,5
6,16,0,0,409,,3.623907141587979,3.579996587583859,,0.04391055400412025,,,,17,0,0,continuous_intensity,from_file,90.0,,"1991-01-01,2010-12-31",60,2000,freedman_diaconis,10,80,30,"2011-01-01,2020-12-31",amp_phase,flag_only,0,20,100,200,5
6,17,0,0,409,,3.658564875368962,3.597332496634947,,0.06123237873401477,,,,17,0,0,continuous_intensity,from_file,90.0,,"1991-01-01,2010-12-31",60,2000,freedman_diaconis,10,80,30,"2011-01-01,2020-12-31",amp_phase,flag_only,0,20,100,200,5
6,18,0,0,409,,3.7026778135947045,3.6719413583812273,,0.030736455213477232,,,,19,0,0,continuous_intensity,from_file,90.0,,"1991-01-01,2010-12-31",60,2000,freedman_diaconis,10,80,30,"2011-01-01,2020-12-31",amp_phase,flag_only,0,20,100,200,5
6,19,0,0,409,,3.665606844336753,3.6263493138024545,,0.03925753053429837,,,,18,0,0,continuous_intensity,from_file,90.0,,"1991-01-01,2010-12-31",60,2000,freedman_diaconis,10,80,30,"2011-01-01,2020-12-31",amp_phase,flag_only,0,20,100,200,5
6,20,0,0,409,,3.666725254412064,3.6077056913052803,,0.05901956310678358,,,,18,0,0,continuous_intensity,from_file,90.0,,"1991-01-01,2010-12-31",60,2000,freedman_diaconis,10,80,30,"2011-01-01,2020-12-31",amp_phase,flag_only,0,20,100,200,5
6,21,0,0,409,,3.6954877648565194,3.623648698660854,,0.0718390661956656,,,,18,0,0,continuous_intensity,from_file,90.0,,"1991-01-01,2010-12-31",60,2000,freedman_diaconis,10,80,30,"2011-01-01,2020-12-31",amp_phase,flag_only,0,20,100,200,5
6,22,0,0,409,,3.6448881281327155,3.5991108751402625,,0.045777252992452944,,,,18,0,0,continuous_intensity,from_file,90.0,,"1991-01-01,2010-12-31",60,2000,freedman_diaconis,10,80,30,"2011-01-01,2020-12-31",amp_phase,flag_only,0,20,100,200,5
6,23,0,0,409,,3.6049347461674466,3.582461100343705,,0.022473645823741784,,,,17,0,0,continuous_intensity,from_file,90.0,,"1991-01-01,2010-12-31",60,2000,freedman_diaconis,10,80,30,"2011-01-01,2020-12-31",amp_phase,flag_only,0,20,100,200,5
6,24,0,0,409,,3.7000591675931114,3.7634103666032104,,-0.063351199010099,,,,22,0,0,continuous_intensity,from_file,90.0,,"1991-01-01,2010-12-31",60,2000,freedman_diaconis,10,80,30,"2011-01-01,2020-12-31",amp_phase,flag_only,0,20,100,200,5
6,25,0,0,409,,3.6617662698552946,3.6772945548657945,,-0.015528285010499854,,,,20,0,0,continuous_intensity,from_file,90.0,,"1991-01-01,2010-12-31",60,2000,freedman_diaconis,10,80,30,"2011-01-01,2020-12-31",amp_phase,flag_only,0,20,100,200,5
6,26,0,0,409,,3.600210295331806,3.5851681246328018,,0.015042170699004043,,,,18,0,0,continuous_intensity,from_file,90.0,,"1991-01-01,2010-12-31",60,2000,freedman_diaconis,10,80,30,"2011-01-01,2020-12-31",amp_phase,flag_only,0,20,100,200,5
6,27,0,0,409,,3.6066508567605227,3.5972954221021034,,0.00935543465841926,,,,19,0,0,continuous_intensity,from_file,90.0,,"1991-01-01,2010-12-31",60,2000,freedman_diaconis,10,80,30,"2011-01-01,2020-12-31",amp_phase,flag_only,0,20,100,200,5
6,28,0,0,409,,3.538313025561418,3.4914823715339347,,0.04683065402748321,,,,17,0,0,continuous_intensity,from_file,90.0,,"1991-01-01,2010-12-31",60,2000,freedman_diaconis,10,80,30,"2011-01-01,2020-12-31",amp_phase,flag_only,0,20,100,200,5
6,29,0,0,409,,3.6330645204381646,3.5744231057860754,,0.058641414652089274,,,,17,0,0,continuous_intensity,from_file,90.0,,"1991-01-01,2010-12-31",60,2000,freedman_diaconis,10,80,30,"2011-01-01,2020-12-31",amp_phase,flag_only,0,20,100,200,5
6,30,0,0,409,,3.5643277197808443,3.5275757821317413,,0.036751937649103006,,,,17,0,0,continuous_intensity,from_file,90.0,,"1991-01-01,2010-12-31",60,2000,freedman_diaconis,10,80,30,"2011-01-01,2020-12-31",amp_phase,flag_only,0,20,100,200,5
7,0,0,0,395,,3.789865638340675,3.820613555816379,,-0.030747917475704156,,,,24,0,0,continuous_intensity,from_file,90.0,,"1991-01-01,2010-12-31",60,2000,freedman_diaconis,10,80,30,"2011-01-01,2020-12-31",amp_phase,flag_only,0,20,100,200,5
7,1,0,0,395,,3.89007173693365,3.910130207859106,,-0.020058470925456096,,,,25,0,0,continuous_intensity,from_file,90.0,,"1991-01-01,2010-12-31",60,2000,freedman_diaconis,10,80,30,"2011-01-01,2020-12-31",amp_phase,flag_only,0,20,100,200,5
7,2,0,0,395,,3.727245585308176,3.730676905272689,,-0.0034313199645130688,,,,22,0,0,continuous_intensity,from_file,90.0,,"1991-01-01,2010-12-31",60,2000,freedman_diaconis,10,80,30,"2011-01-01,2020-12-31",amp_phase,flag_only,0,20,100,200,5
7,3,0,0,395,,3.67405917855124,3.69937721985372,,-0.02531804130247961,,,,21,0,0,continuous_intensity,from_file,90.0,,"1991-01-01,2010-12-31",60,2000,freedman_diaconis,10,80,30,"2011-01-01,2020-12-31",amp_phase,flag_only,0,20,100,200,5
7,4,0,0,394,,3.6621525291624213,3.648745144739519,,0.013407384422902346,,,,18,0,0,continuous_intensity,from_file,90.0,,"1991-01-01,2010-12-31",60,2000,freedman_diaconis,10,80,30,"2011-01-01,2020-12-31",amp_phase,flag_only,0,20,100,200,5
7,5,0,0,394,,3.608580900512254,3.5465624945761487,,0.0620184059361053,,,,17,0,0,continuous_intensity,from_file,90.0,,"1991-01-01,2010-12-31",60,2000,freedman_diaconis,10,80,30,"2011-01-01,2020-12-31",amp_phase,flag_only,0,20,100,200,5
7,6,0,0,394,,3.530750991472101,3.47008159807234,,0.060669393399761073,,,,16,0,0,continuous_intensity,from_file,90.0,,"1991-01-01,2010-12-31",60,2000,freedman_diaconis,10,80,30,"2011-01-01,2020-12-31",amp_phase,flag_only,0,20,100,200,5
7,7,0,0,394,,3.5864318076608566,3.643675910637109,,-0.057244102976252265,,,,21,0,0,continuous_intensity,from_file,90.0,,"1991-01-01,2010-12-31",60,2000,freedman_diaconis,10,80,30,"2011-01-01,2020-12-31",amp_phase,flag_only,0,20,100,200,5
7,8,0,0,394,,3.737546090785821,3.7975995844125654,,-0.06005349362674428,,,,23,0,0,continuous_intensity,from_file,90.0,,"1991-01-01,2010-12-31",60,2000,freedman_diaconis,10,80,30,"2011-01-01,2020-12-31",amp_phase,flag_only,0,20,100,200,5
7,9,0,0,394,,3.7097704349213654,3.7906023543108884,,-0.08083191938952305,,,,24,0,0,continuous_intensity,from_file,90.0,,"1991-01-01,2010-12-31",60,2000,freedman_diaconis,10,80,30,"2011-01-01,2020-12-31",amp_phase,flag_only,0,20,100,200,5
7,10,0,0,394,,3.743998948404543,3.82198924099599,,-0.0779902925914473,,,,25,0,0,continuous_intensity,from_file,90.0,,"1991-01-01,2010-12-31",60,2000,freedman_diaconis,10,80,30,"2011-01-01,2020-12-31",amp_phase,flag_only,0,20,100,200,5
7,11,0,0,394,,3.7068319839355457,3.743081692490958,,-0.03624970855541232,,,,22,0,0,continuous_intensity,from_file,90.0,,"1991-01-01,2010-12-31",60,2000,freedman_diaconis,10,80,30,"2011-01-01,2020-12-31",amp_phase,flag_only,0,20,100,200,5
7,12,0,0,394,,3.575268848880937,3.5995295632738133,,-0.02426071439287636,,,,20,0,0,continuous_intensity,from_file,90.0,,"1991-01-01,2010-12-31",60,2000,freedman_diaconis,10,80,30,"2011-01-01,2020-12-31",amp_phase,flag_only,0,20,100,200,5
7,13,0,0,394,,3.489084116334582,3.4941732736211533,,-0.005089157286571222,,,,18,0,0,continuous_intensity,from_file,90.0,,"1991-01-01,2010-12-31",60,2000,freedman_diaconis,10,80,30,"2011-01-01,2020-12-31",amp_phase,flag_only,0,20,100,200,5
7,14,0,0,394,,3.538254734800753,3.535996733565708,,0.0022580012350448264,,,,18,0,0,continuous_intensity,from_file,90.0,,"1991-01-01,2010-12-31",60,2000,freedman_diaconis,10,80,30,"2011-01-01,2020-12-31",amp_phase,flag_only,0,20,100,200,5
7,15,0,0,394,,3.643930390593676,3.5656498087475414,,0.07828058184613473,,,,17,0,0,continuous_intensity,from_file,90.0,,"1991-01-01,2010-12-31",60,2000,freedman_diaconis,10,80,30,"2011-01-01,2020-12-31",amp_phase,flag_only,0,20,100,200,5
7,16,0,0,394,,3.546489071945398,3.4336580739222358,,0.1128309980231621,,,,17,0,1,continuous_intensity,from_file,90.0,,"1991-01-01,2010-12-31",60,2000,freedman_diaconis,10,80,30,"2011-01-01,2020-12-31",amp_phase,flag_only,0,20,100,200,5
7,17,0,0,394,,3.504454262310647,3.452695709415674,,0.05175855289497289,,,,18,0,0,continuous_intensity,from_file,90.0,,"1991-01-01,2010-12-31",60,2000,freedman_diaconis,10,80,30,"2011-01-01,2020-12-31",amp_phase,flag_only,0,20,100,200,5
7,18,0,0,394,,3.380000875803709,3.3048374379323744,,0.07516343787133462,,,,16,0,0,continuous_intensity,from_file,90.0,,"1991-01-01,2010-12-31",60,2000,freedman_diaconis,10,80,30,"2011-01-01,2020-12-31",amp_phase,flag_only,0,20,100,200,5
7,19,0,0,394,,3.292206725663089,3.2316561051581103,,0.060550620504978614,,,,13,0,0,continuous_intensity,from_file,90.0,,"1991-01-01,2010-12-31",60,2000,freedman_diaconis,10,80,30,"2011-01-01,2020-12-31",amp_phase,flag_only,0,20,100,200,5
7,20,0,0,394,,3.5027649980510684,3.468941256577181,,0.03382374147388756,,,,16,0,0,continuous_intensity,from_file,90.0,,"1991-01-01,2010-12-31",60,2000,freedman_diaconis,10,80,30,"2011-01-01,2020-12-31",amp_phase,flag_only,0,20,100,200,5
7,21,0,0,394,,3.4849654442490956,3.485027843115261,,-6.239886616521417e-05,,,,17,0,0,continuous_intensity,from_file,90.0,,"1991-01-01,2010-12-31",60,2000,freedman_diaconis,10,80,30,"2011-01-01,2020-12-31",amp_phase,flag_only,0,20,100,200,5
7,22,0,0,394,,3.5179363419462657,3.4731528787607218,,0.04478346318554394,,,,16,0,0,continuous_intensity,from_file,90.0,,"1991-01-01,2010-12-31",60,2000,freedman_diaconis,10,80,30,"2011-01-01,2020-12-31",amp_phase,flag_only,0,20,100,200,5
7,23,0,0,394,,3.477570019143759,3.4188782661949464,,0.05869175294881268,,,,15,0,0,continuous_intensity,from_file,90.0,,"1991-01-01,2010-12-31",60,2000,freedman_diaconis,10,80,30,"2011-01-01,2020-12-31",amp_phase,flag_only,0,20,100,200,5
7,24,0,0,394,,3.511932664759816,3.4374269593509315,,0.07450570540888446,,,,16,0,0,continuous_intensity,from_file,90.0,,"1991-01-01,2010-12-31",60,2000,freedman_diaconis,10,80,30,"2011-01-01,2020-12-31",amp_phase,flag_only,0,20,100,200,5
7,25,0,0,394,,3.5532255957881533,3.5239868380310706,,0.029238757757082734,,,,17,0,0,continuous_intensity,from_file,90.0,,"1991-01-01,2010-12-31",60,2000,freedman_diaconis,10,80,30,"2011-01-01,2020-12-31",amp_phase,flag_only,0,20,100,200,5
7,26,0,0,394,,3.662361311442806,3.640774819663211,,0.02158649177959493,,,,19,0,0,continuous_intensity,from_file,90.0,,"1991-01-01,2010-12-31",60,2000,freedman_diaconis,10,80,30,"2011-01-01,2020-12-31",amp_phase,flag_only,0,20,100,200,5
7,27,0,0,394,,3.755279855365954,3.7266059308022017,,0.028673924563752173,,,,20,0,0,continuous_intensity,from_file,90.0,,"1991-01-01,2010-12-31",60,2000,freedman_diaconis,10,80,30,"2011-01-01,2020-12-31",amp_phase,flag_only,0,20,100,200,5
7,28,0,0,394,,3.5501288714495383,3.4668576296966926,,0.08327124175284562,,,,16,0,0,continuous_intensity,from_file,90.0,,"1991-01-01,2010-12-31",60,2000,freedman_diaconis,10,80,30,"2011-01-01,2020-12-31",amp_phase,flag_only,0,20,100,200,5
7,29,0,0,394,,3.7330360888473315,3.7496524835914626,,-0.016616394744131124,,,,22,0,0,continuous_intensity,from_file,90.0,,"1991-01-01,2010-12-31",60,2000,freedman_diaconis,10,80,30,"2011-01-01,2020-12-31",amp_phase,flag_only,0,20,100,200,5
7,30,0,0,394,,3.8618849365174945,3.9026507109622335,,-0.040765774444738945,,,,25,0,0,continuous_intensity,from_file,90.0,,"1991-01-01,2010-12-31",60,2000,freedman_diaconis,10,80,30,"2011-01-01,2020-12-31",amp_phase,flag_only,0,20,100,200,5
8,0,0,0,499,,3.751639718460379,3.7843613505388545,,-0.03272163207847534,,,,22,0,0,continuous_intensity,from_file,90.0,,"1991-01-01,2010-12-31",60,2000,freedman_diaconis,10,80,30,"2011-01-01,2020-12-31",amp_phase,flag_only,0,20,100,200,5
8,1,0,0,499,,3.778439287590252,3.8143668310292176,,-0.035927543438965426,,,,23,0,0,continuous_intensity,from_file,90.0,,"1991-01-01,2010-12-31",60,2000,freedman_diaconis,10,80,30,"2011-01-01,2020-12-31",amp_phase,flag_only,0,20,100,200,5
8,2,0,0,499,,3.7912182047063103,3.8456384282533103,,-0.054420223546999935,,,,24,0,0,continuous_intensity,from_file,90.0,,"1991-01-01,2010-12-31",60,2000,freedman_diaconis,10,80,30,"2011-01-01,2020-12-31",amp_phase,flag_only,0,20,100,200,5
8,3,0,0,498,,3.7209962731447117,3.7048674435952544,,0.01612882954945727,,,,20,0,0,continuous_intensity,from_file,90.0,,"1991-01-01,2010-12-31",60,2000,freedman_diaconis,10,80,30,"2011-01-01,2020-12-31",amp_phase,flag_only,0,20,100,200,5
8,4,0,0,498,,3.708914717548355,3.6743496891238943,,0.03456502842446074,,,,19,0,0,continuous_intensity,from_file,90.0,,"1991-01-01,2010-12-31",60,2000,freedman_diaconis,10,80,30,"2011-01-01,2020-12-31",amp_phase,flag_only,0,20,100,200,5
8,5,0,0,498,,3.8724599078049464,3.878760530069947,,-0.0063006222650003885,,,,22,0,0,continuous_intensity,from_file,90.0,,"1991-01-01,2010-12-31",60,2000,freedman_diaconis,10,80,30,"2011-01-01,2020-12-31",amp_phase,flag_only,0,20,100,200,5
8,6,0,0,498,,3.8453428010840494,3.8342334320722515,,0.01110936901179782,,,,23,0,0,continuous_intensity,from_file,90.0,,"1991-01-01,2010-12-31",60,2000,freedman_diaconis,10,80,30,"2011-01-01,2020-12-31",amp_phase,flag_only,0,20,100,200,5
8,7,0,0,498,,3.846730757431359,3.890147527258404,,-0.0434167698270449,,,,26,0,0,continuous_intensity,from_file,90.0,,"1991-01-01,2010-12-31",60,2000,freedman_diaconis,10,80,30,"2011-01-01,2020-12-31",amp_phase,flag_only,0,20,100,200,5
8,8,0,0,498,,3.900024697518363,3.9738966126451585,,-0.0738719151267957,,,,28,0,0,continuous_intensity,from_file,90.0,,"1991-01-01,2010-12-31",60,2000,freedman_diaconis,10,80,30,"2011-01-01,2020-12-31",amp_phase,flag_only,0,20,100,200,5
8,9,0,0,498,,3.7996498827363774,3.801641888366082,,-0.001992005629704696,,,,23,0,0,continuous_intensity,from_file,90.0,,"1991-01-01,2010-12-31",60,2000,freedman_diaconis,10,80,30,"2011-01-01,2020-12-31",amp_phase,flag_only,0,20,100,200,5
8,10,0,0,498,,3.80640295197809,3.827764630789554,,-0.021361678811464113,,,,23,0,0,continuous_intensity,from_file,90.0,,"1991-01-01,2010-12-31",60,2000,freedman_diaconis,10,80,30,"2011-01-01,2020-12-31",amp_phase,flag_only,0,20,100,200,5
8,11,0,0,498,,3.775015327614138,3.8100246728415215,,-0.03500934522738364,,,,23,0,0,continuous_intensity,from_file,90.0,,"1991-01-01,2010-12-31",60,2000,freedman_diaconis,10,80,30,"2011-01-01,2020-12-31",amp_phase,flag_only,0,20,100,200,5
8,12,0,0,498,,3.8294202619580338,3.8633665333397955,,-0.03394627138176176,,,,23,0,0,continuous_intensity,from_file,90.0,,"1991-01-01,2010-12-31",60,2000,freedman_diaconis,10,80,30,"2011-01-01,2020-12-31",amp_phase,flag_only,0,20,100,200,5
8,13,0,0,498,,3.7879759748251534,3.827027211501103,,-0.039051236675949674,,,,22,0,0,continuous_intensity,from_file,90.0,,"1991-01-01,2010-12-31",60,2000,freedman_diaconis,10,80,30,"2011-01-01,2020-12-31",amp_phase,flag_only,0,20,100,200,5
8,14,0,0,498,,3.7011989265049183,3.7213013300237607,,-0.020102403518842404,,,,20,0,0,continuous_intensity,from_file,90.0,,"1991-01-01,2010-12-31",60,2000,freedman_diaconis,10,80,30,"2011-01-01,2020-12-31",amp_phase,flag_only,0,20,100,200,5
8,15,0,0,498,,3.6960120996001264,3.709561375712519,,-0.01354927611239276,,,,21,0,0,continuous_intensity,from_file,90.0,,"1991-01-01,2010-12-31",60,2000,freedman_diaconis,10,80,30,"2011-01-01,2020-12-31",amp_phase,flag_only,0,20,100,200,5
8,16,0,0,498,,3.7231260249118026,3.697973128988804,,0.02515289592299874,,,,21,0,0,continuous_intensity,from_file,90.0,,"1991-01-01,2010-12-31",60,2000,freedman_diaconis,10,80,30,"2011-01-01,2020-12-31",amp_phase,flag_only,0,20,100,200,5
8,17,0,0,498,,3.744417826067697,3.7330876302526206,,0.011330195815076216,,,,21,0,0,continuous_intensity,from_file,90.0,,"1991-01-01,2010-12-31",60,2000,freedman_diaconis,10,80,30,"2011-01-01,2020-12-31",amp_phase,flag_only,0,20,100,200,5
8,18,0,0,498,,3.719379697886027,3.727586157847975,,-0.00820645996194802,,,,22,0,0,continuous_intensity,from_file,90.0,,"1991-01-01,2010-12-31",60,2000,freedman_diaconis,10,80,30,"2011-01-01,2020-12-31",amp_phase,flag_only,0,20,100,200,5
8,19,0,0,498,,3.6822583745625086,3.7280654332454146,,-0.04580705868290602,,,,21,0,0,continuous_intensity,from_file,90.0,,"1991-01-01,2010-12-31",60,2000,freedman_diaconis,10,80,30,"2011-01-01,2020-12-31",amp_phase,flag_only,0,20,100,200,5
8,20,0,0,498,,3.7604302307779114,3.7298053654293177,,0.030624865348593655,,,,20,0,0,continuous_intensity,from_file,90.0,,"1991-01-01,2010-12-31",60,2000,freedman_diaconis,10,80,30,"2011-01-01,2020-12-31",amp_phase,flag_only,0,20,100,200,5
8,21,0,0,498,,3.6672965799286836,3.6392345919832536,,0.028061987945430023,,,,18,0,0,continuous_intensity,from_file,90.0,,"1991-01-01,2010-12-31",60,2000,freedman_diaconis,10,80,30,"2011-01-01,2020-12-31",amp_phase,flag_only,0,20,100,200,5
8,22,0,0,498,,3.620433202702052,3.561834435902052,,0.05859876679999987,,,,16,0,0,continuous_intensity,from_file,90.0,,"1991-01-01,2010-12-31",60,2000,freedman_diaconis,10,80,30,"2011-01-01,2020-12-31",amp_phase,flag_only,0,20,100,200,5
8,23,0,0,498,,3.574754869456059,3.5388658509405775,,0.03588901851548165,,,,16,0,0,continuous_intensity,from_file,90.0,,"1991-01-01,2010-12-31",60,2000,freedman_diaconis,10,80,30,"2011-01-01,2020-12-31",amp_phase,flag_only,0,20,100,200,5
8,24,0,0,498,,3.645845193867035,3.5992115099993844,,0.04663368386765043,,,,17,0,0,continuous_intensity,from_file,90.0,,"1991-01-01,2010-12-31",60,2000,freedman_diaconis,10,80,30,"2011-01-01,2020-12-31",amp_phase,flag_only,0,20,100,200,5
8,25,0,0,498,,3.6778940743151205,3.6020039985958463,,0.0758900757192742,,,,17,0,1,continuous_intensity,from_file,90.0,,"1991-01-01,2010-12-31",60,2000,freedman_diaconis,10,80,30,"2011-01-01,2020-12-31",amp_phase,flag_only,0,20,100,200,5
8,26,0,0,498,,3.799637465554399,3.7412762722264774,,0.05836119332792178,,,,20,0,0,continuous_intensity,from_file,90.0,,"1991-01-01,2010-12-31",60,2000,freedman_diaconis,10,80,30,"2011-01-01,2020-12-31",amp_phase,flag_only,0,20,100,200,5
8,27,0,0,498,,3.791735348562959,3.815090125744076,,-0.023354777181117115,,,,23,0,0,continuous_intensity,from_file,90.0,,"1991-01-01,2010-12-31",60,2000,freedman_diaconis,10,80,30,"2011-01-01,2020-12-31",amp_phase,flag_only,0,20,100,200,5
8,28,0,0,498,,3.8228826950451054,3.8594453618136577,,-0.036562666768552354,,,,25,0,0,continuous_intensity,from_file,90.0,,"1991-01-01,2010-12-31",60,2000,freedman_diaconis,10,80,30,"2011-01-01,2020-12-31",amp_phase,flag_only,0,20,100,200,5
8,29,0,0,498,,3.7730907671348763,3.8183003424908994,,-0.0452095753560231,,,,24,0,0,continuous_intensity,from_file,90.0,,"1991-01-01,2010-12-31",60,2000,freedman_diaconis,10,80,30,"2011-01-01,2020-12-31",amp_phase,flag_only,0,20,100,200,5
8,30,0,0,498,,3.6353888773715046,3.579060361253091,,0.056328516118413496,,,,19,0,0,continuous_intensity,from_file,90.0,,"1991-01-01,2010-12-31",60,2000,freedman_diaconis,10,80,30,"2011-01-01,2020-12-31",amp_phase,flag_only,0,20,100,200,5
