phase,lag,context_len,MI_bits,H_uncond,H_cond
1,0,1,0.033774079875029894,3.600451950047994,3.5666778701729642
1,1,1,0.05484484786369004,3.613251638188786,3.5584067903250958
1,2,1,0.02664018460141282,3.6822843179534352,3.6556441333520224
1,3,1,0.012451488053835114,3.6011387261278824,3.5886872380740473
1,4,1,0.050820278848127565,3.6068071013859733,3.5559868225378457
1,5,1,0.03789123732835442,3.60432113541357,3.5664298980852154
1,6,1,0.06907532357187662,3.6459638977220443,3.5768885741501677
1,7,1,0.08497446241159112,3.6652732177242817,3.5802987553126906
1,8,1,0.07228862669409564,3.65298597893071,3.5806973522366143
1,9,1,0.03428982667403124,3.6550430226104353,3.620753195936404
1,10,1,0.04266553765003778,3.7220257233524627,3.679360185702425
1,11,1,0.04691594949252842,3.7080837415089007,3.6611677920163723
1,12,1,0.04163820085597614,3.6593705316917573,3.617732330835781
1,13,1,0.023137984732241268,3.649298420211549,3.6261604354793078
1,14,1,0.008322365909546381,3.7312033390537276,3.722880973144181
1,15,1,-0.02008249500989745,3.7848356968511796,3.804918191861077
1,16,1,-0.006099246181272999,3.789769282370416,3.795868528551689
1,17,1,0.004674300184299263,3.745042122482814,3.7403678222985146
1,18,1,-0.0025659309572092504,3.669018813510572,3.6715847444677814
1,19,1,-0.006083841094191467,3.6773870146134295,3.683470855707621
1,20,1,-0.013231831379000969,3.68361762335478,3.696849454733781
1,21,1,0.005425329845676341,3.7007703863217456,3.6953450564760693
1,22,1,0.032125579764402445,3.714676613405403,3.6825510336410003
1,23,1,0.023135005304392386,3.600946630573023,3.5778116252686307
1,24,1,0.05369388360874572,3.5425602241123175,3.488866340503572
1,25,1,0.06854371853589969,3.6787294017932233,3.6101856832573236
1,26,1,0.09332384321430087,3.620343610433115,3.527019767218814
1,27,1,0.09257505183880399,3.6000016690321837,3.5074266171933797
1,28,1,0.08285233818517135,3.6469132018487462,3.564060863663575
1,29,1,0.0737802185382308,3.6617024849788677,3.587922266440637
1,30,1,0.10927493112063003,3.694588755578203,3.585313824457573
1,0,2,-0.013593739626261758,3.600451950047994,3.614045689674256
1,1,2,0.0316000819634108,3.613251638188786,3.581651556225375
1,2,2,0.010590011895398987,3.6822843179534352,3.6716943060580363
1,3,2,-0.006360319042179263,3.6011387261278824,3.6074990451700617
1,4,2,0.03316540922362332,3.6068071013859733,3.57364169216235
1,5,2,0.012506149082847529,3.60432113541357,3.5918149863307223
1,6,2,0.06866750274751121,3.6459638977220443,3.577296394974533
1,7,2,0.08624731890243886,3.6652732177242817,3.579025898821843
1,8,2,0.06299615500097078,3.65298597893071,3.589989823929739
1,9,2,0.01779676041186251,3.6550430226104353,3.637246262198573
1,10,2,0.019669076402709873,3.7220257233524627,3.702356646949753
1,11,2,0.030254554991710148,3.7080837415089007,3.6778291865171906
1,12,2,0.012633587535026969,3.6593705316917573,3.6467369441567303
1,13,2,-0.008469923802325141,3.649298420211549,3.657768344013874
1,14,2,-0.03306596466097966,3.7312033390537276,3.7642693037147072
1,15,2,-0.06698687220580979,3.7848356968511796,3.8518225690569894
1,16,2,-0.054125439732419345,3.789769282370416,3.8438947221028354
1,17,2,-0.028908143849035728,3.745042122482814,3.7739502663318496
1,18,2,-0.019646512311255915,3.669018813510572,3.688665325821828
1,19,2,-0.05498007023235374,3.6773870146134295,3.7323670848457833
1,20,2,-0.0743492982445253,3.68361762335478,3.7579669215993055
1,21,2,-0.048649912424791,3.7007703863217456,3.7494202987465366
1,22,2,0.004547369295273107,3.714676613405403,3.7101292441101297
1,23,2,-0.007578251959076798,3.600946630573023,3.6085248825321
1,24,2,0.04016772429001492,3.5425602241123175,3.5023924998223026
1,25,2,0.052787807085912686,3.6787294017932233,3.6259415947073106
1,26,2,0.07725054049218327,3.620343610433115,3.5430930699409315
1,27,2,0.0714305803728732,3.6000016690321837,3.5285710886593105
1,28,2,0.054627460864874244,3.6469132018487462,3.592285740983872
1,29,2,0.039247833850335034,3.6617024849788677,3.6224546511285327
1,30,2,0.07348527020894968,3.694588755578203,3.6211034853692534
2,0,1,0.021151563621290226,3.7330344441546073,3.711882880533317
2,1,1,0.05599563797914442,3.688221812567335,3.6322261745881907
2,2,1,0.036072568794699666,3.724494025119577,3.6884214563248774
2,3,1,0.04480302682198323,3.7924117362262835,3.7476087094043002
2,4,1,0.06429191449574878,3.8377010290090854,3.7734091145133366
2,5,1,0.026228723768201512,3.905475598820899,3.8792468750526976
2,6,1,0.04428660200496504,3.783882533408696,3.739595931403731
2,7,1,0.07181625336178366,3.848048610567173,3.7762323572053895
2,8,1,0.03918961995018666,3.7321948888333427,3.693005268883156
2,9,1,0.08092431788652377,3.753605875456238,3.6726815575697143
2,10,1,0.06901727908822775,3.6924449607752723,3.6234276816870445
2,11,1,0.07128071563621408,3.5716476997211575,3.5003669840849434
2,12,1,0.08276516302425474,3.6986750216061166,3.615909858581862
2,13,1,0.09549770298648763,3.6833063692385344,3.5878086662520468
2,14,1,0.08755569314263623,3.6167281481337565,3.5291724549911203
2,15,1,0.07915013847104069,3.652395682818059,3.573245544347018
2,16,1,0.0019989148755281683,3.7580526805944388,3.7560537657189106
2,17,1,-0.05198320494323294,3.7304937242572764,3.7824769292005094
2,18,1,-0.0700451857178419,3.8609609925574673,3.931006178275309
2,19,1,-0.03540915553844037,3.7407344585632742,3.7761436141017146
2,20,1,0.00601354901359219,3.7075845857415004,3.701571036727908
2,21,1,0.08016204616168521,3.706677191330744,3.626515145169059
2,22,1,0.08896555697686015,3.6114064765893463,3.522440919612486
2,23,1,0.0682673106995253,3.7575797057943037,3.6893123950947784
2,24,1,0.03271691838622415,3.784357708058592,3.751640789672368
2,25,1,0.05617858704522849,3.716278552535863,3.6600999654906343
2,26,1,0.02004331364871481,3.6741886379967776,3.654145324348063
2,27,1,0.02217867241751259,3.7029106721766487,3.680731999759136
2,28,1,0.056085495464541335,3.812259332616532,3.756173837151991
2,29,1,0.075287945860671,3.7022557777075162,3.6269678318468452
2,30,1,0.04168212470906374,3.677185653358039,3.635503528648975
2,0,2,-0.02950269579560727,3.7330344441546073,3.7625371399502145
2,1,2,0.017191035563133727,3.688221812567335,3.6710307770042014
2,2,2,0.011135735572726624,3.724494025119577,3.7133582895468504
2,3,2,0.014294657177837955,3.7924117362262835,3.7781170790484455
2,4,2,0.028553888846780673,3.8377010290090854,3.8091471401623047
2,5,2,-0.002671957554339688,3.905475598820899,3.908147556375239
2,6,2,0.0036428852059611216,3.783882533408696,3.780239648202735
2,7,2,0.026295306456457723,3.848048610567173,3.8217533041107155
2,8,2,-0.0004189991625422884,3.7321948888333427,3.732613887995885
2,9,2,0.050514979022408646,3.753605875456238,3.7030908964338294
2,10,2,0.03986984557004858,3.6924449607752723,3.6525751152052237
2,11,2,0.04890596171911277,3.5716476997211575,3.5227417380020447
2,12,2,0.04107718558531026,3.6986750216061166,3.6575978360208063
2,13,2,0.05889378449646765,3.6833063692385344,3.6244125847420667
2,14,2,0.06231698847774103,3.6167281481337565,3.5544111596560155
2,15,2,0.054610346257397246,3.652395682818059,3.5977853365606616
2,16,2,-0.06060363234792865,3.7580526805944388,3.8186563129423674
2,17,2,-0.12173671485786208,3.7304937242572764,3.8522304391151385
2,18,2,-0.12763829746259558,3.8609609925574673,3.988599290020063
2,19,2,-0.09032044603524803,3.7407344585632742,3.8310549045985223
2,20,2,-0.01902861347683471,3.7075845857415004,3.726613199218335
2,21,2,0.05552274229025933,3.706677191330744,3.651154449040485
2,22,2,0.06841810717220653,3.6114064765893463,3.54298836941714
2,23,2,0.055899306877864596,3.7575797057943037,3.701680398916439
2,24,2,0.01881657451176899,3.784357708058592,3.765541133546823
2,25,2,0.033657435485571874,3.716278552535863,3.682621117050291
2,26,2,-0.01435825427451709,3.6741886379967776,3.6885468922712947
2,27,2,-0.014454262844965093,3.7029106721766487,3.717364935021614
2,28,2,0.036221469990904254,3.812259332616532,3.776037862625628
2,29,2,0.05262091396057489,3.7022557777075162,3.6496348637469413
2,30,2,0.011250058082843406,3.677185653358039,3.6659355952751955
3,0,1,0.05711258333000435,3.767821261603791,3.710708678273787
3,1,1,0.013064143847527632,3.7667180498763346,3.753653906028807
3,2,1,0.01816327906256543,3.8486000316340636,3.830436752571498
3,3,1,-0.039615380061604366,3.8912269182460486,3.930842298307653
3,4,1,-0.011468429002980063,3.9376838430882843,3.9491522720912644
3,5,1,-0.04483100978882737,3.852802553272212,3.8976335630610395
3,6,1,-0.025778896399014872,3.7420544758818868,3.7678333722809016
3,7,1,-0.03336015712493712,3.798794620675942,3.8321547778008793
3,8,1,0.006800322482671817,3.711573932156664,3.704773609673992
3,9,1,0.020427201460686106,3.8135683961768487,3.7931411947161626
3,10,1,0.009256458176049698,3.805630313530287,3.796373855354237
3,11,1,0.02408127748960398,3.7218357313759167,3.6977544538863127
3,12,1,0.004633607436951959,3.7253484719526897,3.7207148645157377
3,13,1,-0.04508622021121367,3.781125476357298,3.8262116965685116
3,14,1,-0.04784799998803102,3.702782726470252,3.750630726458283
3,15,1,-0.041938406345654045,3.660772348279124,3.702710754624778
3,16,1,-0.013856063185041734,3.7372901122914586,3.7511461754765003
3,17,1,0.004674309969969315,3.690201435379702,3.685527125409733
3,18,1,-0.003664460265036862,3.6874651388915907,3.6911295991566275
3,19,1,-0.0211370019499042,3.6120632136336432,3.6332002155835474
3,20,1,0.00747754695013203,3.6573553973199098,3.6498778503697777
3,21,1,-0.0015787504324271673,3.7513643504849448,3.752943100917372
3,22,1,-0.04841189153105008,3.8086646073870947,3.8570764989181447
3,23,1,0.005171386284897661,3.8616597858601214,3.8564883995752237
3,24,1,0.013779946203939186,3.8813978984483457,3.8676179522444065
3,25,1,0.03533518940110314,3.8198663761736205,3.7845311867725173
3,26,1,0.05368300161535933,3.792332408030927,3.7386494064155675
3,27,1,0.03000252899485556,3.8528074486267565,3.822804919631901
3,28,1,0.01231409020221852,3.7583794259259915,3.746065335723773
3,29,1,0.01281820269097933,3.8611662645895133,3.848348061898534
3,30,1,0.0487860240267568,3.8179454567258095,3.7691594326990527
3,0,2,0.0341347965491261,3.767821261603791,3.733686465054665
3,1,2,-0.001969523638490678,3.7667180498763346,3.7686875735148253
3,2,2,-0.021915562794712073,3.8486000316340636,3.8705155944287757
3,3,2,-0.08435286276825726,3.8912269182460486,3.975579781014306
3,4,2,-0.04553798851667068,3.9376838430882843,3.983221831604955
3,5,2,-0.07389921565265345,3.852802553272212,3.9267017689248656
3,6,2,-0.04731835876381085,3.7420544758818868,3.7893728346456976
3,7,2,-0.04834450735479745,3.798794620675942,3.8471391280307397
3,8,2,-0.0015454122343658838,3.711573932156664,3.7131193443910298
3,9,2,0.015833033072017777,3.8135683961768487,3.797735363104831
3,10,2,0.008578421216749454,3.805630313530287,3.7970518923135375
3,11,2,0.016381142618970834,3.7218357313759167,3.705454588756946
3,12,2,-0.007641294010417354,3.7253484719526897,3.732989765963107
3,13,2,-0.07585621268450593,3.781125476357298,3.856981689041804
3,14,2,-0.08369974410171643,3.702782726470252,3.7864824705719684
3,15,2,-0.07065979503201358,3.660772348279124,3.7314321433111375
3,16,2,-0.032215496421228895,3.7372901122914586,3.7695056087126875
3,17,2,-0.020557173598874545,3.690201435379702,3.7107586089785767
3,18,2,-0.037123996446818186,3.6874651388915907,3.724589135338409
3,19,2,-0.05644347630868607,3.6120632136336432,3.6685066899423293
3,20,2,-0.012872998651716205,3.6573553973199098,3.670228395971626
3,21,2,-0.03267511028406567,3.7513643504849448,3.7840394607690104
3,22,2,-0.09320437674659665,3.8086646073870947,3.9018689841336913
3,23,2,-0.036056875379212094,3.8616597858601214,3.8977166612393335
3,24,2,-0.0090162925142927,3.8813978984483457,3.8904141909626384
3,25,2,0.005701515381846267,3.8198663761736205,3.814164860791774
3,26,2,0.02841383544607856,3.792332408030927,3.7639185725848483
3,27,2,0.0031114284582214324,3.8528074486267565,3.849696020168535
3,28,2,-0.0016965401214541487,3.7583794259259915,3.7600759660474457
3,29,2,-0.0009493002467886313,3.8611662645895133,3.862115564836302
3,30,2,0.04298862378913393,3.8179454567258095,3.7749568329366756
4,0,1,0.06583255690139111,3.598992267767084,3.533159710865693
4,1,1,0.05271249835084513,3.640323900342909,3.587611401992064
4,2,1,0.04888050076962536,3.685158481282304,3.636277980512679
4,3,1,0.06292318323638346,3.758032018309494,3.6951088350731105
4,4,1,0.01795328841495225,3.5737531228403077,3.5557998344253554
4,5,1,-0.013594668714567604,3.6773803762522235,3.690975044966791
4,6,1,-0.008996792265347331,3.8156611261678344,3.8246579184331817
4,7,1,0.03282661805013687,3.763332484495297,3.73050586644516
4,8,1,0.030609840267026733,3.763414420814077,3.73280458054705
4,9,1,0.007880987245755922,3.7507952128718336,3.7429142256260777
4,10,1,0.013274655713723327,3.6913104549474816,3.6780357992337582
4,11,1,0.04235219583065408,3.622763018595926,3.580410822765272
4,12,1,0.035950977042920496,3.6738287965527587,3.6378778195098382
4,13,1,0.009484835101285949,3.6797740867593434,3.6702892516580574
4,14,1,0.02167759361083954,3.7120575569617364,3.690379963350897
4,15,1,0.013714501041091065,3.6712807860642935,3.6575662850232025
4,16,1,0.021033410907325134,3.5454312560673316,3.5243978451600064
4,17,1,-0.0057140580493206805,3.563954105061416,3.5696681631107365
4,18,1,-0.0029442533360661827,3.6053839020655034,3.6083281554015696
4,19,1,0.015320276465606408,3.650307916722382,3.634987640256776
4,20,1,-0.005721930040615941,3.671426947867117,3.677148877907733
4,21,1,0.053070012467428374,3.7118695332273206,3.6587995207598922
4,22,1,0.06984054937292417,3.536769169439027,3.4669286200661027
4,23,1,0.06269237731939636,3.5293947450068126,3.4667023676874162
4,24,1,0.020200119471312394,3.567958877015635,3.547758757544323
4,25,1,0.02306112945248584,3.592903645236705,3.5698425157842193
4,26,1,0.02597783068516213,3.604732414911391,3.5787545842262287
4,27,1,-0.003729413555647376,3.8117779173310185,3.815507330886666
4,28,1,-0.013269023851238959,3.711658795681241,3.7249278195324798
4,29,1,0.012069403368896392,3.6807946025287808,3.6687251991598844
4,30,1,0.03776233072494728,3.5775325830270015,3.539770252302054
4,0,2,0.055277537835750845,3.598992267767084,3.543714729931333
4,1,2,0.027180861514301657,3.640323900342909,3.6131430388286074
4,2,2,0.03361812991270963,3.685158481282304,3.6515403513695945
4,3,2,0.05345458115790391,3.758032018309494,3.70457743715159
4,4,2,0.01631002986033314,3.5737531228403077,3.5574430929799745
4,5,2,-0.0491102544754769,3.6773803762522235,3.7264906307277004
4,6,2,-0.04633962338051756,3.8156611261678344,3.862000749548352
4,7,2,-0.006772389857104155,3.763332484495297,3.770104874352401
4,8,2,-0.020787184239711376,3.763414420814077,3.7842016050537883
4,9,2,-0.040847908716392656,3.7507952128718336,3.7916431215882263
4,10,2,-0.017925729438820426,3.6913104549474816,3.709236184386302
4,11,2,0.023956352412632498,3.622763018595926,3.5988066661832936
4,12,2,0.008300907258508072,3.6738287965527587,3.6655278892942507
4,13,2,-0.03937369331727547,3.6797740867593434,3.719147780076619
4,14,2,-0.014418308583533435,3.7120575569617364,3.72647586554527
4,15,2,-0.008854807865124048,3.6712807860642935,3.6801355939294176
4,16,2,-0.02225913575445615,3.5454312560673316,3.5676903918217877
4,17,2,-0.05978923592762664,3.563954105061416,3.6237433409890425
4,18,2,-0.048654436336407425,3.6053839020655034,3.654038338401911
4,19,2,-0.024543112152414892,3.650307916722382,3.674851028874797
4,20,2,-0.0530434623957019,3.671426947867117,3.724470410262819
4,21,2,0.03543458621407458,3.7118695332273206,3.676434947013246
4,22,2,0.04740346875669621,3.536769169439027,3.4893657006823307
4,23,2,0.05109589674932469,3.5293947450068126,3.478298848257488
4,24,2,0.0033262695753188964,3.567958877015635,3.5646326074403163
4,25,2,0.012353275643537831,3.592903645236705,3.5805503695931673
4,26,2,0.0022839772009906056,3.604732414911391,3.6024484377104002
4,27,2,-0.041844561788718426,3.8117779173310185,3.853622479119737
4,28,2,-0.04157577581336369,3.711658795681241,3.7532345714946045
4,29,2,-0.02966021546464459,3.6807946025287808,3.7104548179934254
4,30,2,-0.010792236061566207,3.5775325830270015,3.5883248190885677
5,0,1,0.02732002998588623,3.5182046766942947,3.4908846467084085
5,1,1,0.0687169224019164,3.487291093900512,3.4185741714985958
5,2,1,0.12784666683485657,3.5081412019463047,3.380294535111448
5,3,1,0.12361954211323978,3.4631141514793002,3.3394946093660605
5,4,1,0.06691887007555097,3.6237047916432914,3.5567859215677404
5,5,1,0.05620617301352171,3.554561254428283,3.4983550814147613
5,6,1,0.04770309909698245,3.590444477553315,3.5427413784563324
5,7,1,0.02798442563099446,3.4379099884516466,3.409925562820652
5,8,1,0.01743436357439121,3.4939544029570264,3.476520039382635
5,9,1,0.027321292063124503,3.4560452960911885,3.428724004028064
5,10,1,0.00639100260095482,3.538718638186634,3.532327635585679
5,11,1,0.03206191361845212,3.575244399538892,3.5431824859204397
5,12,1,0.031897819108731795,3.558448883250255,3.526551064141523
5,13,1,0.013217538987288613,3.695652890274066,3.6824353512867773
5,14,1,0.09267927905095608,3.8311587143651797,3.7384794353142237
5,15,1,0.1174053095118226,3.727661668861956,3.6102563593501333
5,16,1,0.06509167994071596,3.674959013173559,3.609867333232843
5,17,1,0.015152789867726835,3.70871910585793,3.693566315990203
5,18,1,0.029455658285751696,3.695443815397387,3.6659881571116353
5,19,1,0.049584250769135974,3.627452054212535,3.577867803443399
5,20,1,0.022401561772442236,3.6455847149278227,3.6231831531553804
5,21,1,0.028167415240368587,3.573223096927905,3.5450556816875363
5,22,1,0.02918622282930672,3.6415707936353274,3.6123845708060207
5,23,1,0.025587994647812362,3.6628983684136323,3.63731037376582
5,24,1,0.08743286069870893,3.630385669682494,3.542952808983785
5,25,1,0.0797491287832468,3.6976937148107885,3.6179445860275417
5,26,1,0.11535350440858627,3.6557180289219593,3.540364524513373
5,27,1,0.09307295703759433,3.677867263015355,3.5847943059777605
5,28,1,0.10407160347657252,3.616268124073386,3.5121965205968135
5,29,1,0.10777788163335744,3.5886805371357426,3.480902655502385
5,30,1,0.07089122078480248,3.590349218449126,3.5194579976643237
5,0,2,-0.00860792447194747,3.5182046766942947,3.526812601166242
5,1,2,0.031639734811347076,3.487291093900512,3.455651359089165
5,2,2,0.1000736651037828,3.5081412019463047,3.408067536842522
5,3,2,0.09872284923549923,3.4631141514793002,3.364391302243801
5,4,2,0.02717125694999689,3.6237047916432914,3.5965335346932945
5,5,2,0.018135245174584202,3.554561254428283,3.5364260092536988
5,6,2,0.022453532640740903,3.590444477553315,3.567990944912574
5,7,2,0.007279774406218298,3.4379099884516466,3.4306302140454283
5,8,2,-0.022767843704651902,3.4939544029570264,3.5167222466616783
5,9,2,-0.019284768639284522,3.4560452960911885,3.475330064730473
5,10,2,-0.035755622651221675,3.538718638186634,3.5744742608378557
5,11,2,0.009747876705709313,3.575244399538892,3.5654965228331825
5,12,2,0.005565834746938503,3.558448883250255,3.5528830485033165
5,13,2,-0.008847394212958548,3.695652890274066,3.7045002844870245
5,14,2,0.05111480542924207,3.8311587143651797,3.7800439089359377
5,15,2,0.061199058748141244,3.727661668861956,3.6664626101138147
5,16,2,0.04309827865015459,3.674959013173559,3.6318607345234044
5,17,2,-0.02896755379261773,3.70871910585793,3.7376866596505476
5,18,2,-0.012230772325990014,3.695443815397387,3.707674587723377
5,19,2,0.023917380469489657,3.627452054212535,3.603534673743045
5,20,2,-0.014101198239020007,3.6455847149278227,3.6596859131668427
5,21,2,-0.0015162065520057944,3.573223096927905,3.5747393034799106
5,22,2,-0.01138298024094686,3.6415707936353274,3.6529537738762743
5,23,2,-0.017906671276240793,3.6628983684136323,3.680805039689873
5,24,2,0.04619975834685075,3.630385669682494,3.584185911335643
5,25,2,0.045739297844968,3.6976937148107885,3.6519544169658205
5,26,2,0.08372300524051024,3.6557180289219593,3.571995023681449
5,27,2,0.06762902181521424,3.677867263015355,3.6102382412001406
5,28,2,0.0722059009065057,3.616268124073386,3.5440622231668804
5,29,2,0.0793638113600279,3.5886805371357426,3.5093167257757147
5,30,2,0.043086410556947285,3.590349218449126,3.547262807892179
6,0,1,0.04738537628113981,3.6500585824003267,3.602673206119187
6,1,1,0.009814974962819356,3.612689310642849,3.6028743356800295
6,2,1,0.042734622500133046,3.617369032491073,3.57463440999094
6,3,1,0.06163724104839119,3.578734916882041,3.5170976758336496
6,4,1,0.008491526747604894,3.5755016056676183,3.5670100789200134
6,5,1,0.006685347420969379,3.582045449094016,3.5753601016730467
6,6,1,-0.017333954058051937,3.597485623116941,3.614819577174993
6,7,1,0.009010717907172783,3.5486436800893935,3.5396329621822207
6,8,1,0.03252559306353575,3.5677052663344426,3.535179673270907
6,9,1,0.02475622062710281,3.5331553722996816,3.5083991516725788
6,10,1,0.04349628906295999,3.637129575149156,3.593633286086196
6,11,1,0.058831646912516966,3.676466992058428,3.617635345145911
6,12,1,0.053947276566683744,3.780557811027155,3.7266105344604714
6,13,1,0.06354972441754558,3.6920335197177194,3.628483795300174
6,14,1,0.03273396983404764,3.6576768034117064,3.624942833577659
6,15,1,0.040327744977502356,3.582849489563676,3.542521744586174
6,16,1,0.03188953202045308,3.513100676584635,3.481211144564182
6,17,1,0.025020171457435847,3.4662153752800946,3.4411952038226588
6,18,1,0.02622306003381425,3.411465169122905,3.385242109089091
6,19,1,0.021292580404301376,3.5083781700684717,3.4870855896641704
6,20,1,0.023369876252886446,3.550289995026468,3.5269201187735817
6,21,1,0.004695111890109516,3.6219222170299963,3.6172271051398868
6,22,1,0.020083985733684084,3.6468372304561445,3.6267532447224604
6,23,1,0.017238462341443217,3.479846047885794,3.462607585544351
6,24,1,-0.009578579163413536,3.635779312774475,3.6453578919378886
6,25,1,0.018166754178476907,3.652054596059518,3.633887841881041
6,26,1,-0.04204641476410531,3.63417783480718,3.6762242495712854
6,27,1,-0.009621828547830447,3.6376106855483186,3.647232514096149
6,28,1,-0.009847401023287627,3.622589610443999,3.6324370114672866
6,29,1,-0.008297120427429583,3.6043584869634926,3.612655607390922
6,30,1,-0.009814043555679497,3.618881694861482,3.6286957384171616
6,0,2,0.020081500192842938,3.6500585824003267,3.6299770822074837
6,1,2,-0.0017407873652048877,3.612689310642849,3.6144300980080537
6,2,2,0.04238643091638217,3.617369032491073,3.574982601574691
6,3,2,0.0690461208960742,3.578734916882041,3.5096887959859666
6,4,2,0.0024492440706760377,3.5755016056676183,3.5730523615969423
6,5,2,-0.03510837329937777,3.582045449094016,3.617153822393394
6,6,2,-0.061336495981812345,3.597485623116941,3.6588221190987533
6,7,2,-0.026790192131461943,3.5486436800893935,3.5754338722208554
6,8,2,0.012443498208121184,3.5677052663344426,3.5552617681263214
6,9,2,0.018660544105925325,3.5331553722996816,3.5144948281937562
6,10,2,0.04372888431842137,3.637129575149156,3.5934006908307348
6,11,2,0.05023437534961861,3.676466992058428,3.6262326167088093
6,12,2,0.029362915531519374,3.780557811027155,3.751194895495636
6,13,2,0.03370838231571982,3.6920335197177194,3.6583251374019996
6,14,2,0.008196016301187381,3.6576768034117064,3.649480787110519
6,15,2,0.028036608665058083,3.582849489563676,3.554812880898618
6,16,2,0.02144130014940293,3.513100676584635,3.491659376435232
6,17,2,0.03423599148040424,3.4662153752800946,3.4319793837996904
6,18,2,0.029340581495313156,3.411465169122905,3.382124587627592
6,19,2,0.032313826052351224,3.5083781700684717,3.4760643440161205
6,20,2,0.02020082730689987,3.550289995026468,3.5300891677195683
6,21,2,-0.003075815318595687,3.6219222170299963,3.624998032348592
6,22,2,0.01930672169633718,3.6468372304561445,3.6275305087598073
6,23,2,-0.003957442009073997,3.479846047885794,3.483803489894868
6,24,2,-0.042391993091110525,3.635779312774475,3.6781713058655856
6,25,2,-0.011702452169221278,3.652054596059518,3.663757048228739
6,26,2,-0.09421507310987387,3.63417783480718,3.728392907917054
6,27,2,-0.036719169475436075,3.6376106855483186,3.6743298550237546
6,28,2,-0.046444132843586505,3.622589610443999,3.6690337432875855
6,29,2,-0.05163193170757019,3.6043584869634926,3.655990418671063
6,30,2,-0.04532491829777685,3.618881694861482,3.664206613159259
7,0,1,-0.00220520654336287,3.8435503679959284,3.8457555745392913
7,1,1,-0.003692770821172253,3.8445052205293293,3.8481979913505016
7,2,1,0.03601088006402131,3.796380760596654,3.760369880532633
7,3,1,0.05506801218084734,3.723197770632734,3.6681297584518866
7,4,1,0.03735355024635112,3.7550882720132908,3.7177347217669396
7,5,1,-0.0045950772955012376,3.7932792685954997,3.797874345891001
7,6,1,-0.004402802849388543,3.797277999049023,3.8016808018984114
7,7,1,0.02850801968948158,3.7436898861877284,3.7151818664982468
7,8,1,0.002828590025512945,3.661514195684706,3.658685605659193
7,9,1,-0.052780211834385415,3.696469061293265,3.7492492731276506
7,10,1,-0.050763920960188,3.7024174242437353,3.7531813452039233
7,11,1,-0.08407900547165292,3.797023155002092,3.881102160473745
7,12,1,-0.1249562239403188,3.893382513692921,4.01833873763324
7,13,1,-0.15765071243575157,3.8426448871076717,4.000295599543423
7,14,1,-0.1235185287646634,3.827470736236376,3.950989265001039
7,15,1,-0.004807840389837281,3.8380676711671846,3.842875511557022
7,16,1,0.03616893048811498,3.798120497391557,3.7619515669034422
7,17,1,0.08638211249528949,3.751032494353117,3.6646503818578275
7,18,1,0.0590920945314366,3.783367623182664,3.7242755286512272
7,19,1,0.05313899373268294,3.9248078080019253,3.8716688142692424
7,20,1,0.06371744852369732,3.8130546613228535,3.749337212799156
7,21,1,0.05593774849443811,3.806783851797679,3.7508461033032408
7,22,1,0.07463004110150484,3.726086768627385,3.65145672752588
7,23,1,0.04427197324823151,3.7449543442284483,3.700682370980217
7,24,1,0.010023622592922443,3.7265296239535584,3.716506001360636
7,25,1,0.01125430845046882,3.7776282308162976,3.766373922365829
7,26,1,0.03886708324644461,3.758948208355625,3.7200811251091803
7,27,1,0.07153846301771072,3.6762144340593883,3.6046759710416776
7,28,1,-0.002987846897164914,3.615964065473409,3.618951912370574
7,29,1,-0.03857194343855408,3.7035007247520673,3.7420726681906213
7,30,1,-0.008233083134154828,3.7309670164780298,3.7392000996121846
7,0,2,-0.05503092245325769,3.8411080283656065,3.896138950818864
7,1,2,-0.04044109904729609,3.8454138932887165,3.8858549923360126
7,2,2,0.00566584896362432,3.7980031500681894,3.792337301104565
7,3,2,0.025126447532328733,3.7214791865419556,3.696352739009627
7,4,2,-0.0045184780671116975,3.7506852443499445,3.7552037224170562
7,5,2,-0.01870792568287527,3.7907400946915066,3.809448020374382
7,6,2,-0.006987535279810775,3.794339336497751,3.8013268717775617
7,7,2,0.014698988208485808,3.7446489133094283,3.7299499251009425
7,8,2,-0.025723438154396483,3.658079866796434,3.6838033049508305
7,9,2,-0.10994588373116354,3.6859352295975603,3.795881113328724
7,10,2,-0.12247665591817336,3.6919028274403787,3.814379483358552
7,11,2,-0.17240440914187172,3.786716269806804,3.959120678948676
7,12,2,-0.2183484360411425,3.883285570154766,4.1016340061959085
7,13,2,-0.2034796146568083,3.8271642652614477,4.030643879918256
7,14,2,-0.133795579111609,3.7753714085719356,3.9091669876835446
7,15,2,-0.07177372040047292,3.831865393843967,3.9036391142444398
7,16,2,-0.0059648623617301055,3.7973632040980334,3.8033280664597635
7,17,2,0.05081014995206523,3.750738962900056,3.6999288129479906
7,18,2,0.004868078578831536,3.783998071685817,3.7791299931069853
7,19,2,0.009886015507787782,3.926557581129387,3.9166715656215993
7,20,2,0.027933047058466,3.812225449978224,3.784292402919758
7,21,2,0.019533744825521282,3.8074570201613342,3.787923275335813
7,22,2,0.0391662486291251,3.7277164980769424,3.6885502494478173
7,23,2,0.010058004507353946,3.7447287360177537,3.7346707315103997
7,24,2,-0.02579341997345619,3.7257330814544583,3.7515265014279144
7,25,2,-0.04609207943564009,3.777697936292096,3.8237900157277362
7,26,2,0.01767008057392383,3.7601901167483596,3.7425200361744357
7,27,2,0.07035361994021994,3.6753264629530302,3.6049728430128103
7,28,2,-0.016721636118003147,3.615145250443132,3.631866886561135
7,29,2,-0.07696835413722791,3.7044783722636234,3.7814467264008513
7,30,2,-0.05030185789330899,3.7325170911221246,3.7828189490154336
8,0,1,,,
8,1,1,,,
8,2,1,,,
8,3,1,,,
8,4,1,,,
8,5,1,,,
8,6,1,,,
8,7,1,,,
8,8,1,,,
8,9,1,,,
8,10,1,,,
8,11,1,,,
8,12,1,,,
8,13,1,,,
8,14,1,,,
8,15,1,,,
8,16,1,,,
8,17,1,,,
8,18,1,,,
8,19,1,,,
8,20,1,,,
8,21,1,,,
8,22,1,,,
8,23,1,,,
8,24,1,,,
8,25,1,,,
8,26,1,,,
8,27,1,,,
8,28,1,,,
8,29,1,,,
8,30,1,,,
8,0,2,,,
8,1,2,,,
8,2,2,,,
8,3,2,,,
8,4,2,,,
8,5,2,,,
8,6,2,,,
8,7,2,,,
8,8,2,,,
8,9,2,,,
8,10,2,,,
8,11,2,,,
8,12,2,,,
8,13,2,,,
8,14,2,,,
8,15,2,,,
8,16,2,,,
8,17,2,,,
8,18,2,,,
8,19,2,,,
8,20,2,,,
8,21,2,,,
8,22,2,,,
8,23,2,,,
8,24,2,,,
8,25,2,,,
8,26,2,,,
8,27,2,,,
8,28,2,,,
8,29,2,,,
8,30,2,,,
