phase,lag,n_on,n_off,diff,std_off,snr,cohen_d,median_on,median_off,diff_median,auc,sinr,selectivity,pd_at_pfa,jsd,bestlag_phase,train_window,test_window,block_len,n_null,null_mode,stat,two_sided,pfa
1,0,23,462,11.640522003173828,22.50057029724121,0.5173434019088745,0.5031335716638694,23.83304786682129,1.1362617015838623,22.696786880493164,,,0.12237468361854553,,,0,,"2011-01-01,2020-12-31",60,500,blockperm,selectivity,0,0.1
1,1,23,462,10.58328914642334,20.344074249267578,0.520214855670929,0.5069353981124842,19.165664672851562,1.031186580657959,18.134477615356445,,,0.13129469752311707,,,0,,"2011-01-01,2020-12-31",60,500,blockperm,selectivity,0,0.1
1,2,23,462,10.384294509887695,18.71756362915039,0.5547887682914734,0.5408438086721357,17.647850036621094,0.8647836446762085,16.783065795898438,,,0.17292657494544983,,,0,,"2011-01-01,2020-12-31",60,500,blockperm,selectivity,0,0.1
1,3,23,462,9.892354965209961,17.57928466796875,0.5627279877662659,0.548000961339714,15.562837600708008,0.35962238907814026,15.203215599060059,,,0.18405169248580933,,,1,,"2011-01-01,2020-12-31",60,500,blockperm,selectivity,0,0.1
1,4,23,462,8.799620628356934,17.28129768371582,0.5091990828514099,0.4952811870761961,12.095322608947754,-0.12766313552856445,12.222986221313477,,,0.1330713927745819,,,0,,"2011-01-01,2020-12-31",60,500,blockperm,selectivity,0,0.1
1,5,23,462,7.990209579467773,17.692325592041016,0.45162007212638855,0.43875758451466457,7.330921649932861,-0.10657048970460892,7.437492370605469,,,0.10933858156204224,,,0,,"2011-01-01,2020-12-31",60,500,blockperm,selectivity,0,0.1
1,6,23,462,7.436428546905518,17.913021087646484,0.41514095664024353,0.40147871180498645,0.7952659130096436,-0.5111348032951355,1.3064007759094238,,,0.07825711369514465,,,0,,"2011-01-01,2020-12-31",60,500,blockperm,selectivity,0,0.1
1,7,23,462,6.566904544830322,16.975975036621094,0.3868351876735687,0.37044391987158887,-2.9340643882751465,-0.8642715215682983,-2.0697927474975586,,,0.09026288986206055,,,0,,"2011-01-01,2020-12-31",60,500,blockperm,selectivity,0,0.1
1,8,23,462,6.397452354431152,16.413808822631836,0.3897603750228882,0.3695952832272435,-2.9634616374969482,-0.20714923739433289,-2.756312370300293,,,0.09161078929901123,,,0,,"2011-01-01,2020-12-31",60,500,blockperm,selectivity,0,0.1
1,9,23,462,7.912215709686279,16.60346794128418,0.4765399396419525,0.448318188871605,-0.4772709310054779,-0.37422317266464233,-0.10304775834083557,,,0.08824387192726135,,,0,,"2011-01-01,2020-12-31",60,500,blockperm,selectivity,0,0.1
1,10,23,462,9.721367835998535,16.697811126708984,0.5821941494941711,0.5442734118371102,3.266850709915161,-0.26125675439834595,3.5281074047088623,,,0.09714341163635254,,,0,,"2011-01-01,2020-12-31",60,500,blockperm,selectivity,0,0.1
1,11,23,462,11.3468017578125,16.812902450561523,0.6748865246772766,0.6300010411201188,6.211632251739502,-1.1292617321014404,7.340893745422363,,,0.09091022610664368,,,0,,"2011-01-01,2020-12-31",60,500,blockperm,selectivity,0,0.1
1,12,23,462,12.897409439086914,17.0567626953125,0.7561463713645935,0.7097531401790315,8.676321029663086,-0.6624701619148254,9.338790893554688,,,0.07047227025032043,,,0,,"2011-01-01,2020-12-31",60,500,blockperm,selectivity,0,0.1
1,13,23,462,14.458040237426758,17.986055374145508,0.8038471937179565,0.7583611160404011,11.629432678222656,0.040172088891267776,11.589261054992676,,,0.05734553933143616,,,0,,"2011-01-01,2020-12-31",60,500,blockperm,selectivity,0,0.1
1,14,23,462,16.226682662963867,20.10781478881836,0.8069838881492615,0.7646032192837647,15.120104789733887,0.6172516942024231,14.502853393554688,,,0.046476542949676514,,,0,,"2011-01-01,2020-12-31",60,500,blockperm,selectivity,0,0.1
1,15,23,462,17.37847137451172,23.81413459777832,0.7297545075416565,0.6965138496210108,16.58087158203125,1.1324419975280762,15.448429107666016,,,0.03814920783042908,,,0,,"2011-01-01,2020-12-31",60,500,blockperm,selectivity,0,0.1
1,16,23,462,16.797103881835938,27.863662719726562,0.6028318405151367,0.5837534470708178,15.091580390930176,0.14176341891288757,14.949816703796387,,,0.0011098384857177734,,,0,,"2011-01-01,2020-12-31",60,500,blockperm,selectivity,0,0.1
1,17,23,462,14.203219413757324,29.2593994140625,0.4854241609573364,0.4766696443471218,15.11251449584961,0.05819472670555115,15.054319381713867,,,-0.0746544599533081,,,0,,"2011-01-01,2020-12-31",60,500,blockperm,selectivity,0,0.1
1,18,23,462,11.797115325927734,29.284061431884766,0.40285107493400574,0.4005443255018636,12.244526863098145,-0.16539444029331207,12.409921646118164,,,-0.0853637158870697,,,0,,"2011-01-01,2020-12-31",60,500,blockperm,selectivity,0,0.1
1,19,23,462,9.047968864440918,25.833791732788086,0.35023772716522217,0.3514770011849641,16.15125846862793,-0.6837102174758911,16.83496856689453,,,-0.07921561598777771,,,0,,"2011-01-01,2020-12-31",60,500,blockperm,selectivity,0,0.1
1,20,23,462,4.7811689376831055,22.698137283325195,0.21064147353172302,0.21143742120394543,5.4410576820373535,-1.5312907695770264,6.972348213195801,,,-0.0664823055267334,,,0,,"2011-01-01,2020-12-31",60,500,blockperm,selectivity,0,0.1
1,21,23,462,2.208977699279785,21.202661514282227,0.10418397933244705,0.10365430094086928,-3.828925371170044,-1.5115821361541748,-2.317343235015869,,,-0.0362510085105896,,,0,,"2011-01-01,2020-12-31",60,500,blockperm,selectivity,0,0.1
1,22,23,462,1.3025076389312744,20.392658233642578,0.06387139856815338,0.06283800158476906,-4.998793125152588,-2.865750551223755,-2.133042573928833,,,0.052653342485427856,,,0,,"2011-01-01,2020-12-31",60,500,blockperm,selectivity,0,0.1
1,23,23,462,1.033544659614563,20.506010055541992,0.05040203779935837,0.04914248207746008,-5.903285026550293,-2.3507070541381836,-3.5525779724121094,,,0.09878429770469666,,,0,,"2011-01-01,2020-12-31",60,500,blockperm,selectivity,0,0.1
1,24,23,462,1.323582649230957,22.97127914428711,0.05761902406811714,0.05593553396601506,-0.250104159116745,-2.3970987796783447,2.1469945907592773,,,0.07900813221931458,,,0,,"2011-01-01,2020-12-31",60,500,blockperm,selectivity,0,0.1
1,25,23,462,0.44653335213661194,25.342634201049805,0.017619848251342773,0.017105392833431002,10.940156936645508,-0.7299172282218933,11.670074462890625,,,0.09591853618621826,,,0,,"2011-01-01,2020-12-31",60,500,blockperm,selectivity,0,0.1
1,26,23,462,-1.4677363634109497,24.37579917907715,-0.06021285057067871,-0.05831952184845159,8.103813171386719,-0.2590802311897278,8.362893104553223,,,0.11348149180412292,,,0,,"2011-01-01,2020-12-31",60,500,blockperm,selectivity,0,0.1
1,27,23,462,-3.3820528984069824,23.000722885131836,-0.14704115688800812,-0.14128556542055304,4.97630500793457,0.33896151185035706,4.637343406677246,,,0.15449821949005127,,,0,,"2011-01-01,2020-12-31",60,500,blockperm,selectivity,0,0.1
1,28,23,462,-5.265165328979492,23.392154693603516,-0.22508253157138824,-0.2150061634082127,-0.6230776906013489,0.24128638207912445,-0.8643640875816345,,,0.1701745092868805,,,0,,"2011-01-01,2020-12-31",60,500,blockperm,selectivity,0,0.1
1,29,23,462,-5.618333339691162,24.14558219909668,-0.23268577456474304,-0.22270028889873936,-3.889059543609619,-0.3045993745326996,-3.5844602584838867,,,0.14540773630142212,,,0,,"2011-01-01,2020-12-31",60,500,blockperm,selectivity,0,0.1
1,30,23,462,-4.161350250244141,24.858896255493164,-0.1673988401889801,-0.16130468056918063,-2.0087473392486572,-0.0005029570311307907,-2.008244276046753,,,0.09192681312561035,,,0,,"2011-01-01,2020-12-31",60,500,blockperm,selectivity,0,0.1
2,0,8,421,-6.45858097076416,18.224285125732422,-0.35439419746398926,-0.3516148647903079,-2.7910919189453125,0.5045292973518372,-3.295621156692505,,,-0.006394535303115845,,,0,,"2011-01-01,2020-12-31",60,500,blockperm,selectivity,0,0.1
2,1,8,421,-6.421496868133545,19.223724365234375,-0.33404019474983215,-0.33169245348808,-2.22222900390625,-0.8551000952720642,-1.367128849029541,,,0.021950215101242065,,,0,,"2011-01-01,2020-12-31",60,500,blockperm,selectivity,0,0.1
2,2,8,421,-5.294764518737793,20.787567138671875,-0.2547082304954529,-0.25251666330891914,0.9190552234649658,-2.8214335441589355,3.7404887676239014,,,0.049485355615615845,,,0,,"2011-01-01,2020-12-31",60,500,blockperm,selectivity,0,0.1
2,3,8,421,-4.283663272857666,23.848482131958008,-0.1796199530363083,-0.1780256191675358,5.573784351348877,-2.3799378871917725,7.95372200012207,,,-0.013555288314819336,,,0,,"2011-01-01,2020-12-31",60,500,blockperm,selectivity,0,0.1
2,4,8,421,-3.24570894241333,25.05008316040039,-0.12956878542900085,-0.12868482536441156,5.164941787719727,-4.930925369262695,10.095867156982422,,,-0.06101396679878235,,,0,,"2011-01-01,2020-12-31",60,500,blockperm,selectivity,0,0.1
2,5,8,421,-1.5200963020324707,25.233932495117188,-0.06024016812443733,-0.06003031556862059,5.576108932495117,-6.935040473937988,12.511149406433105,,,-0.0655355155467987,,,0,,"2011-01-01,2020-12-31",60,500,blockperm,selectivity,0,0.1
2,6,8,421,0.5761713981628418,27.10613441467285,0.02125612646341324,0.02125820930970989,4.294755458831787,-7.284605503082275,11.579360961914062,,,-0.06244295835494995,,,0,,"2011-01-01,2020-12-31",60,500,blockperm,selectivity,0,0.1
2,7,8,421,1.1053895950317383,28.77050018310547,0.038420937955379486,0.038493912479422666,-10.22074031829834,-8.28392505645752,-1.9368152618408203,,,0.0023473799228668213,,,0,,"2011-01-01,2020-12-31",60,500,blockperm,selectivity,0,0.1
2,8,8,421,2.185317039489746,27.97429847717285,0.07811874151229858,0.07802007733019867,-18.934497833251953,-8.40755558013916,-10.526942253112793,,,0.10818642377853394,,,0,,"2011-01-01,2020-12-31",60,500,blockperm,selectivity,0,0.1
2,9,8,421,5.288388729095459,25.429855346679688,0.207959845662117,0.20660022785177737,-9.672147750854492,-7.704524517059326,-1.967623233795166,,,0.1478651762008667,,,0,,"2011-01-01,2020-12-31",60,500,blockperm,selectivity,0,0.1
2,10,8,421,6.211551666259766,23.82638168334961,0.2607005834579468,0.2584645771484797,-12.711358070373535,-5.638096809387207,-7.073261260986328,,,0.17221474647521973,,,1,,"2011-01-01,2020-12-31",60,500,blockperm,selectivity,0,0.1
2,11,8,421,5.408544540405273,23.008926391601562,0.2350628823041916,0.2333858358765441,-14.583666801452637,-6.4199724197387695,-8.163694381713867,,,0.15418463945388794,,,0,,"2011-01-01,2020-12-31",60,500,blockperm,selectivity,0,0.1
2,12,8,421,2.481762647628784,21.533166885375977,0.1152530238032341,0.11474097260764017,-5.077021598815918,-5.5872483253479,0.5102267265319824,,,0.07275205850601196,,,0,,"2011-01-01,2020-12-31",60,500,blockperm,selectivity,0,0.1
2,13,8,421,2.0141003131866455,20.64496612548828,0.09755890816450119,0.09720501147739308,-1.493211269378662,-3.543060779571533,2.049849510192871,,,0.06373566389083862,,,0,,"2011-01-01,2020-12-31",60,500,blockperm,selectivity,0,0.1
2,14,8,421,4.246472358703613,20.560914993286133,0.20653128623962402,0.20571233018631357,-5.898488998413086,-3.65966534614563,-2.238823652267456,,,0.08595094084739685,,,0,,"2011-01-01,2020-12-31",60,500,blockperm,selectivity,0,0.1
2,15,8,421,6.3696770668029785,21.800344467163086,0.29218241572380066,0.29083944376378906,-12.035005569458008,-5.895839691162109,-6.139165878295898,,,0.09268316626548767,,,0,,"2011-01-01,2020-12-31",60,500,blockperm,selectivity,0,0.1
2,16,8,421,8.32152271270752,22.230087280273438,0.37433603405952454,0.37301778918303646,-11.443599700927734,-6.671498775482178,-4.772100925445557,,,0.059593141078948975,,,0,,"2011-01-01,2020-12-31",60,500,blockperm,selectivity,0,0.1
2,17,8,421,8.837884902954102,21.8917293548584,0.4037088453769684,0.40258803727511383,-6.00386905670166,-6.796235084533691,0.7923660278320312,,,0.04211124777793884,,,0,,"2011-01-01,2020-12-31",60,500,blockperm,selectivity,0,0.1
2,18,8,421,9.093365669250488,22.98388671875,0.39564090967178345,0.39528430096186506,-1.1228448152542114,-7.945267200469971,6.822422504425049,,,0.0005325376987457275,,,0,,"2011-01-01,2020-12-31",60,500,blockperm,selectivity,0,0.1
2,19,8,421,9.846102714538574,24.655498504638672,0.39934712648391724,0.4004442903475544,3.1777820587158203,-7.858650207519531,11.036432266235352,,,-0.0602380633354187,,,0,,"2011-01-01,2020-12-31",60,500,blockperm,selectivity,0,0.1
2,20,8,421,10.826057434082031,24.825958251953125,0.43607813119888306,0.43873009280230096,6.670902252197266,-6.096614360809326,12.76751708984375,,,-0.1667567789554596,,,0,,"2011-01-01,2020-12-31",60,500,blockperm,selectivity,0,0.1
2,21,8,421,10.997020721435547,24.44254493713379,0.4499130845069885,0.45238519663402854,10.187323570251465,-2.9591903686523438,13.146513938903809,,,-0.08085170388221741,,,0,,"2011-01-01,2020-12-31",60,500,blockperm,selectivity,0,0.1
2,22,8,421,7.582760334014893,23.792539596557617,0.3187032639980316,0.31925063259634506,5.971461772918701,0.2664373219013214,5.705024242401123,,,0.05241870880126953,,,0,,"2011-01-01,2020-12-31",60,500,blockperm,selectivity,0,0.1
2,23,8,421,2.7477240562438965,22.241649627685547,0.12353958189487457,0.12339273113782363,1.8656996488571167,-0.01931481622159481,1.8850144147872925,,,0.07078281044960022,,,0,,"2011-01-01,2020-12-31",60,500,blockperm,selectivity,0,0.1
2,24,8,421,1.2642613649368286,21.73013687133789,0.05818009376525879,0.0581365566459421,-0.049799442291259766,-0.9190906882286072,0.8692912459373474,,,0.016944855451583862,,,0,,"2011-01-01,2020-12-31",60,500,blockperm,selectivity,0,0.1
2,25,8,421,3.033686637878418,21.517070770263672,0.1409897655248642,0.1412575268139874,2.325590133666992,-1.2278753519058228,3.5534653663635254,,,-0.06698629260063171,,,0,,"2011-01-01,2020-12-31",60,500,blockperm,selectivity,0,0.1
2,26,8,421,6.259030342102051,20.364011764526367,0.30735743045806885,0.3081081494343465,10.857165336608887,-1.3032010793685913,12.16036605834961,,,-0.04989340901374817,,,0,,"2011-01-01,2020-12-31",60,500,blockperm,selectivity,0,0.1
2,27,8,421,6.167366027832031,18.69236183166504,0.32994043827056885,0.33019627211588454,7.732780456542969,-0.6046332120895386,8.337413787841797,,,-0.011247247457504272,,,0,,"2011-01-01,2020-12-31",60,500,blockperm,selectivity,0,0.1
2,28,8,421,4.072201251983643,17.79411506652832,0.22885100543498993,0.22878149993584204,3.5146701335906982,-0.7041786909103394,4.218848705291748,,,-0.019121795892715454,,,0,,"2011-01-01,2020-12-31",60,500,blockperm,selectivity,0,0.1
2,29,8,421,2.807522773742676,17.295207977294922,0.1623295247554779,0.16233822311499482,0.8140696883201599,-0.814275860786438,1.6283454895019531,,,-0.01593095064163208,,,0,,"2011-01-01,2020-12-31",60,500,blockperm,selectivity,0,0.1
2,30,8,421,2.7811498641967773,16.73328399658203,0.16620466113090515,0.16639628837773163,0.38388848304748535,-1.1388907432556152,1.5227792263031006,,,-0.00605618953704834,,,0,,"2011-01-01,2020-12-31",60,500,blockperm,selectivity,0,0.1
3,0,25,457,-4.229287147521973,21.379133224487305,-0.19782313704490662,-0.19691950100210837,-18.923717498779297,-3.852944850921631,-15.070772171020508,,,0.049310505390167236,,,0,,"2011-01-01,2020-12-31",60,500,blockperm,selectivity,0,0.1
3,1,25,457,-4.2575297355651855,22.653675079345703,-0.18793991208076477,-0.18710548385482126,-23.188156127929688,-4.4103803634643555,-18.777774810791016,,,0.04073530435562134,,,0,,"2011-01-01,2020-12-31",60,500,blockperm,selectivity,0,0.1
3,2,25,457,-2.684121608734131,23.584524154663086,-0.11380859464406967,-0.11388768637062671,-15.028115272521973,-4.7225751876831055,-10.305540084838867,,,-0.03800716996192932,,,0,,"2011-01-01,2020-12-31",60,500,blockperm,selectivity,0,0.1
3,3,25,457,0.903501033782959,23.10837173461914,0.039098430424928665,0.03931733582238171,-6.0980000495910645,-3.8783531188964844,-2.21964693069458,,,-0.1272914558649063,,,0,,"2011-01-01,2020-12-31",60,500,blockperm,selectivity,0,0.1
3,4,25,457,4.371015548706055,21.27938461303711,0.20541080832481384,0.20399223321856902,9.470396041870117,-3.407731056213379,12.878127098083496,,,-0.07372379302978516,,,0,,"2011-01-01,2020-12-31",60,500,blockperm,selectivity,0,0.1
3,5,25,457,6.920110702514648,20.240083694458008,0.3419013023376465,0.3307160571729734,20.0748348236084,-1.1391538381576538,21.2139892578125,,,0.06644096970558167,,,0,,"2011-01-01,2020-12-31",60,500,blockperm,selectivity,0,0.1
3,6,25,457,6.0044331550598145,20.66191291809082,0.2906039357185364,0.28152914265653206,18.91196060180664,0.4331035315990448,18.478857040405273,,,0.10458511114120483,,,1,,"2011-01-01,2020-12-31",60,500,blockperm,selectivity,0,0.1
3,7,25,457,3.6723275184631348,19.980899810791016,0.1837919056415558,0.1798440061835484,9.775471687316895,-1.5184053182601929,11.293876647949219,,,0.07272285223007202,,,0,,"2011-01-01,2020-12-31",60,500,blockperm,selectivity,0,0.1
3,8,25,457,0.8539952039718628,18.312480926513672,0.046634599566459656,0.04619281539628023,4.153842449188232,-1.2114254236221313,5.365267753601074,,,-0.008943229913711548,,,0,,"2011-01-01,2020-12-31",60,500,blockperm,selectivity,0,0.1
3,9,25,457,-0.9686613082885742,16.545705795288086,-0.0585445761680603,-0.058447136888593876,-0.8130561113357544,-1.6080416440963745,0.7949855327606201,,,-0.06311626732349396,,,0,,"2011-01-01,2020-12-31",60,500,blockperm,selectivity,0,0.1
3,10,25,457,-1.3608616590499878,14.377713203430176,-0.09465077519416809,-0.09480010784861795,0.5675862431526184,-1.2365368604660034,1.8041231632232666,,,-0.08291591703891754,,,0,,"2011-01-01,2020-12-31",60,500,blockperm,selectivity,0,0.1
3,11,25,457,-1.5333082675933838,12.724303245544434,-0.12050233781337738,-0.12085711187784448,0.14199994504451752,-0.7564967274665833,0.898496687412262,,,-0.08648721873760223,,,0,,"2011-01-01,2020-12-31",60,500,blockperm,selectivity,0,0.1
3,12,25,457,-1.5872483253479004,11.891312599182129,-0.13347965478897095,-0.1337864316861191,-1.0013043880462646,-1.226710319519043,0.22540593147277832,,,-0.08500489592552185,,,0,,"2011-01-01,2020-12-31",60,500,blockperm,selectivity,0,0.1
3,13,25,457,-1.678417444229126,11.309126853942871,-0.14841264486312866,-0.14858067455827426,-0.5754907727241516,-0.9629840850830078,0.3874933123588562,,,-0.0815960019826889,,,0,,"2011-01-01,2020-12-31",60,500,blockperm,selectivity,0,0.1
3,14,25,457,-1.820426106452942,11.243861198425293,-0.1619040071964264,-0.16211919766872585,-2.8804779052734375,-1.9373435974121094,-0.9431343078613281,,,-0.07455332577228546,,,0,,"2011-01-01,2020-12-31",60,500,blockperm,selectivity,0,0.1
3,15,25,457,-1.9568740129470825,11.519729614257812,-0.169871523976326,-0.17007077043050456,-4.834005832672119,-2.026268720626831,-2.807737112045288,,,-0.07359974086284637,,,0,,"2011-01-01,2020-12-31",60,500,blockperm,selectivity,0,0.1
3,16,25,457,-1.9994561672210693,11.757529258728027,-0.1700575053691864,-0.16988104637941562,-4.555042266845703,-2.264468193054199,-2.290574073791504,,,-0.06719213724136353,,,0,,"2011-01-01,2020-12-31",60,500,blockperm,selectivity,0,0.1
3,17,25,457,-1.9759492874145508,12.241089820861816,-0.16141939163208008,-0.1607887423306531,-4.744442939758301,-3.036263942718506,-1.708178997039795,,,-0.04876171052455902,,,0,,"2011-01-01,2020-12-31",60,500,blockperm,selectivity,0,0.1
3,18,25,457,-1.727957010269165,13.299696922302246,-0.12992453575134277,-0.12951919536325704,-5.225154876708984,-3.1517527103424072,-2.073402166366577,,,-0.0480218380689621,,,0,,"2011-01-01,2020-12-31",60,500,blockperm,selectivity,0,0.1
3,19,25,457,-2.1636738777160645,15.174819946289062,-0.14258316159248352,-0.1426881874017354,-5.414455413818359,-2.2027015686035156,-3.2117538452148438,,,-0.061513423919677734,,,0,,"2011-01-01,2020-12-31",60,500,blockperm,selectivity,0,0.1
3,20,25,457,-2.4279189109802246,17.713407516479492,-0.13706673681735992,-0.13851368444634485,-6.647352695465088,-2.4842774868011475,-4.1630754470825195,,,-0.09935995936393738,,,0,,"2011-01-01,2020-12-31",60,500,blockperm,selectivity,0,0.1
3,21,25,457,-0.9251290559768677,19.701566696166992,-0.04695713147521019,-0.047767734543434234,0.3271973729133606,-1.4928128719329834,1.8200101852416992,,,-0.1648171842098236,,,0,,"2011-01-01,2020-12-31",60,500,blockperm,selectivity,0,0.1
3,22,25,457,1.4242867231369019,19.597034454345703,0.07267868518829346,0.07354361349550464,2.2085678577423096,0.4624491333961487,1.7461187839508057,,,-0.0981474369764328,,,0,,"2011-01-01,2020-12-31",60,500,blockperm,selectivity,0,0.1
3,23,25,457,1.8285584449768066,17.8974666595459,0.10216856002807617,0.10280205835740758,-2.863633632659912,-0.6802739500999451,-2.1833596229553223,,,-0.03633721172809601,,,0,,"2011-01-01,2020-12-31",60,500,blockperm,selectivity,0,0.1
3,24,25,457,0.5290960669517517,16.665037155151367,0.03174886852502823,0.03179308150168901,-6.328535556793213,-0.24547716975212097,-6.0830583572387695,,,0.04736095666885376,,,0,,"2011-01-01,2020-12-31",60,500,blockperm,selectivity,0,0.1
3,25,25,457,0.02983802556991577,16.36280059814453,0.0018235280876979232,0.0018182034166583625,-5.998663425445557,0.3198798894882202,-6.318543434143066,,,0.07909780740737915,,,0,,"2011-01-01,2020-12-31",60,500,blockperm,selectivity,0,0.1
3,26,25,457,0.14696991443634033,16.504343032836914,0.008904923684895039,0.008839721349331323,-6.961017608642578,-0.014918230473995209,-6.946099281311035,,,0.05883309245109558,,,0,,"2011-01-01,2020-12-31",60,500,blockperm,selectivity,0,0.1
3,27,25,457,0.5096720457077026,16.584869384765625,0.030731145292520523,0.03052910112037552,-5.896783351898193,-1.0475317239761353,-4.849251747131348,,,0.02990397810935974,,,0,,"2011-01-01,2020-12-31",60,500,blockperm,selectivity,0,0.1
3,28,25,457,-0.13735461235046387,16.05716896057129,-0.008554099127650261,-0.008514608541974313,-6.2491774559021,-1.7288289070129395,-4.52034854888916,,,0.02236098051071167,,,0,,"2011-01-01,2020-12-31",60,500,blockperm,selectivity,0,0.1
3,29,25,457,-1.442580223083496,15.26619815826416,-0.09449505060911179,-0.09409856253341427,-8.052644729614258,-2.423377275466919,-5.629267692565918,,,0.028202295303344727,,,0,,"2011-01-01,2020-12-31",60,500,blockperm,selectivity,0,0.1
3,30,25,457,-2.337744951248169,14.41425609588623,-0.16218283772468567,-0.1613902667280245,-8.160660743713379,-2.8571228981018066,-5.303537845611572,,,0.022161662578582764,,,0,,"2011-01-01,2020-12-31",60,500,blockperm,selectivity,0,0.1
4,0,38,482,-4.388861656188965,23.897445678710938,-0.18365401029586792,-0.18280027964755505,-9.700701713562012,-3.945096969604492,-5.7556047439575195,,,-0.015489071607589722,,,0,,"2011-01-01,2020-12-31",60,500,blockperm,selectivity,0,0.1
4,1,38,482,-3.470684051513672,23.596956253051758,-0.14708185195922852,-0.14762851274263278,-6.498452186584473,-3.390204429626465,-3.108247756958008,,,-0.0757807195186615,,,0,,"2011-01-01,2020-12-31",60,500,blockperm,selectivity,0,0.1
4,2,38,482,-1.264514446258545,22.975086212158203,-0.05503850802779198,-0.055547192044420164,-2.1767935752868652,-3.0056605339050293,0.8288669586181641,,,-0.11975935101509094,,,0,,"2011-01-01,2020-12-31",60,500,blockperm,selectivity,0,0.1
4,3,38,482,1.962936520576477,20.5689640045166,0.09543196111917496,0.0962044453915468,1.8832838535308838,-1.506713628768921,3.3899974822998047,,,-0.10046446323394775,,,0,,"2011-01-01,2020-12-31",60,500,blockperm,selectivity,0,0.1
4,4,38,482,4.314123630523682,17.527475357055664,0.2461349070072174,0.24455412060702905,2.718423366546631,-1.3439860343933105,4.062409400939941,,,-0.062330812215805054,,,0,,"2011-01-01,2020-12-31",60,500,blockperm,selectivity,0,0.1
4,5,38,482,5.086114883422852,16.61306381225586,0.30615153908729553,0.30325874889256527,11.513927459716797,0.9462213516235352,10.567706108093262,,,-0.002380073070526123,,,0,,"2011-01-01,2020-12-31",60,500,blockperm,selectivity,0,0.1
4,6,38,482,5.341703414916992,17.215641021728516,0.31028199195861816,0.30699230572530906,9.400604248046875,1.3678109645843506,8.032793045043945,,,0.007625162601470947,,,0,,"2011-01-01,2020-12-31",60,500,blockperm,selectivity,0,0.1
4,7,38,482,4.951911926269531,17.483219146728516,0.2832379937171936,0.27931844866171696,6.190378189086914,1.3869173526763916,4.803461074829102,,,0.0030062198638916016,,,0,,"2011-01-01,2020-12-31",60,500,blockperm,selectivity,0,0.1
4,8,38,482,4.271092414855957,17.109689712524414,0.24963003396987915,0.24539552343607063,4.670620441436768,1.031584620475769,3.639035701751709,,,-0.002406895160675049,,,0,,"2011-01-01,2020-12-31",60,500,blockperm,selectivity,0,0.1
4,9,38,482,3.7059264183044434,17.20855712890625,0.21535369753837585,0.21146155115113183,3.123811721801758,1.1023927927017212,2.021419048309326,,,-0.01503819227218628,,,0,,"2011-01-01,2020-12-31",60,500,blockperm,selectivity,0,0.1
4,10,38,482,4.1688971519470215,17.611177444458008,0.2367188185453415,0.2329608318595097,4.569023132324219,0.9234243631362915,3.645598888397217,,,-0.020775586366653442,,,0,,"2011-01-01,2020-12-31",60,500,blockperm,selectivity,0,0.1
4,11,38,482,5.0560622215271,17.562498092651367,0.287889689207077,0.2854793176714269,5.856971740722656,0.9660096168518066,4.89096212387085,,,-0.028761953115463257,,,0,,"2011-01-01,2020-12-31",60,500,blockperm,selectivity,0,0.1
4,12,38,482,5.6041741371154785,16.899980545043945,0.3316083252429962,0.3319177592526892,4.973443508148193,0.16767644882202148,4.805767059326172,,,-0.044604212045669556,,,0,,"2011-01-01,2020-12-31",60,500,blockperm,selectivity,0,0.1
4,13,38,482,5.482460975646973,15.893177032470703,0.3449569046497345,0.3477207891694641,7.093022346496582,-0.32485607266426086,7.4178786277771,,,-0.04332643747329712,,,0,,"2011-01-01,2020-12-31",60,500,blockperm,selectivity,0,0.1
4,14,38,482,5.301947593688965,15.035542488098145,0.35262763500213623,0.3563836118266882,7.397141456604004,0.18633928894996643,7.21080207824707,,,-0.03737430274486542,,,0,,"2011-01-01,2020-12-31",60,500,blockperm,selectivity,0,0.1
4,15,38,482,5.349369049072266,14.572137832641602,0.3670956790447235,0.37233967427591846,8.189472198486328,0.423827588558197,7.765644550323486,,,-0.038168713450431824,,,0,,"2011-01-01,2020-12-31",60,500,blockperm,selectivity,0,0.1
4,16,38,482,5.645741939544678,14.732590675354004,0.38321447372436523,0.3902317451049057,9.207948684692383,0.1981147825717926,9.009834289550781,,,-0.044262662529945374,,,0,,"2011-01-01,2020-12-31",60,500,blockperm,selectivity,0,0.1
4,17,38,482,5.590147972106934,14.857161521911621,0.3762594759464264,0.38375395323115624,8.901742935180664,0.27872347831726074,8.623019218444824,,,-0.05316518247127533,,,0,,"2011-01-01,2020-12-31",60,500,blockperm,selectivity,0,0.1
4,18,38,482,5.557003974914551,14.95559024810791,0.3715670108795166,0.37927278500021117,7.349250793457031,0.433788001537323,6.915462970733643,,,-0.05484840273857117,,,0,,"2011-01-01,2020-12-31",60,500,blockperm,selectivity,0,0.1
4,19,38,482,5.527218341827393,14.887557983398438,0.3712642788887024,0.37918691792605463,7.889621734619141,0.5197290778160095,7.369892597198486,,,-0.053147926926612854,,,0,,"2011-01-01,2020-12-31",60,500,blockperm,selectivity,0,0.1
4,20,38,482,4.728031635284424,14.471207618713379,0.32671990990638733,0.3322966278844745,5.571699142456055,0.2636425793170929,5.308056354522705,,,-0.04949711263179779,,,0,,"2011-01-01,2020-12-31",60,500,blockperm,selectivity,0,0.1
4,21,38,482,3.703442096710205,14.07552433013916,0.2631121873855591,0.26584363612640105,2.2695369720458984,0.302395761013031,1.9671411514282227,,,-0.04494352638721466,,,0,,"2011-01-01,2020-12-31",60,500,blockperm,selectivity,0,0.1
4,22,38,482,2.7475178241729736,14.250927925109863,0.19279570877552032,0.19313665062010005,-0.06762632727622986,-0.1704617142677307,0.10283538699150085,,,-0.043674781918525696,,,0,,"2011-01-01,2020-12-31",60,500,blockperm,selectivity,0,0.1
4,23,38,482,2.47232723236084,15.580134391784668,0.1586845964193344,0.15760778014097349,-0.32786235213279724,0.38561052083969116,-0.713472843170166,,,-0.02919521927833557,,,0,,"2011-01-01,2020-12-31",60,500,blockperm,selectivity,0,0.1
4,24,38,482,2.4988090991973877,17.06476593017578,0.14643090963363647,0.14438745956457538,-1.2285664081573486,0.11616512387990952,-1.3447315692901611,,,0.0028350651264190674,,,0,,"2011-01-01,2020-12-31",60,500,blockperm,selectivity,0,0.1
4,25,38,482,2.866708993911743,17.96550941467285,0.15956737101078033,0.15654139272546305,-0.26198112964630127,0.004878038540482521,-0.26685917377471924,,,0.017835140228271484,,,0,,"2011-01-01,2020-12-31",60,500,blockperm,selectivity,0,0.1
4,26,38,482,3.7514452934265137,18.815073013305664,0.19938510656356812,0.19515425461304192,-1.1367062330245972,-0.6970412731170654,-0.43966495990753174,,,0.017465263605117798,,,0,,"2011-01-01,2020-12-31",60,500,blockperm,selectivity,0,0.1
4,27,38,482,4.610146522521973,19.334388732910156,0.23844283819198608,0.23354624671293514,-2.5665903091430664,-1.436816692352295,-1.1297736167907715,,,0.000266343355178833,,,0,,"2011-01-01,2020-12-31",60,500,blockperm,selectivity,0,0.1
4,28,38,482,5.2243781089782715,19.14083480834961,0.2729441225528717,0.2673001102015387,-2.9710001945495605,-1.3212692737579346,-1.649730920791626,,,0.008025139570236206,,,0,,"2011-01-01,2020-12-31",60,500,blockperm,selectivity,0,0.1
4,29,38,482,5.244588851928711,18.69242286682129,0.2805729806423187,0.2746044984491058,-3.2778401374816895,-1.406162977218628,-1.8716771602630615,,,0.032136231660842896,,,0,,"2011-01-01,2020-12-31",60,500,blockperm,selectivity,0,0.1
4,30,38,482,4.913994789123535,18.4541015625,0.26628199219703674,0.2605455213470244,-2.403665781021118,-1.7217870950698853,-0.6818786859512329,,,0.04976007342338562,,,1,,"2011-01-01,2020-12-31",60,500,blockperm,selectivity,0,0.1
5,0,21,406,-5.143002510070801,12.45211410522461,-0.4130224287509918,-0.3986824570727979,-3.850407361984253,-0.7909978628158569,-3.0594096183776855,,,0.025124892592430115,,,0,,"2011-01-01,2020-12-31",60,500,blockperm,selectivity,0,0.1
5,1,21,406,-0.16256481409072876,12.030481338500977,-0.013512743636965752,-0.013313942631416172,-0.3642525374889374,-0.46507877111434937,0.10082623362541199,,,-0.008338242769241333,,,0,,"2011-01-01,2020-12-31",60,500,blockperm,selectivity,0,0.1
5,2,21,406,2.8256938457489014,11.920555114746094,0.2370438128709793,0.23657743820771854,1.7676535844802856,-0.08223772048950195,1.8498913049697876,,,-0.03182646632194519,,,0,,"2011-01-01,2020-12-31",60,500,blockperm,selectivity,0,0.1
5,3,21,406,4.782110691070557,12.083880424499512,0.3957429528236389,0.3982582334451703,4.808900356292725,-0.06255725026130676,4.871457576751709,,,-0.052762746810913086,,,0,,"2011-01-01,2020-12-31",60,500,blockperm,selectivity,0,0.1
5,4,21,406,7.409951210021973,12.517732620239258,0.5919563174247742,0.599492102079117,7.226101398468018,-0.01098693162202835,7.237088203430176,,,-0.044818535447120667,,,0,,"2011-01-01,2020-12-31",60,500,blockperm,selectivity,0,0.1
5,5,21,406,10.254963874816895,12.924799919128418,0.7934330701828003,0.8067735068926741,10.20707893371582,-0.36791208386421204,10.574991226196289,,,0.0023032724857330322,,,0,,"2011-01-01,2020-12-31",60,500,blockperm,selectivity,0,0.1
5,6,21,406,12.730085372924805,13.042350769042969,0.9760575890541077,0.993397085017381,13.773481369018555,-0.07454069703817368,13.8480224609375,,,0.023264184594154358,,,0,,"2011-01-01,2020-12-31",60,500,blockperm,selectivity,0,0.1
5,7,21,406,15.27341365814209,13.472042083740234,1.133711814880371,1.1527728511543829,18.08182716369629,-0.5495612025260925,18.63138771057129,,,0.03281128406524658,,,0,,"2011-01-01,2020-12-31",60,500,blockperm,selectivity,0,0.1
5,8,21,406,18.617076873779297,14.426445960998535,1.290482521057129,1.308060292179104,21.676984786987305,-0.7798622846603394,22.456846237182617,,,0.07592964172363281,,,0,,"2011-01-01,2020-12-31",60,500,blockperm,selectivity,0,0.1
5,9,21,406,21.949481964111328,15.585498809814453,1.4083272218704224,1.4195580434579802,25.242942810058594,-0.7177558541297913,25.9606990814209,,,0.1082887053489685,,,0,,"2011-01-01,2020-12-31",60,500,blockperm,selectivity,0,0.1
5,10,21,406,23.794864654541016,16.593082427978516,1.434023141860962,1.4368582406854624,26.329179763793945,-0.7329732179641724,27.062152862548828,,,0.12351217865943909,,,1,,"2011-01-01,2020-12-31",60,500,blockperm,selectivity,0,0.1
5,11,21,406,24.671077728271484,17.113019943237305,1.4416553974151611,1.4364675024384463,27.308591842651367,-0.5888522863388062,27.897443771362305,,,0.11745956540107727,,,0,,"2011-01-01,2020-12-31",60,500,blockperm,selectivity,0,0.1
5,12,21,406,25.659013748168945,17.395456314086914,1.475041151046753,1.4605228767933156,29.2017879486084,-0.24901720881462097,29.4508056640625,,,0.12018057703971863,,,0,,"2011-01-01,2020-12-31",60,500,blockperm,selectivity,0,0.1
5,13,21,406,26.330364227294922,17.502490997314453,1.504378080368042,1.4805311317697036,26.78175926208496,-0.4899390935897827,27.271697998046875,,,0.11870375275611877,,,0,,"2011-01-01,2020-12-31",60,500,blockperm,selectivity,0,0.1
5,14,21,406,24.740516662597656,17.421207427978516,1.420137882232666,1.3864600527804902,22.498443603515625,-0.9215582609176636,23.420001983642578,,,0.09177866578102112,,,0,,"2011-01-01,2020-12-31",60,500,blockperm,selectivity,0,0.1
5,15,21,406,23.970409393310547,17.088645935058594,1.402709722518921,1.3676820286082612,20.55255126953125,-0.624508261680603,21.177059173583984,,,0.06619298458099365,,,0,,"2011-01-01,2020-12-31",60,500,blockperm,selectivity,0,0.1
5,16,21,406,25.14674186706543,17.283245086669922,1.4549779891967773,1.4311916502861126,20.81244659423828,-1.3434953689575195,22.155941009521484,,,0.0638059675693512,,,0,,"2011-01-01,2020-12-31",60,500,blockperm,selectivity,0,0.1
5,17,21,406,28.293664932250977,18.04958152770996,1.5675524473190308,1.5523574297353384,26.459604263305664,-0.8108663558959961,27.270469665527344,,,0.08402243256568909,,,0,,"2011-01-01,2020-12-31",60,500,blockperm,selectivity,0,0.1
5,18,21,406,29.25446891784668,18.007610321044922,1.6245614290237427,1.6171549204952702,28.539955139160156,-0.5653669238090515,29.105321884155273,,,0.12014412879943848,,,0,,"2011-01-01,2020-12-31",60,500,blockperm,selectivity,0,0.1
5,19,21,406,28.73263931274414,18.21306800842285,1.57758367061615,1.579684212242267,27.774986267089844,-0.24203041195869446,28.017017364501953,,,0.11682239174842834,,,0,,"2011-01-01,2020-12-31",60,500,blockperm,selectivity,0,0.1
5,20,21,406,27.64740753173828,18.13547706604004,1.5244929790496826,1.5322688126509654,27.126571655273438,-0.276122510433197,27.402694702148438,,,0.0990787148475647,,,0,,"2011-01-01,2020-12-31",60,500,blockperm,selectivity,0,0.1
5,21,21,406,26.42196273803711,17.63930892944336,1.4979023933410645,1.5069505745710712,25.561819076538086,-0.34058743715286255,25.902406692504883,,,0.07301744818687439,,,0,,"2011-01-01,2020-12-31",60,500,blockperm,selectivity,0,0.1
5,22,21,406,26.56517791748047,17.360071182250977,1.5302459001541138,1.537256360990255,25.409406661987305,-0.6818402409553528,26.09124755859375,,,0.050518542528152466,,,0,,"2011-01-01,2020-12-31",60,500,blockperm,selectivity,0,0.1
5,23,21,406,26.078388214111328,16.672374725341797,1.5641676187515259,1.5719932243533694,28.315290451049805,-0.6364096403121948,28.95170021057129,,,0.03833043575286865,,,0,,"2011-01-01,2020-12-31",60,500,blockperm,selectivity,0,0.1
5,24,21,406,25.58163833618164,16.22814178466797,1.576375126838684,1.589714174063361,27.469825744628906,0.08256131410598755,27.387264251708984,,,0.05739174783229828,,,0,,"2011-01-01,2020-12-31",60,500,blockperm,selectivity,0,0.1
5,25,21,406,23.971214294433594,15.60910415649414,1.5357201099395752,1.5533251720409562,25.038959503173828,0.5137288570404053,24.525230407714844,,,0.06149853765964508,,,0,,"2011-01-01,2020-12-31",60,500,blockperm,selectivity,0,0.1
5,26,21,406,22.5557804107666,15.384119987487793,1.4661729335784912,1.4855492395660967,25.172801971435547,0.22302216291427612,24.949779510498047,,,0.060144275426864624,,,0,,"2011-01-01,2020-12-31",60,500,blockperm,selectivity,0,0.1
5,27,21,406,20.592649459838867,15.162683486938477,1.3581137657165527,1.37837008375215,21.21975326538086,-0.3860994577407837,21.605852127075195,,,0.04952269792556763,,,0,,"2011-01-01,2020-12-31",60,500,blockperm,selectivity,0,0.1
5,28,21,406,17.990386962890625,14.418604850769043,1.2477203607559204,1.266930158586613,14.975800514221191,-0.8845992684364319,15.860400199890137,,,0.030355125665664673,,,0,,"2011-01-01,2020-12-31",60,500,blockperm,selectivity,0,0.1
5,29,21,406,16.76668930053711,13.812821388244629,1.213849663734436,1.2321894979171635,13.612720489501953,-1.510887861251831,15.123608589172363,,,0.03012813627719879,,,0,,"2011-01-01,2020-12-31",60,500,blockperm,selectivity,0,0.1
5,30,21,406,16.744142532348633,13.784065246582031,1.214746356010437,1.2314581502011694,14.050994873046875,-1.5826940536499023,15.633688926696777,,,0.02842351794242859,,,0,,"2011-01-01,2020-12-31",60,500,blockperm,selectivity,0,0.1
6,0,25,388,6.031226634979248,18.591400146484375,0.32440948486328125,0.3268546168044688,10.168149948120117,3.7998428344726562,6.368307113647461,,,-0.062419891357421875,,,0,,"2011-01-01,2020-12-31",60,500,blockperm,selectivity,0,0.1
6,1,25,388,8.06876277923584,19.0665340423584,0.42318978905677795,0.4253853164523917,14.244654655456543,2.5965795516967773,11.648075103759766,,,-0.029883891344070435,,,0,,"2011-01-01,2020-12-31",60,500,blockperm,selectivity,0,0.1
6,2,25,388,8.668571472167969,18.46950340270996,0.4693451225757599,0.47106926487438494,14.472244262695312,3.1808767318725586,11.291367530822754,,,-0.008666634559631348,,,0,,"2011-01-01,2020-12-31",60,500,blockperm,selectivity,0,0.1
6,3,25,388,6.203502178192139,18.177221298217773,0.34127891063690186,0.3413342941112964,10.776437759399414,2.814284324645996,7.962153434753418,,,-0.0013682842254638672,,,0,,"2011-01-01,2020-12-31",60,500,blockperm,selectivity,0,0.1
6,4,25,388,3.5685184001922607,17.389616012573242,0.20520973205566406,0.20381127623310274,6.836094856262207,1.142853021621704,5.693242073059082,,,0.014552801847457886,,,0,,"2011-01-01,2020-12-31",60,500,blockperm,selectivity,0,0.1
6,5,25,388,0.923282265663147,15.08083438873291,0.061222225427627563,0.06036712971246348,7.060244083404541,0.34192922711372375,6.7183146476745605,,,-0.004304647445678711,,,0,,"2011-01-01,2020-12-31",60,500,blockperm,selectivity,0,0.1
6,6,25,388,-1.1806001663208008,13.194106101989746,-0.08947935700416565,-0.08728791864274316,-0.01889612339437008,0.8092306852340698,-0.8281267881393433,,,0.0019676536321640015,,,0,,"2011-01-01,2020-12-31",60,500,blockperm,selectivity,0,0.1
6,7,25,388,-1.0277023315429688,11.809335708618164,-0.08702456951141357,-0.08389950367257328,-1.7652729749679565,0.7037092447280884,-2.468982219696045,,,0.02856449782848358,,,0,,"2011-01-01,2020-12-31",60,500,blockperm,selectivity,0,0.1
6,8,25,388,0.6194273829460144,11.302803993225098,0.05480298399925232,0.05242425791438249,-2.83821177482605,0.4653986990451813,-3.3036105632781982,,,0.058626219630241394,,,0,,"2011-01-01,2020-12-31",60,500,blockperm,selectivity,0,0.1
6,9,25,388,1.2399811744689941,11.284160614013672,0.10988687723875046,0.1051061108633383,-2.155146837234497,0.1421511173248291,-2.297297954559326,,,0.07141853868961334,,,0,,"2011-01-01,2020-12-31",60,500,blockperm,selectivity,0,0.1
6,10,25,388,2.434429168701172,11.800642967224121,0.20629630982875824,0.19900722343736135,3.2419521808624268,-0.20726659893989563,3.44921875,,,0.06715917587280273,,,0,,"2011-01-01,2020-12-31",60,500,blockperm,selectivity,0,0.1
6,11,25,388,4.013214588165283,12.568236351013184,0.31931406259536743,0.3107608199001013,7.03058385848999,-0.2548219561576843,7.28540563583374,,,0.07151161134243011,,,0,,"2011-01-01,2020-12-31",60,500,blockperm,selectivity,0,0.1
6,12,25,388,6.850961685180664,13.122292518615723,0.5220857262611389,0.5131009376217199,11.052449226379395,0.04847726225852966,11.003972053527832,,,0.0718073695898056,,,0,,"2011-01-01,2020-12-31",60,500,blockperm,selectivity,0,0.1
6,13,25,388,9.208762168884277,13.177298545837402,0.6988353729248047,0.69213641463537,14.346076011657715,-0.11310552805662155,14.459181785583496,,,0.06569637358188629,,,0,,"2011-01-01,2020-12-31",60,500,blockperm,selectivity,0,0.1
6,14,25,388,10.199214935302734,13.029337882995605,0.7827884554862976,0.7782152076304533,13.553946495056152,-0.465913861989975,14.01986026763916,,,0.053011536598205566,,,0,,"2011-01-01,2020-12-31",60,500,blockperm,selectivity,0,0.1
6,15,25,388,9.589776992797852,13.141575813293457,0.729728102684021,0.7267482133929226,11.821039199829102,-0.26670026779174805,12.087739944458008,,,0.03688944876194,,,0,,"2011-01-01,2020-12-31",60,500,blockperm,selectivity,0,0.1
6,16,25,388,7.9694037437438965,13.442010879516602,0.5928728580474854,0.5909491905598329,10.86320686340332,0.1770404577255249,10.686166763305664,,,0.013285234570503235,,,0,,"2011-01-01,2020-12-31",60,500,blockperm,selectivity,0,0.1
6,17,25,388,5.849076271057129,13.800702095031738,0.4238245487213135,0.42185565736127073,9.618829727172852,0.30159449577331543,9.317234992980957,,,-0.008210569620132446,,,0,,"2011-01-01,2020-12-31",60,500,blockperm,selectivity,0,0.1
6,18,25,388,2.5798096656799316,14.201461791992188,0.18165802955627441,0.18008016373574504,7.015639781951904,0.3618530035018921,6.653786659240723,,,-0.017429187893867493,,,0,,"2011-01-01,2020-12-31",60,500,blockperm,selectivity,0,0.1
6,19,25,388,-2.4566094875335693,15.210844993591309,-0.16150382161140442,-0.15919314269156665,1.7520886659622192,0.29446423053741455,1.4576244354248047,,,-0.010865479707717896,,,0,,"2011-01-01,2020-12-31",60,500,blockperm,selectivity,0,0.1
6,20,25,388,-6.87360954284668,16.616731643676758,-0.41365593671798706,-0.4057743147453783,-2.4828593730926514,0.12604360282421112,-2.608902931213379,,,0.004178345203399658,,,0,,"2011-01-01,2020-12-31",60,500,blockperm,selectivity,0,0.1
6,21,25,388,-11.773734092712402,19.02025032043457,-0.6190104484558105,-0.6040530869782558,-8.667657852172852,0.6960161924362183,-9.36367416381836,,,-0.004209965467453003,,,0,,"2011-01-01,2020-12-31",60,500,blockperm,selectivity,0,0.1
6,22,25,388,-15.371391296386719,19.668819427490234,-0.7815106511116028,-0.7657845800481033,-14.398737907409668,0.9253246784210205,-15.32406234741211,,,-0.00812065601348877,,,0,,"2011-01-01,2020-12-31",60,500,blockperm,selectivity,0,0.1
6,23,25,388,-15.927746772766113,17.665733337402344,-0.9016181826591492,-0.9027914092891612,-22.15254783630371,-0.24274063110351562,-21.909807205200195,,,-0.032292455434799194,,,0,,"2011-01-01,2020-12-31",60,500,blockperm,selectivity,0,0.1
6,24,25,388,-17.95969009399414,17.785036087036133,-1.0098202228546143,-1.0212709864027762,-21.197866439819336,-1.5231220722198486,-19.67474365234375,,,-0.004504859447479248,,,0,,"2011-01-01,2020-12-31",60,500,blockperm,selectivity,0,0.1
6,25,25,388,-21.99081039428711,18.8314266204834,-1.1677719354629517,-1.184325901688741,-27.919023513793945,-1.5206844806671143,-26.398338317871094,,,0.05439770221710205,,,0,,"2011-01-01,2020-12-31",60,500,blockperm,selectivity,0,0.1
6,26,25,388,-22.57291603088379,18.64849853515625,-1.2104414701461792,-1.2296538129859846,-27.38445281982422,-2.776505708694458,-24.607946395874023,,,0.08524090051651001,,,0,,"2011-01-01,2020-12-31",60,500,blockperm,selectivity,0,0.1
6,27,25,388,-21.736846923828125,17.635488510131836,-1.232562780380249,-1.2516640442846172,-22.08979034423828,-3.48655104637146,-18.603239059448242,,,0.09113466739654541,,,0,,"2011-01-01,2020-12-31",60,500,blockperm,selectivity,0,0.1
6,28,25,388,-21.547407150268555,17.300294876098633,-1.2454936504364014,-1.2625346525609331,-19.38356590270996,-3.543856620788574,-15.839709281921387,,,0.09721308946609497,,,1,,"2011-01-01,2020-12-31",60,500,blockperm,selectivity,0,0.1
6,29,25,388,-18.379480361938477,16.87629508972168,-1.0890707969665527,-1.1040114806254337,-19.267683029174805,-2.722996950149536,-16.54468536376953,,,0.06427663564682007,,,0,,"2011-01-01,2020-12-31",60,500,blockperm,selectivity,0,0.1
6,30,25,388,-12.30832576751709,15.81961727142334,-0.7780419588088989,-0.7893156176049326,-14.226323127746582,-2.163114547729492,-12.06320858001709,,,-0.01512862741947174,,,0,,"2011-01-01,2020-12-31",60,500,blockperm,selectivity,0,0.1
7,0,17,378,7.674381732940674,12.392382621765137,0.6192821860313416,0.6099953905143265,10.400712966918945,0.7052717208862305,9.695441246032715,,,0.09342929720878601,,,0,,"2011-01-01,2020-12-31",60,500,blockperm,selectivity,0,0.1
7,1,17,378,8.294127464294434,11.666901588439941,0.7109109163284302,0.6887922961170071,14.892404556274414,0.7937560081481934,14.098648071289062,,,0.13153009116649628,,,1,,"2011-01-01,2020-12-31",60,500,blockperm,selectivity,0,0.1
7,2,17,378,9.24284553527832,11.097373008728027,0.8328859210014343,0.7942374182810678,17.70448875427246,0.1565772294998169,17.547910690307617,,,0.12518635392189026,,,0,,"2011-01-01,2020-12-31",60,500,blockperm,selectivity,0,0.1
7,3,17,378,9.35693073272705,10.47565746307373,0.8932070136070251,0.8501096299825875,17.429611206054688,-0.6077636480331421,18.03737449645996,,,0.09164433181285858,,,0,,"2011-01-01,2020-12-31",60,500,blockperm,selectivity,0,0.1
7,4,17,378,7.647103786468506,10.0183744430542,0.7633078694343567,0.7287195337031832,10.0722017288208,-0.8198121786117554,10.892013549804688,,,0.06170076131820679,,,0,,"2011-01-01,2020-12-31",60,500,blockperm,selectivity,0,0.1
7,5,17,378,3.0852925777435303,9.91644287109375,0.31112897396087646,0.29927168960274814,-1.2303258180618286,-0.9783209562301636,-0.25200486183166504,,,0.016620412468910217,,,0,,"2011-01-01,2020-12-31",60,500,blockperm,selectivity,0,0.1
7,6,17,378,-4.6052985191345215,10.596071243286133,-0.43462321162223816,-0.4294548495429129,-6.358728885650635,-0.6389448642730713,-5.719783782958984,,,-0.03065931797027588,,,0,,"2011-01-01,2020-12-31",60,500,blockperm,selectivity,0,0.1
7,7,17,378,-12.502819061279297,12.290688514709473,-1.0172594785690308,-1.0238600826383786,-13.716203689575195,0.10775597393512726,-13.823959350585938,,,-0.0311279296875,,,0,,"2011-01-01,2020-12-31",60,500,blockperm,selectivity,0,0.1
7,8,17,378,-18.722505569458008,14.155998229980469,-1.322584629058838,-1.3396182141147845,-19.550106048583984,0.19596606492996216,-19.74607276916504,,,0.014913678169250488,,,0,,"2011-01-01,2020-12-31",60,500,blockperm,selectivity,0,0.1
7,9,17,378,-20.90846061706543,14.513114929199219,-1.440659761428833,-1.4604605305638492,-22.459209442138672,0.05169571191072464,-22.51090431213379,,,0.03906512260437012,,,0,,"2011-01-01,2020-12-31",60,500,blockperm,selectivity,0,0.1
7,10,17,378,-17.077756881713867,14.20922565460205,-1.2018780708312988,-1.2126072739741918,-20.461456298828125,0.9541193246841431,-21.41557502746582,,,-0.004734724760055542,,,0,,"2011-01-01,2020-12-31",60,500,blockperm,selectivity,0,0.1
7,11,17,378,-12.701395034790039,13.867047309875488,-0.9159408211708069,-0.9236255471702451,-14.84549617767334,0.8932487368583679,-15.738744735717773,,,-0.047706469893455505,,,0,,"2011-01-01,2020-12-31",60,500,blockperm,selectivity,0,0.1
7,12,17,378,-11.003064155578613,13.293316841125488,-0.8277139663696289,-0.8393536447521206,-10.396829605102539,0.10956862568855286,-10.50639820098877,,,-0.07688388228416443,,,0,,"2011-01-01,2020-12-31",60,500,blockperm,selectivity,0,0.1
7,13,17,378,-10.819977760314941,13.30123519897461,-0.8134565949440002,-0.825731994975879,-11.689908027648926,0.03996656462550163,-11.729874610900879,,,-0.06886953115463257,,,0,,"2011-01-01,2020-12-31",60,500,blockperm,selectivity,0,0.1
7,14,17,378,-11.245229721069336,13.460464477539062,-0.8354265689849854,-0.8462237851135319,-10.162012100219727,0.16469864547252655,-10.32671070098877,,,-0.05111171305179596,,,0,,"2011-01-01,2020-12-31",60,500,blockperm,selectivity,0,0.1
7,15,17,378,-13.07130241394043,13.349922180175781,-0.9791294932365417,-0.9871265844170806,-14.486428260803223,0.2486560046672821,-14.735084533691406,,,-0.015660017728805542,,,0,,"2011-01-01,2020-12-31",60,500,blockperm,selectivity,0,0.1
7,16,17,378,-14.413186073303223,13.370538711547852,-1.0779809951782227,-1.0818567533086954,-17.078237533569336,-0.36336004734039307,-16.71487808227539,,,0.008080050349235535,,,0,,"2011-01-01,2020-12-31",60,500,blockperm,selectivity,0,0.1
7,17,17,378,-15.746758460998535,14.579245567321777,-1.080080509185791,-1.0871009330043107,-17.72732162475586,-0.7259327173233032,-17.001388549804688,,,0.01555827260017395,,,0,,"2011-01-01,2020-12-31",60,500,blockperm,selectivity,0,0.1
7,18,17,378,-15.499268531799316,15.911413192749023,-0.9740975499153137,-0.9857427409772739,-18.244590759277344,-1.53518807888031,-16.709402084350586,,,0.00977247953414917,,,0,,"2011-01-01,2020-12-31",60,500,blockperm,selectivity,0,0.1
7,19,17,378,-11.023216247558594,15.922338485717773,-0.6923114061355591,-0.7011969740916308,-11.554771423339844,-2.376279830932617,-9.178491592407227,,,-0.037049129605293274,,,0,,"2011-01-01,2020-12-31",60,500,blockperm,selectivity,0,0.1
7,20,17,378,-6.996271133422852,14.50634765625,-0.4822903275489807,-0.48742739289361914,-7.153572082519531,-1.732757568359375,-5.420814514160156,,,-0.08005055785179138,,,0,,"2011-01-01,2020-12-31",60,500,blockperm,selectivity,0,0.1
7,21,17,378,-6.395843029022217,13.19841194152832,-0.48459187150001526,-0.487587994415418,-5.474019527435303,-1.6907966136932373,-3.7832229137420654,,,-0.06699463725090027,,,0,,"2011-01-01,2020-12-31",60,500,blockperm,selectivity,0,0.1
7,22,17,378,-8.085418701171875,12.899006843566895,-0.6268249154090881,-0.6266218258786224,-6.214078903198242,-0.5337178707122803,-5.680360794067383,,,-0.039466723799705505,,,0,,"2011-01-01,2020-12-31",60,500,blockperm,selectivity,0,0.1
7,23,17,378,-10.625386238098145,13.616826057434082,-0.7803130149841309,-0.7746699926971334,-8.865894317626953,-0.44870007038116455,-8.417194366455078,,,-0.02440240979194641,,,0,,"2011-01-01,2020-12-31",60,500,blockperm,selectivity,0,0.1
7,24,17,378,-11.963669776916504,14.18968391418457,-0.8431244492530823,-0.8370908677185485,-10.571721076965332,-0.13824135065078735,-10.433479309082031,,,-0.018045201897621155,,,0,,"2011-01-01,2020-12-31",60,500,blockperm,selectivity,0,0.1
7,25,17,378,-12.223796844482422,14.785252571105957,-0.8267560601234436,-0.8262481863865352,-9.050862312316895,-0.23647409677505493,-8.814388275146484,,,-0.0373464971780777,,,0,,"2011-01-01,2020-12-31",60,500,blockperm,selectivity,0,0.1
7,26,17,378,-12.626702308654785,15.890110969543457,-0.7946264147758484,-0.8003288682246322,-12.173426628112793,1.0476574897766113,-13.221084594726562,,,-0.060286328196525574,,,0,,"2011-01-01,2020-12-31",60,500,blockperm,selectivity,0,0.1
7,27,17,378,-13.083656311035156,16.22149658203125,-0.8065628409385681,-0.8134797224078294,-14.078021049499512,1.5902386903762817,-15.668259620666504,,,-0.045865267515182495,,,0,,"2011-01-01,2020-12-31",60,500,blockperm,selectivity,0,0.1
7,28,17,378,-11.892024040222168,15.1885404586792,-0.7829602956771851,-0.7875649679037501,-12.832010269165039,-0.07186061143875122,-12.760149955749512,,,-0.015416130423545837,,,0,,"2011-01-01,2020-12-31",60,500,blockperm,selectivity,0,0.1
7,29,17,378,-7.848339080810547,13.71815299987793,-0.5721133947372437,-0.5730952234830483,-10.999883651733398,-1.0900307893753052,-9.909852981567383,,,-0.007172629237174988,,,0,,"2011-01-01,2020-12-31",60,500,blockperm,selectivity,0,0.1
7,30,17,378,-3.5320913791656494,12.83415412902832,-0.27521029114723206,-0.27418739494229144,-7.978719711303711,-0.49003905057907104,-7.488680839538574,,,-0.030068770051002502,,,0,,"2011-01-01,2020-12-31",60,500,blockperm,selectivity,0,0.1
8,0,11,488,-3.2483973503112793,17.438827514648438,-0.18627384305000305,-0.18516226366984956,4.443115711212158,-0.39762917160987854,4.840744972229004,,,-0.05416509509086609,,,0,,"2011-01-01,2020-12-31",60,500,blockperm,selectivity,0,0.1
8,1,11,488,-2.895145893096924,17.80162239074707,-0.16263382136821747,-0.16240779860718116,-1.6820931434631348,0.17567533254623413,-1.8577685356140137,,,-0.0842130035161972,,,0,,"2011-01-01,2020-12-31",60,500,blockperm,selectivity,0,0.1
8,2,11,488,-3.204768180847168,17.311260223388672,-0.18512621521949768,-0.18507885276542269,-9.714701652526855,0.5685257911682129,-10.283227920532227,,,-0.07527811825275421,,,0,,"2011-01-01,2020-12-31",60,500,blockperm,selectivity,0,0.1
8,3,11,488,-1.7842053174972534,16.971656799316406,-0.10512852668762207,-0.10470945336912674,-10.650029182434082,1.253243327140808,-11.90327262878418,,,-0.04137036204338074,,,0,,"2011-01-01,2020-12-31",60,500,blockperm,selectivity,0,0.1
8,4,11,488,5.553325653076172,17.165557861328125,0.3235155940055847,0.32156161194604044,1.480446696281433,2.4402074813842773,-0.9597607851028442,,,-0.041919827461242676,,,0,,"2011-01-01,2020-12-31",60,500,blockperm,selectivity,0,0.1
8,5,11,488,17.84955406188965,18.06789207458496,0.9879156947135925,0.991392750167871,20.174009323120117,3.090939521789551,17.08306884765625,,,0.09426578879356384,,,0,,"2011-01-01,2020-12-31",60,500,blockperm,selectivity,0,0.1
8,6,11,488,25.827434539794922,18.31993293762207,1.409799575805664,1.4190314912896085,28.401519775390625,2.009697675704956,26.391822814941406,,,0.2017248570919037,,,1,,"2011-01-01,2020-12-31",60,500,blockperm,selectivity,0,0.1
8,7,11,488,26.801593780517578,18.542497634887695,1.445414423942566,1.4475740261426053,33.43260955810547,1.1869484186172485,32.245662689208984,,,0.13656973838806152,,,0,,"2011-01-01,2020-12-31",60,500,blockperm,selectivity,0,0.1
8,8,11,488,20.5522403717041,18.785114288330078,1.094070553779602,1.0961585011109134,27.633827209472656,0.0591747984290123,27.57465171813965,,,-0.014912962913513184,,,0,,"2011-01-01,2020-12-31",60,500,blockperm,selectivity,0,0.1
8,9,11,488,12.112785339355469,18.0443115234375,0.6712799668312073,0.6744848117872929,14.808213233947754,0.004327833652496338,14.803885459899902,,,-0.10308615863323212,,,0,,"2011-01-01,2020-12-31",60,500,blockperm,selectivity,0,0.1
8,10,11,488,6.482551097869873,16.786865234375,0.38616806268692017,0.3889360473836188,8.330183982849121,0.01640019752085209,8.313783645629883,,,-0.139756441116333,,,0,,"2011-01-01,2020-12-31",60,500,blockperm,selectivity,0,0.1
8,11,11,488,4.463760852813721,15.604355812072754,0.286058634519577,0.288332454300317,3.851834535598755,0.13261061906814575,3.719223976135254,,,-0.15229159593582153,,,0,,"2011-01-01,2020-12-31",60,500,blockperm,selectivity,0,0.1
8,12,11,488,3.9675745964050293,14.652073860168457,0.2707858681678772,0.2728635212104847,1.1051067113876343,-0.1317107379436493,1.236817479133606,,,-0.14515984058380127,,,0,,"2011-01-01,2020-12-31",60,500,blockperm,selectivity,0,0.1
8,13,11,488,4.4107441902160645,14.474628448486328,0.30472245812416077,0.3065690712783013,1.9353488683700562,-0.4137934446334839,2.34914231300354,,,-0.11541531980037689,,,0,,"2011-01-01,2020-12-31",60,500,blockperm,selectivity,0,0.1
8,14,11,488,7.049854278564453,14.846084594726562,0.47486287355422974,0.47712241534825167,6.599452972412109,-0.3826116919517517,6.982064723968506,,,-0.09356853365898132,,,0,,"2011-01-01,2020-12-31",60,500,blockperm,selectivity,0,0.1
8,15,11,488,10.52151107788086,15.239157676696777,0.6904260516166687,0.6926256920982629,9.963863372802734,0.14043688774108887,9.823426246643066,,,-0.04890705645084381,,,0,,"2011-01-01,2020-12-31",60,500,blockperm,selectivity,0,0.1
8,16,11,488,15.652362823486328,15.705026626586914,0.9966467022895813,0.9993496044540998,15.74964427947998,0.9262245297431946,14.823419570922852,,,0.01467081904411316,,,0,,"2011-01-01,2020-12-31",60,500,blockperm,selectivity,0,0.1
8,17,11,488,22.49000358581543,16.896909713745117,1.3310128450393677,1.3366142829079235,22.805631637573242,0.8629653453826904,21.94266700744629,,,0.07125064730644226,,,0,,"2011-01-01,2020-12-31",60,500,blockperm,selectivity,0,0.1
8,18,11,488,25.152957916259766,18.06357192993164,1.3924686908721924,1.4018103979315082,25.204952239990234,1.2084534168243408,23.996498107910156,,,0.0678510069847107,,,0,,"2011-01-01,2020-12-31",60,500,blockperm,selectivity,0,0.1
8,19,11,488,28.102571487426758,19.23026466369629,1.4613720178604126,1.473111615626527,26.707958221435547,1.7150694131851196,24.992889404296875,,,0.06661686301231384,,,0,,"2011-01-01,2020-12-31",60,500,blockperm,selectivity,0,0.1
8,20,11,488,30.795724868774414,20.71749496459961,1.4864598512649536,1.4983500396923775,27.982275009155273,1.8539299964904785,26.128345489501953,,,0.07052731513977051,,,0,,"2011-01-01,2020-12-31",60,500,blockperm,selectivity,0,0.1
8,21,11,488,31.7089900970459,22.651622772216797,1.399855136871338,1.409228061646272,31.95781707763672,3.010383129119873,28.947433471679688,,,0.08537527918815613,,,0,,"2011-01-01,2020-12-31",60,500,blockperm,selectivity,0,0.1
8,22,11,488,28.10315704345703,24.57040786743164,1.1437805891036987,1.1484435011535286,28.747724533081055,2.7741928100585938,25.97353172302246,,,0.055803269147872925,,,0,,"2011-01-01,2020-12-31",60,500,blockperm,selectivity,0,0.1
8,23,11,488,18.128997802734375,25.083248138427734,0.7227532267570496,0.7252270267305175,16.676353454589844,1.5713443756103516,15.105009078979492,,,-0.07341834902763367,,,0,,"2011-01-01,2020-12-31",60,500,blockperm,selectivity,0,0.1
8,24,11,488,1.6907460689544678,25.84212303161621,0.06542597711086273,0.06570866442173291,-2.187720537185669,-1.3587970733642578,-0.8289234638214111,,,-0.16029144823551178,,,0,,"2011-01-01,2020-12-31",60,500,blockperm,selectivity,0,0.1
8,25,11,488,-17.401859283447266,25.88850975036621,-0.6721846461296082,-0.6771456580001447,-25.122272491455078,-4.144562244415283,-20.977710723876953,,,-0.07393288612365723,,,0,,"2011-01-01,2020-12-31",60,500,blockperm,selectivity,0,0.1
8,26,11,488,-33.35791015625,27.143415451049805,-1.2289503812789917,-1.2376048982005246,-33.26821517944336,-3.8633852005004883,-29.404830932617188,,,0.06794089078903198,,,0,,"2011-01-01,2020-12-31",60,500,blockperm,selectivity,0,0.1
8,27,11,488,-39.25960159301758,27.289628982543945,-1.4386271238327026,-1.4464328455073339,-41.72126007080078,-3.097476005554199,-38.623783111572266,,,0.10793045163154602,,,0,,"2011-01-01,2020-12-31",60,500,blockperm,selectivity,0,0.1
8,28,11,488,-34.46371841430664,24.792123794555664,-1.39010751247406,-1.3954215336012283,-41.1307258605957,-2.741938591003418,-38.38878631591797,,,0.056321144104003906,,,0,,"2011-01-01,2020-12-31",60,500,blockperm,selectivity,0,0.1
8,29,11,488,-30.33757972717285,22.750808715820312,-1.3334726095199585,-1.3386144838003229,-39.473758697509766,-0.9386261701583862,-38.535133361816406,,,0.0433693528175354,,,0,,"2011-01-01,2020-12-31",60,500,blockperm,selectivity,0,0.1
8,30,11,488,-27.18433380126953,20.22052001953125,-1.3443933725357056,-1.3537040300362204,-27.94968605041504,-0.4757838249206543,-27.473901748657227,,,0.040334850549697876,,,0,,"2011-01-01,2020-12-31",60,500,blockperm,selectivity,0,0.1
