phase,lag,n_on,n_off,diff,std_off,snr,cohen_d,median_on,median_off,diff_median,auc,sinr,selectivity,pd_at_pfa,jsd,outage,lcr,afd,bestlag_phase,train_window,test_window,block_len,n_null,null_mode,stat,two_sided,amp_var,gate_var,gate_source,gate_percentile,gate_threshold,gate_train,phase_var,pfa,q
1,0,48,437,14.791160868928348,21.779877663856475,0.6791204752024,0.6474951409825587,21.702967643737793,0.6374695897102356,21.065498054027557,,,,,,0.1875,0.0851063829787234,4.5,0,,"2011-01-01,2020-12-31",60,500,blockperm,outage,0,z500_amp_weighted,burst_gate,recompute,85.0,12.232402038574218,"1991-01-01,2010-12-31",driver_phase_index,0.1,0.2
1,1,47,437,11.574625199602528,19.398293467386097,0.5966826524746972,0.5682150676831097,18.744993209838867,0.980036735534668,17.7649564743042,,,,,,0.2553191489361702,0.13043478260869565,4.0,0,,"2011-01-01,2020-12-31",60,500,blockperm,outage,0,z500_amp_weighted,burst_gate,recompute,85.0,12.232402038574218,"1991-01-01,2010-12-31",driver_phase_index,0.1,0.2
1,2,46,437,9.193833386314525,17.570721751421058,0.5232473381789772,0.4976400171081744,16.280972003936768,1.001153588294983,15.279818415641785,,,,,,0.2391304347826087,0.13333333333333333,3.6666666666666665,0,,"2011-01-01,2020-12-31",60,500,blockperm,outage,0,z500_amp_weighted,burst_gate,recompute,85.0,12.232402038574218,"1991-01-01,2010-12-31",driver_phase_index,0.1,0.2
1,3,46,437,7.184997621676469,16.659640558054207,0.43128167121245825,0.41384447762397963,13.737016677856445,1.6261166334152222,12.110900044441223,,,,,,0.21739130434782608,0.08888888888888889,5.0,0,,"2011-01-01,2020-12-31",60,500,blockperm,outage,0,z500_amp_weighted,burst_gate,recompute,85.0,12.232402038574218,"1991-01-01,2010-12-31",driver_phase_index,0.1,0.2
1,4,46,437,6.3064561791854405,16.771912139896337,0.37601295109243393,0.3668038835130162,11.715629577636719,1.7655459642410278,9.950083613395691,,,,,,0.1956521739130435,0.13333333333333333,3.0,0,,"2011-01-01,2020-12-31",60,500,blockperm,outage,0,z500_amp_weighted,burst_gate,recompute,85.0,12.232402038574218,"1991-01-01,2010-12-31",driver_phase_index,0.1,0.2
1,5,46,437,6.104883827090059,17.615294116411565,0.346567237920958,0.34193250103368655,9.502810001373291,1.9367294311523438,7.566080570220947,,,,,,0.15217391304347827,0.13333333333333333,2.3333333333333335,0,,"2011-01-01,2020-12-31",60,500,blockperm,outage,0,z500_amp_weighted,burst_gate,recompute,85.0,12.232402038574218,"1991-01-01,2010-12-31",driver_phase_index,0.1,0.2
1,6,46,437,5.951128619861548,18.3512735925569,0.32428967885233145,0.3205153780306422,8.58814287185669,1.5934327840805054,6.994710087776184,,,,,,0.13043478260869565,0.08888888888888889,3.0,0,,"2011-01-01,2020-12-31",60,500,blockperm,outage,0,z500_amp_weighted,burst_gate,recompute,85.0,12.232402038574218,"1991-01-01,2010-12-31",driver_phase_index,0.1,0.2
1,7,46,437,4.30864066599913,17.96946055698005,0.23977573797147092,0.23593498582777653,7.1808671951293945,1.8388299942016602,5.342037200927734,,,,,,0.13043478260869565,0.044444444444444446,6.0,0,,"2011-01-01,2020-12-31",60,500,blockperm,outage,0,z500_amp_weighted,burst_gate,recompute,85.0,12.232402038574218,"1991-01-01,2010-12-31",driver_phase_index,0.1,0.2
1,8,46,437,2.2351214320876247,17.712209341578614,0.1261910013021796,0.12386538446779444,6.396239757537842,2.1017184257507324,4.294521331787109,,,,,,0.1956521739130435,0.13333333333333333,3.0,0,,"2011-01-01,2020-12-31",60,500,blockperm,outage,0,z500_amp_weighted,burst_gate,recompute,85.0,12.232402038574218,"1991-01-01,2010-12-31",driver_phase_index,0.1,0.2
1,9,46,437,0.9753433237666396,17.96744297545684,0.05428392482441372,0.0533455162770519,4.837255001068115,1.7836087942123413,3.053646206855774,,,,,,0.2826086956521739,0.08888888888888889,6.5,0,,"2011-01-01,2020-12-31",60,500,blockperm,outage,0,z500_amp_weighted,burst_gate,recompute,85.0,12.232402038574218,"1991-01-01,2010-12-31",driver_phase_index,0.1,0.2
1,10,46,437,0.018907118835902015,18.234847461581136,0.0010368673977524234,0.0010217757441459085,7.261614561080933,0.8241851925849915,6.437429368495941,,,,,,0.32608695652173914,0.13333333333333333,5.0,0,,"2011-01-01,2020-12-31",60,500,blockperm,outage,0,z500_amp_weighted,burst_gate,recompute,85.0,12.232402038574218,"1991-01-01,2010-12-31",driver_phase_index,0.1,0.2
1,11,46,437,-0.624057189738314,18.09966438555026,-0.03447893709214441,-0.03388639215489807,9.949092388153076,1.6299065351486206,8.319185853004456,,,,,,0.30434782608695654,0.13333333333333333,4.666666666666667,0,,"2011-01-01,2020-12-31",60,500,blockperm,outage,0,z500_amp_weighted,burst_gate,recompute,85.0,12.232402038574218,"1991-01-01,2010-12-31",driver_phase_index,0.1,0.2
1,12,46,437,-1.1583014473796436,17.768339885179024,-0.065189064080534,-0.06350145072559223,5.556271553039551,2.3838393688201904,3.1724321842193604,,,,,,0.30434782608695654,0.08888888888888889,7.0,0,,"2011-01-01,2020-12-31",60,500,blockperm,outage,0,z500_amp_weighted,burst_gate,recompute,85.0,12.232402038574218,"1991-01-01,2010-12-31",driver_phase_index,0.1,0.2
1,13,46,437,-2.0298277972334278,18.43729096454466,-0.11009360329219917,-0.10655283088764869,4.32097589969635,3.6318371295928955,0.6891387701034546,,,,,,0.32608695652173914,0.13333333333333333,5.0,0,,"2011-01-01,2020-12-31",60,500,blockperm,outage,0,z500_amp_weighted,burst_gate,recompute,85.0,12.232402038574218,"1991-01-01,2010-12-31",driver_phase_index,0.1,0.2
1,14,46,437,-3.5412082627961237,20.310474420410465,-0.1743537934907853,-0.16828840608335782,5.182382583618164,4.4187331199646,0.7636494636535645,,,,,,0.34782608695652173,0.13333333333333333,5.333333333333333,0,,"2011-01-01,2020-12-31",60,500,blockperm,outage,0,z500_amp_weighted,burst_gate,recompute,85.0,12.232402038574218,"1991-01-01,2010-12-31",driver_phase_index,0.1,0.2
1,15,46,437,-2.3718064464713944,23.41981829328194,-0.10127347773452862,-0.09734602772215795,12.025798797607422,4.819771766662598,7.206027030944824,,,,,,0.391304347826087,0.08888888888888889,9.0,0,,"2011-01-01,2020-12-31",60,500,blockperm,outage,0,z500_amp_weighted,burst_gate,recompute,85.0,12.232402038574218,"1991-01-01,2010-12-31",driver_phase_index,0.1,0.2
1,16,46,437,2.3079177531279464,27.223091309157255,0.0847779455653375,0.08211543882464377,15.952233791351318,5.083585739135742,10.868648052215576,,,,,,0.34782608695652173,0.08888888888888889,8.0,0,,"2011-01-01,2020-12-31",60,500,blockperm,outage,0,z500_amp_weighted,burst_gate,recompute,85.0,12.232402038574218,"1991-01-01,2010-12-31",driver_phase_index,0.1,0.2
1,17,46,437,6.194623301943734,29.086051948663165,0.21297573534136685,0.20898118071689706,16.75384759902954,2.9370789527893066,13.816768646240234,,,,,,0.30434782608695654,0.13333333333333333,4.666666666666667,0,,"2011-01-01,2020-12-31",60,500,blockperm,outage,0,z500_amp_weighted,burst_gate,recompute,85.0,12.232402038574218,"1991-01-01,2010-12-31",driver_phase_index,0.1,0.2
1,18,46,437,9.295597140888258,28.796630077624403,0.3228015610101244,0.31576058762229264,14.840298175811768,1.836047887802124,13.004250288009644,,,,,,0.2608695652173913,0.08888888888888889,6.0,0,,"2011-01-01,2020-12-31",60,500,blockperm,outage,0,z500_amp_weighted,burst_gate,recompute,85.0,12.232402038574218,"1991-01-01,2010-12-31",driver_phase_index,0.1,0.2
1,19,46,437,9.556584866026958,23.75349217165289,0.40232336352764425,0.3908345389630645,13.499380111694336,-0.12640373408794403,13.62578384578228,,,,,,0.1956521739130435,0.08888888888888889,4.5,0,,"2011-01-01,2020-12-31",60,500,blockperm,outage,0,z500_amp_weighted,burst_gate,recompute,85.0,12.232402038574218,"1991-01-01,2010-12-31",driver_phase_index,0.1,0.2
1,20,46,437,7.574560633010191,20.11361497392322,0.3765887257377857,0.3641676345245297,8.579031705856323,-0.9291484355926514,9.508180141448975,,,,,,0.2608695652173913,0.15555555555555556,3.0,0,,"2011-01-01,2020-12-31",60,500,blockperm,outage,0,z500_amp_weighted,burst_gate,recompute,85.0,12.232402038574218,"1991-01-01,2010-12-31",driver_phase_index,0.1,0.2
1,21,46,437,2.671346597441683,20.395508729632084,0.13097719860061915,0.12815642440646027,2.162153959274292,-1.3194451332092285,3.4815990924835205,,,,,,0.2608695652173913,0.15555555555555556,3.0,0,,"2011-01-01,2020-12-31",60,500,blockperm,outage,0,z500_amp_weighted,burst_gate,recompute,85.0,12.232402038574218,"1991-01-01,2010-12-31",driver_phase_index,0.1,0.2
1,22,46,437,-0.01230402339545017,21.085154353674543,-0.0005835396406906516,-0.0005800881451449887,-1.9154346585273743,-1.165704369544983,-0.7497302889823914,,,,,,0.2826086956521739,0.15555555555555556,3.25,0,,"2011-01-01,2020-12-31",60,500,blockperm,outage,0,z500_amp_weighted,burst_gate,recompute,85.0,12.232402038574218,"1991-01-01,2010-12-31",driver_phase_index,0.1,0.2
1,23,46,437,0.7490322164737233,21.57976652725441,0.034709931431729096,0.034751564750448875,-3.0652506947517395,-1.9342237710952759,-1.1310269236564636,,,,,,0.2826086956521739,0.24444444444444444,2.1666666666666665,0,,"2011-01-01,2020-12-31",60,500,blockperm,outage,0,z500_amp_weighted,burst_gate,recompute,85.0,12.232402038574218,"1991-01-01,2010-12-31",driver_phase_index,0.1,0.2
1,24,46,437,5.816202410456279,23.285110405160165,0.24978204136697427,0.24951970522898614,-0.8425629138946533,-1.019938349723816,0.1773754358291626,,,,,,0.21739130434782608,0.17777777777777778,2.5,0,,"2011-01-01,2020-12-31",60,500,blockperm,outage,0,z500_amp_weighted,burst_gate,recompute,85.0,12.232402038574218,"1991-01-01,2010-12-31",driver_phase_index,0.1,0.2
1,25,46,437,11.344854096330073,24.45042878307823,0.46399407539967863,0.460784858373897,4.823499321937561,0.3470107913017273,4.476488530635834,,,,,,0.06521739130434782,0.08888888888888889,1.5,0,,"2011-01-01,2020-12-31",60,500,blockperm,outage,0,z500_amp_weighted,burst_gate,recompute,85.0,12.232402038574218,"1991-01-01,2010-12-31",driver_phase_index,0.1,0.2
1,26,46,437,12.783661845807217,23.184018465470327,0.5513997439592653,0.5458614467075746,11.996883869171143,2.7044382095336914,9.292445659637451,,,,,,0.08695652173913043,0.08888888888888889,2.0,0,,"2011-01-01,2020-12-31",60,500,blockperm,outage,0,z500_amp_weighted,burst_gate,recompute,85.0,12.232402038574218,"1991-01-01,2010-12-31",driver_phase_index,0.1,0.2
1,27,46,437,12.595414541671328,22.315724476494793,0.5644188049972614,0.5588468277929056,11.419864654541016,2.284980297088623,9.134884357452393,,,,,,0.08695652173913043,0.13333333333333333,1.3333333333333333,0,,"2011-01-01,2020-12-31",60,500,blockperm,outage,0,z500_amp_weighted,burst_gate,recompute,85.0,12.232402038574218,"1991-01-01,2010-12-31",driver_phase_index,0.1,0.2
1,28,46,437,12.940180560987383,23.496935748649488,0.5507177914350442,0.5454950761072548,9.51961898803711,1.4105058908462524,8.109113097190857,,,,,,0.10869565217391304,0.13333333333333333,1.6666666666666667,0,,"2011-01-01,2020-12-31",60,500,blockperm,outage,0,z500_amp_weighted,burst_gate,recompute,85.0,12.232402038574218,"1991-01-01,2010-12-31",driver_phase_index,0.1,0.2
1,29,46,437,13.115758003022318,24.51091414296729,0.5350986881403406,0.5311438570275394,14.572047710418701,1.9991357326507568,12.572911977767944,,,,,,0.06521739130434782,0.06666666666666667,1.5,0,,"2011-01-01,2020-12-31",60,500,blockperm,outage,0,z500_amp_weighted,burst_gate,recompute,85.0,12.232402038574218,"1991-01-01,2010-12-31",driver_phase_index,0.1,0.2
1,30,46,437,13.186107306496092,24.76078894251417,0.532539869271112,0.5292345038088109,15.745001316070557,2.8311970233917236,12.913804292678833,,,,,,0.043478260869565216,0.022222222222222223,2.0,1,,"2011-01-01,2020-12-31",60,500,blockperm,outage,0,z500_amp_weighted,burst_gate,recompute,85.0,12.232402038574218,"1991-01-01,2010-12-31",driver_phase_index,0.1,0.2
2,0,38,391,1.9461650590970558,17.66817987873388,0.11015085155656226,0.10588000833848994,-0.9709376096725464,0.5045292973518372,-1.4754669070243835,,,,,,0.23684210526315788,0.21621621621621623,2.25,0,,"2011-01-01,2020-12-31",60,500,blockperm,outage,0,z500_amp_weighted,burst_gate,recompute,85.0,12.232402038574218,"1991-01-01,2010-12-31",driver_phase_index,0.1,0.2
2,1,38,391,5.129084384806232,18.58910715045734,0.27591881327555007,0.26680143555640673,2.6362061500549316,-0.8369479179382324,3.473154067993164,,,,,,0.13157894736842105,0.16216216216216217,1.6666666666666667,0,,"2011-01-01,2020-12-31",60,500,blockperm,outage,0,z500_amp_weighted,burst_gate,recompute,85.0,12.232402038574218,"1991-01-01,2010-12-31",driver_phase_index,0.1,0.2
2,2,38,391,9.689769259505681,20.627460712038555,0.46975094970611475,0.4559428335819731,8.075974464416504,-2.8214335441589355,10.89740800857544,,,,,,0.15789473684210525,0.16216216216216217,2.0,0,,"2011-01-01,2020-12-31",60,500,blockperm,outage,0,z500_amp_weighted,burst_gate,recompute,85.0,12.232402038574218,"1991-01-01,2010-12-31",driver_phase_index,0.1,0.2
2,3,38,391,12.527053159506767,24.263692164359696,0.5162880024461993,0.5007263859308102,10.299355506896973,-3.636518955230713,13.935874462127686,,,,,,0.13157894736842105,0.10810810810810811,2.5,0,,"2011-01-01,2020-12-31",60,500,blockperm,outage,0,z500_amp_weighted,burst_gate,recompute,85.0,12.232402038574218,"1991-01-01,2010-12-31",driver_phase_index,0.1,0.2
2,4,38,391,11.809436077603893,25.67965140759767,0.4598752487002184,0.44533437476857335,10.68061113357544,-5.015335559844971,15.69594669342041,,,,,,0.15789473684210525,0.10810810810810811,3.0,0,,"2011-01-01,2020-12-31",60,500,blockperm,outage,0,z500_amp_weighted,burst_gate,recompute,85.0,12.232402038574218,"1991-01-01,2010-12-31",driver_phase_index,0.1,0.2
2,5,38,391,11.267719492145751,25.867812847672642,0.43558841091428113,0.4254083786170553,10.391761779785156,-3.6985223293304443,14.0902841091156,,,,,,0.15789473684210525,0.10810810810810811,3.0,0,,"2011-01-01,2020-12-31",60,500,blockperm,outage,0,z500_amp_weighted,burst_gate,recompute,85.0,12.232402038574218,"1991-01-01,2010-12-31",driver_phase_index,0.1,0.2
2,6,38,391,10.993497077712625,27.650755196414604,0.3975839719248652,0.38797929513426427,8.197879791259766,-3.5495073795318604,11.747387170791626,,,,,,0.18421052631578946,0.16216216216216217,2.3333333333333335,0,,"2011-01-01,2020-12-31",60,500,blockperm,outage,0,z500_amp_weighted,burst_gate,recompute,85.0,12.232402038574218,"1991-01-01,2010-12-31",driver_phase_index,0.1,0.2
2,7,38,391,10.573915190771594,29.893344340926177,0.35372138594393165,0.34415465759653713,11.582152843475342,-6.043869495391846,17.626022338867188,,,,,,0.23684210526315788,0.21621621621621623,2.25,0,,"2011-01-01,2020-12-31",60,500,blockperm,outage,0,z500_amp_weighted,burst_gate,recompute,85.0,12.232402038574218,"1991-01-01,2010-12-31",driver_phase_index,0.1,0.2
2,8,38,391,6.972621142856204,29.14904651305481,0.23920580523048732,0.23168889029027182,14.486427783966064,-4.722115516662598,19.208543300628662,,,,,,0.21052631578947367,0.10810810810810811,4.0,0,,"2011-01-01,2020-12-31",60,500,blockperm,outage,0,z500_amp_weighted,burst_gate,recompute,85.0,12.232402038574218,"1991-01-01,2010-12-31",driver_phase_index,0.1,0.2
2,9,38,391,2.072287315987918,26.799438740852466,0.07732577297706497,0.07533638496425157,5.463055610656738,-4.5573039054870605,10.020359516143799,,,,,,0.23684210526315788,0.10810810810810811,4.5,0,,"2011-01-01,2020-12-31",60,500,blockperm,outage,0,z500_amp_weighted,burst_gate,recompute,85.0,12.232402038574218,"1991-01-01,2010-12-31",driver_phase_index,0.1,0.2
2,10,38,391,-0.36627657980284445,26.394454541435273,-0.013877027813848019,-0.01366744327492486,-1.2632817924022675,-1.5420862436294556,0.2788044512271881,,,,,,0.2631578947368421,0.10810810810810811,5.0,0,,"2011-01-01,2020-12-31",60,500,blockperm,outage,0,z500_amp_weighted,burst_gate,recompute,85.0,12.232402038574218,"1991-01-01,2010-12-31",driver_phase_index,0.1,0.2
2,11,38,391,1.0931512849180507,26.239660998270388,0.04166026706633545,0.04138509467985902,4.128073811531067,-1.2209694385528564,5.349043250083923,,,,,,0.21052631578947367,0.16216216216216217,2.6666666666666665,0,,"2011-01-01,2020-12-31",60,500,blockperm,outage,0,z500_amp_weighted,burst_gate,recompute,85.0,12.232402038574218,"1991-01-01,2010-12-31",driver_phase_index,0.1,0.2
2,12,38,391,5.446456682983511,24.714069192385548,0.2203787907440825,0.22111415078487928,5.108324646949768,-1.370071530342102,6.47839617729187,,,,,,0.21052631578947367,0.10810810810810811,4.0,0,,"2011-01-01,2020-12-31",60,500,blockperm,outage,0,z500_amp_weighted,burst_gate,recompute,85.0,12.232402038574218,"1991-01-01,2010-12-31",driver_phase_index,0.1,0.2
2,13,38,391,7.9934534819340115,23.441094841061563,0.3410017124256478,0.3440646602203909,5.116173505783081,0.1717488020658493,4.944424703717232,,,,,,0.10526315789473684,0.10810810810810811,2.0,0,,"2011-01-01,2020-12-31",60,500,blockperm,outage,0,z500_amp_weighted,burst_gate,recompute,85.0,12.232402038574218,"1991-01-01,2010-12-31",driver_phase_index,0.1,0.2
2,14,38,391,9.552680788967377,23.31785990178487,0.4096722782109247,0.41000031707588785,11.538195133209229,0.18993428349494934,11.34826084971428,,,,,,0.15789473684210525,0.21621621621621623,1.5,0,,"2011-01-01,2020-12-31",60,500,blockperm,outage,0,z500_amp_weighted,burst_gate,recompute,85.0,12.232402038574218,"1991-01-01,2010-12-31",driver_phase_index,0.1,0.2
2,15,38,391,9.508788273781478,24.651075986090387,0.3857352222331758,0.37954921139303005,14.623135089874268,-0.9180864095687866,15.541221499443054,,,,,,0.23684210526315788,0.16216216216216217,3.0,0,,"2011-01-01,2020-12-31",60,500,blockperm,outage,0,z500_amp_weighted,burst_gate,recompute,85.0,12.232402038574218,"1991-01-01,2010-12-31",driver_phase_index,0.1,0.2
2,16,38,391,9.642113284444942,25.108905853671107,0.384011686556035,0.37507066873745754,13.526272773742676,-1.6884037256240845,15.21467649936676,,,,,,0.2631578947368421,0.16216216216216217,3.3333333333333335,0,,"2011-01-01,2020-12-31",60,500,blockperm,outage,0,z500_amp_weighted,burst_gate,recompute,85.0,12.232402038574218,"1991-01-01,2010-12-31",driver_phase_index,0.1,0.2
2,17,38,391,8.617695416797588,24.575276349981333,0.3506652496627625,0.3436593817026432,12.800501823425293,-1.0517717599868774,13.85227358341217,,,,,,0.2631578947368421,0.16216216216216217,3.3333333333333335,0,,"2011-01-01,2020-12-31",60,500,blockperm,outage,0,z500_amp_weighted,burst_gate,recompute,85.0,12.232402038574218,"1991-01-01,2010-12-31",driver_phase_index,0.1,0.2
2,18,38,391,6.6675073006956955,24.87062828461811,0.2680876101879336,0.26649811576396887,12.640596389770508,-0.06672387570142746,12.707320265471935,,,,,,0.18421052631578946,0.10810810810810811,3.5,0,,"2011-01-01,2020-12-31",60,500,blockperm,outage,0,z500_amp_weighted,burst_gate,recompute,85.0,12.232402038574218,"1991-01-01,2010-12-31",driver_phase_index,0.1,0.2
2,19,38,391,4.669048530295209,24.87975556062984,0.18766456603310014,0.18918541556322294,10.800637245178223,2.0677638053894043,8.732873439788818,,,,,,0.21052631578947367,0.16216216216216217,2.6666666666666665,0,,"2011-01-01,2020-12-31",60,500,blockperm,outage,0,z500_amp_weighted,burst_gate,recompute,85.0,12.232402038574218,"1991-01-01,2010-12-31",driver_phase_index,0.1,0.2
2,20,38,391,4.806984499488003,24.409302921916716,0.19693247754207227,0.1992604191029205,6.549731492996216,4.040106296539307,2.509625196456909,,,,,,0.15789473684210525,0.2702702702702703,1.2,0,,"2011-01-01,2020-12-31",60,500,blockperm,outage,0,z500_amp_weighted,burst_gate,recompute,85.0,12.232402038574218,"1991-01-01,2010-12-31",driver_phase_index,0.1,0.2
2,21,38,391,5.30723199750669,24.027938936964556,0.2208775380788924,0.22317544863367794,15.936419010162354,4.379597187042236,11.556821823120117,,,,,,0.13157894736842105,0.13513513513513514,1.6666666666666667,0,,"2011-01-01,2020-12-31",60,500,blockperm,outage,0,z500_amp_weighted,burst_gate,recompute,85.0,12.232402038574218,"1991-01-01,2010-12-31",driver_phase_index,0.1,0.2
2,22,37,391,2.4004947126770215,23.369115345784415,0.10272082092786837,0.10306173160629466,14.680102348327637,5.818967819213867,8.86113452911377,,,,,,0.1891891891891892,0.19444444444444445,1.75,0,,"2011-01-01,2020-12-31",60,500,blockperm,outage,0,z500_amp_weighted,burst_gate,recompute,85.0,12.232402038574218,"1991-01-01,2010-12-31",driver_phase_index,0.1,0.2
2,23,36,391,1.114567115542969,22.651095173430225,0.04920588196770098,0.049447249958104185,9.941704750061035,5.650782585144043,4.290922164916992,,,,,,0.16666666666666666,0.2,1.5,0,,"2011-01-01,2020-12-31",60,500,blockperm,outage,0,z500_amp_weighted,burst_gate,recompute,85.0,12.232402038574218,"1991-01-01,2010-12-31",driver_phase_index,0.1,0.2
2,24,35,391,0.8533193603109002,22.792409395565112,0.037438751888904595,0.0381431716102878,7.868039131164551,6.638648509979248,1.2293906211853027,,,,,,0.11428571428571428,0.17647058823529413,1.3333333333333333,0,,"2011-01-01,2020-12-31",60,500,blockperm,outage,0,z500_amp_weighted,burst_gate,recompute,85.0,12.232402038574218,"1991-01-01,2010-12-31",driver_phase_index,0.1,0.2
2,25,35,391,3.0710875212634434,22.416943471990116,0.1369984951383205,0.14038809392165444,10.176916122436523,5.664809703826904,4.512106418609619,,,,,,0.08571428571428572,0.11764705882352941,1.5,1,,"2011-01-01,2020-12-31",60,500,blockperm,outage,0,z500_amp_weighted,burst_gate,recompute,85.0,12.232402038574218,"1991-01-01,2010-12-31",driver_phase_index,0.1,0.2
2,26,35,391,5.455569977568347,21.073318702247345,0.25888518342327077,0.2641948338000412,11.865614891052246,4.010735511779785,7.854879379272461,,,,,,0.08571428571428572,0.17647058823529413,1.0,0,,"2011-01-01,2020-12-31",60,500,blockperm,outage,0,z500_amp_weighted,burst_gate,recompute,85.0,12.232402038574218,"1991-01-01,2010-12-31",driver_phase_index,0.1,0.2
2,27,35,391,3.800019789973031,19.56472576716177,0.1942281141681596,0.19697414040052813,2.824772834777832,4.428930282592773,-1.6041574478149414,,,,,,0.08571428571428572,0.17647058823529413,1.0,0,,"2011-01-01,2020-12-31",60,500,blockperm,outage,0,z500_amp_weighted,burst_gate,recompute,85.0,12.232402038574218,"1991-01-01,2010-12-31",driver_phase_index,0.1,0.2
2,28,35,391,-0.36357310218665084,18.295677653003928,-0.019872076294859542,-0.020043777816466855,-1.950021743774414,3.7371408939361572,-5.687162637710571,,,,,,0.14285714285714285,0.23529411764705882,1.25,0,,"2011-01-01,2020-12-31",60,500,blockperm,outage,0,z500_amp_weighted,burst_gate,recompute,85.0,12.232402038574218,"1991-01-01,2010-12-31",driver_phase_index,0.1,0.2
2,29,35,391,-3.6279047603241534,17.418662126079177,-0.2082768891241345,-0.20877705444253356,-6.025510311126709,1.9662840366363525,-7.9917943477630615,,,,,,0.2857142857142857,0.11764705882352941,5.0,0,,"2011-01-01,2020-12-31",60,500,blockperm,outage,0,z500_amp_weighted,burst_gate,recompute,85.0,12.232402038574218,"1991-01-01,2010-12-31",driver_phase_index,0.1,0.2
2,30,35,391,-1.84454166825383,17.180724515131303,-0.10736111079770336,-0.10776150316630961,-2.6123640537261963,0.21557942032814026,-2.8279434740543365,,,,,,0.14285714285714285,0.11764705882352941,2.5,0,,"2011-01-01,2020-12-31",60,500,blockperm,outage,0,z500_amp_weighted,burst_gate,recompute,85.0,12.232402038574218,"1991-01-01,2010-12-31",driver_phase_index,0.1,0.2
3,0,64,418,11.086424890243054,19.96296053930014,0.555349737250531,0.5238177364501788,-0.13552354834973812,-4.4792516231536865,4.343728074803948,,,,,,0.203125,0.09523809523809523,4.333333333333333,0,,"2011-01-01,2020-12-31",60,500,blockperm,outage,0,z500_amp_weighted,burst_gate,recompute,85.0,12.232402038574218,"1991-01-01,2010-12-31",driver_phase_index,0.1,0.2
3,1,64,418,13.179945874669585,21.326442819587538,0.6180095755380405,0.5824070951774377,7.846503257751465,-5.5662806034088135,13.412783861160278,,,,,,0.25,0.06349206349206349,8.0,0,,"2011-01-01,2020-12-31",60,500,blockperm,outage,0,z500_amp_weighted,burst_gate,recompute,85.0,12.232402038574218,"1991-01-01,2010-12-31",driver_phase_index,0.1,0.2
3,2,64,418,14.418570992726645,22.39096348210081,0.6439459831307731,0.6129284849962388,10.759222030639648,-5.661216974258423,16.42043900489807,,,,,,0.25,0.09523809523809523,5.333333333333333,0,,"2011-01-01,2020-12-31",60,500,blockperm,outage,0,z500_amp_weighted,burst_gate,recompute,85.0,12.232402038574218,"1991-01-01,2010-12-31",driver_phase_index,0.1,0.2
3,3,64,418,14.44669546328182,22.24739274141041,0.649365776529459,0.6267157645012152,9.451119422912598,-5.7095654010772705,15.160684823989868,,,,,,0.140625,0.09523809523809523,3.0,0,,"2011-01-01,2020-12-31",60,500,blockperm,outage,0,z500_amp_weighted,burst_gate,recompute,85.0,12.232402038574218,"1991-01-01,2010-12-31",driver_phase_index,0.1,0.2
3,4,64,418,10.788703637933425,20.970302281927946,0.5144753515179917,0.4960569254854971,8.261733055114746,-5.010318040847778,13.272051095962524,,,,,,0.109375,0.06349206349206349,3.5,0,,"2011-01-01,2020-12-31",60,500,blockperm,outage,0,z500_amp_weighted,burst_gate,recompute,85.0,12.232402038574218,"1991-01-01,2010-12-31",driver_phase_index,0.1,0.2
3,5,64,418,2.861869853805376,20.456551095942395,0.13989991960927542,0.13380030163411694,3.0571893453598022,-1.0786796808242798,4.135869026184082,,,,,,0.203125,0.19047619047619047,2.1666666666666665,0,,"2011-01-01,2020-12-31",60,500,blockperm,outage,0,z500_amp_weighted,burst_gate,recompute,85.0,12.232402038574218,"1991-01-01,2010-12-31",driver_phase_index,0.1,0.2
3,6,64,418,-1.866758081554012,20.359567364136176,-0.0916894769012797,-0.08862464598960881,-1.7085893750190735,-0.7010277807712555,-1.007561594247818,,,,,,0.21875,0.15873015873015872,2.8,0,,"2011-01-01,2020-12-31",60,500,blockperm,outage,0,z500_amp_weighted,burst_gate,recompute,85.0,12.232402038574218,"1991-01-01,2010-12-31",driver_phase_index,0.1,0.2
3,7,64,418,0.17872760282900702,19.480629009461513,0.009174632027651732,0.009151724437132398,3.1240607500076294,-1.0360440909862518,4.160104840993881,,,,,,0.1875,0.15873015873015872,2.4,0,,"2011-01-01,2020-12-31",60,500,blockperm,outage,0,z500_amp_weighted,burst_gate,recompute,85.0,12.232402038574218,"1991-01-01,2010-12-31",driver_phase_index,0.1,0.2
3,8,64,418,4.10777423890869,18.26916040626052,0.22484745590722538,0.22686162318905242,8.376379489898682,-1.008196860551834,9.384576350450516,,,,,,0.140625,0.12698412698412698,2.25,0,,"2011-01-01,2020-12-31",60,500,blockperm,outage,0,z500_amp_weighted,burst_gate,recompute,85.0,12.232402038574218,"1991-01-01,2010-12-31",driver_phase_index,0.1,0.2
3,9,64,418,6.473114429652227,16.649733177603377,0.38878187179357493,0.3848698273113445,8.186222791671753,-1.4352758526802063,9.62149864435196,,,,,,0.203125,0.19047619047619047,2.1666666666666665,0,,"2011-01-01,2020-12-31",60,500,blockperm,outage,0,z500_amp_weighted,burst_gate,recompute,85.0,12.232402038574218,"1991-01-01,2010-12-31",driver_phase_index,0.1,0.2
3,10,64,418,7.650205239444151,14.426119157842122,0.5303023741686935,0.5203064123543301,10.975866317749023,-1.2166886925697327,12.192555010318756,,,,,,0.15625,0.15873015873015872,2.0,0,,"2011-01-01,2020-12-31",60,500,blockperm,outage,0,z500_amp_weighted,burst_gate,recompute,85.0,12.232402038574218,"1991-01-01,2010-12-31",driver_phase_index,0.1,0.2
3,11,63,418,7.760751318418238,12.726569188442157,0.6098070268196312,0.5968527201996725,5.92425012588501,-0.5253104865550995,6.449560612440109,,,,,,0.09523809523809523,0.0967741935483871,2.0,0,,"2011-01-01,2020-12-31",60,500,blockperm,outage,0,z500_amp_weighted,burst_gate,recompute,85.0,12.232402038574218,"1991-01-01,2010-12-31",driver_phase_index,0.1,0.2
3,12,62,418,7.719479019023556,12.161582725785426,0.6347429601129496,0.6204157851334515,6.771162509918213,-0.26618289202451706,7.03734540194273,,,,,,0.06451612903225806,0.09836065573770492,1.3333333333333333,1,,"2011-01-01,2020-12-31",60,500,blockperm,outage,0,z500_amp_weighted,burst_gate,recompute,85.0,12.232402038574218,"1991-01-01,2010-12-31",driver_phase_index,0.1,0.2
3,13,61,418,7.775338080051358,12.211119892232977,0.6367424240095252,0.6223168600240956,6.62851095199585,0.3042149394750595,6.32429601252079,,,,,,0.09836065573770492,0.11666666666666667,1.5,0,,"2011-01-01,2020-12-31",60,500,blockperm,outage,0,z500_amp_weighted,burst_gate,recompute,85.0,12.232402038574218,"1991-01-01,2010-12-31",driver_phase_index,0.1,0.2
3,14,60,418,7.488124154397602,12.395976529506113,0.6040769871234943,0.5896153737646315,7.492144346237183,0.651862233877182,6.840282112360001,,,,,,0.13333333333333333,0.11864406779661017,2.0,0,,"2011-01-01,2020-12-31",60,500,blockperm,outage,0,z500_amp_weighted,burst_gate,recompute,85.0,12.232402038574218,"1991-01-01,2010-12-31",driver_phase_index,0.1,0.2
3,15,59,418,7.179777447077159,12.867360235984643,0.557983713473593,0.5433771293215685,7.664062976837158,1.0952075123786926,6.568855464458466,,,,,,0.15254237288135594,0.1206896551724138,2.25,0,,"2011-01-01,2020-12-31",60,500,blockperm,outage,0,z500_amp_weighted,burst_gate,recompute,85.0,12.232402038574218,"1991-01-01,2010-12-31",driver_phase_index,0.1,0.2
3,16,58,418,7.113702196698538,13.388250850832316,0.5313391776085743,0.5181097894625397,9.777388572692871,0.4447423219680786,9.332646250724792,,,,,,0.1724137931034483,0.12280701754385964,2.5,0,,"2011-01-01,2020-12-31",60,500,blockperm,outage,0,z500_amp_weighted,burst_gate,recompute,85.0,12.232402038574218,"1991-01-01,2010-12-31",driver_phase_index,0.1,0.2
3,17,57,418,7.552954407073141,13.700367322607013,0.5512957593925231,0.5356880096393201,10.213827133178711,0.07734961807727814,10.136477515101433,,,,,,0.17543859649122806,0.125,2.5,0,,"2011-01-01,2020-12-31",60,500,blockperm,outage,0,z500_amp_weighted,burst_gate,recompute,85.0,12.232402038574218,"1991-01-01,2010-12-31",driver_phase_index,0.1,0.2
3,18,56,418,8.442529892401868,14.299015104959636,0.5904273707266428,0.5723265271468662,11.005746841430664,0.06213928572833538,10.943607555702329,,,,,,0.16071428571428573,0.12727272727272726,2.25,0,,"2011-01-01,2020-12-31",60,500,blockperm,outage,0,z500_amp_weighted,burst_gate,recompute,85.0,12.232402038574218,"1991-01-01,2010-12-31",driver_phase_index,0.1,0.2
3,19,55,418,10.103721023319316,16.247350390528606,0.6218688451016161,0.6104214835867374,10.430281639099121,-1.0884134769439697,11.51869511604309,,,,,,0.12727272727272726,0.09259259259259259,2.3333333333333335,0,,"2011-01-01,2020-12-31",60,500,blockperm,outage,0,z500_amp_weighted,burst_gate,recompute,85.0,12.232402038574218,"1991-01-01,2010-12-31",driver_phase_index,0.1,0.2
3,20,54,418,11.192161454326166,18.065102858490917,0.6195459578612724,0.6124807925711222,10.780570030212402,-1.1567306518554688,11.937300682067871,,,,,,0.1111111111111111,0.16981132075471697,1.2,0,,"2011-01-01,2020-12-31",60,500,blockperm,outage,0,z500_amp_weighted,burst_gate,recompute,85.0,12.232402038574218,"1991-01-01,2010-12-31",driver_phase_index,0.1,0.2
3,21,53,418,9.329022602321675,18.7773900220174,0.49682211379658964,0.4971904058272572,5.368221282958984,-1.7286763191223145,7.096897602081299,,,,,,0.07547169811320754,0.15384615384615385,1.0,0,,"2011-01-01,2020-12-31",60,500,blockperm,outage,0,z500_amp_weighted,burst_gate,recompute,85.0,12.232402038574218,"1991-01-01,2010-12-31",driver_phase_index,0.1,0.2
3,22,53,418,6.7547800234812625,18.394923871816626,0.3672089142934942,0.3667960942077676,6.236441612243652,-0.9966738522052765,7.233115464448929,,,,,,0.1509433962264151,0.1346153846153846,2.0,0,,"2011-01-01,2020-12-31",60,500,blockperm,outage,0,z500_amp_weighted,burst_gate,recompute,85.0,12.232402038574218,"1991-01-01,2010-12-31",driver_phase_index,0.1,0.2
3,23,53,418,4.932673837581836,16.594336858216874,0.29725043427326636,0.2913152823192336,3.137028455734253,0.0528649459592998,3.084163509774953,,,,,,0.1320754716981132,0.11538461538461539,2.3333333333333335,0,,"2011-01-01,2020-12-31",60,500,blockperm,outage,0,z500_amp_weighted,burst_gate,recompute,85.0,12.232402038574218,"1991-01-01,2010-12-31",driver_phase_index,0.1,0.2
3,24,53,418,3.88494264740949,15.727885335583927,0.24700985316951093,0.23947559072998592,-1.012225866317749,0.3403133302927017,-1.3525391966104507,,,,,,0.11320754716981132,0.15384615384615385,1.5,0,,"2011-01-01,2020-12-31",60,500,blockperm,outage,0,z500_amp_weighted,burst_gate,recompute,85.0,12.232402038574218,"1991-01-01,2010-12-31",driver_phase_index,0.1,0.2
3,25,52,418,3.2672948490322336,16.124693522199266,0.2026267875748502,0.19792452646681735,-0.4819559156894684,-0.5366886854171753,0.05473276972770691,,,,,,0.15384615384615385,0.19607843137254902,1.6,0,,"2011-01-01,2020-12-31",60,500,blockperm,outage,0,z500_amp_weighted,burst_gate,recompute,85.0,12.232402038574218,"1991-01-01,2010-12-31",driver_phase_index,0.1,0.2
3,26,51,418,1.9219684109307749,16.586617859926704,0.11587464226653788,0.11402512013961356,-1.2857778072357178,-0.6886389851570129,-0.5971388220787048,,,,,,0.19607843137254902,0.12,3.3333333333333335,0,,"2011-01-01,2020-12-31",60,500,blockperm,outage,0,z500_amp_weighted,burst_gate,recompute,85.0,12.232402038574218,"1991-01-01,2010-12-31",driver_phase_index,0.1,0.2
3,27,50,418,-0.11678700990368895,16.67263994781703,-0.007004710128043042,-0.00686561825546474,-2.9428915977478027,-1.5401417016983032,-1.4027498960494995,,,,,,0.22,0.12244897959183673,3.6666666666666665,0,,"2011-01-01,2020-12-31",60,500,blockperm,outage,0,z500_amp_weighted,burst_gate,recompute,85.0,12.232402038574218,"1991-01-01,2010-12-31",driver_phase_index,0.1,0.2
3,28,49,418,-1.5783803785179913,15.46007105589287,-0.10209399250570486,-0.09926072397610185,-6.3745036125183105,-2.835474371910095,-3.5390292406082153,,,,,,0.32653061224489793,0.1875,3.2,0,,"2011-01-01,2020-12-31",60,500,blockperm,outage,0,z500_amp_weighted,burst_gate,recompute,85.0,12.232402038574218,"1991-01-01,2010-12-31",driver_phase_index,0.1,0.2
3,29,49,418,-2.0261143129788204,14.216762329542036,-0.14251587429077375,-0.1379612183144263,-7.278831958770752,-2.6143815517425537,-4.664450407028198,,,,,,0.3469387755102041,0.2708333333333333,2.4285714285714284,0,,"2011-01-01,2020-12-31",60,500,blockperm,outage,0,z500_amp_weighted,burst_gate,recompute,85.0,12.232402038574218,"1991-01-01,2010-12-31",driver_phase_index,0.1,0.2
3,30,49,418,-2.337859648896332,13.546989256578154,-0.17257411256609015,-0.1680301112753566,-5.468162536621094,-2.156419515609741,-3.3117430210113525,,,,,,0.3877551020408163,0.20833333333333334,3.8,0,,"2011-01-01,2020-12-31",60,500,blockperm,outage,0,z500_amp_weighted,burst_gate,recompute,85.0,12.232402038574218,"1991-01-01,2010-12-31",driver_phase_index,0.1,0.2
4,0,84,436,2.4511777074896077,23.310855878105947,0.10515176792765495,0.10205027498509861,-5.740267992019653,-4.2692625522613525,-1.4710054397583008,,,,,,0.2857142857142857,0.14457831325301204,4.0,0,,"2011-01-01,2020-12-31",60,500,blockperm,outage,0,z500_amp_weighted,burst_gate,recompute,85.0,12.232402038574218,"1991-01-01,2010-12-31",driver_phase_index,0.1,0.2
4,1,84,436,1.5561809228393848,23.058283147358182,0.06748901958113385,0.06651544963547712,-3.5874358415603638,-3.2302762269973755,-0.3571596145629883,,,,,,0.21428571428571427,0.14457831325301204,3.0,0,,"2011-01-01,2020-12-31",60,500,blockperm,outage,0,z500_amp_weighted,burst_gate,recompute,85.0,12.232402038574218,"1991-01-01,2010-12-31",driver_phase_index,0.1,0.2
4,2,84,436,1.766270558864477,22.47871712648329,0.07857523847673434,0.0778470903058827,1.00228613615036,-2.953623652458191,3.955909788608551,,,,,,0.19047619047619047,0.12048192771084337,3.2,0,,"2011-01-01,2020-12-31",60,500,blockperm,outage,0,z500_amp_weighted,burst_gate,recompute,85.0,12.232402038574218,"1991-01-01,2010-12-31",driver_phase_index,0.1,0.2
4,3,84,436,4.661124049914047,20.455802739873068,0.22786316964371403,0.22652161080505495,4.603757858276367,-2.8827545642852783,7.4865124225616455,,,,,,0.20238095238095238,0.0963855421686747,4.25,0,,"2011-01-01,2020-12-31",60,500,blockperm,outage,0,z500_amp_weighted,burst_gate,recompute,85.0,12.232402038574218,"1991-01-01,2010-12-31",driver_phase_index,0.1,0.2
4,4,84,436,8.150305878246805,18.264411630548295,0.44623971705800486,0.4504616374481383,7.760667562484741,-0.014687455724924803,7.775355018209666,,,,,,0.09523809523809523,0.07228915662650602,2.6666666666666665,0,,"2011-01-01,2020-12-31",60,500,blockperm,outage,0,z500_amp_weighted,burst_gate,recompute,85.0,12.232402038574218,"1991-01-01,2010-12-31",driver_phase_index,0.1,0.2
4,5,84,436,9.536055722397611,17.175940482592484,0.5551984610136625,0.5620795183604188,13.142306804656982,2.6457653045654297,10.496541500091553,,,,,,0.05952380952380952,0.07228915662650602,1.6666666666666667,1,,"2011-01-01,2020-12-31",60,500,blockperm,outage,0,z500_amp_weighted,burst_gate,recompute,85.0,12.232402038574218,"1991-01-01,2010-12-31",driver_phase_index,0.1,0.2
4,6,84,436,7.9884316951021,17.24200854561663,0.46331212944056727,0.4620278973975373,12.698784351348877,3.8789056539535522,8.819878697395325,,,,,,0.13095238095238096,0.14457831325301204,1.8333333333333333,0,,"2011-01-01,2020-12-31",60,500,blockperm,outage,0,z500_amp_weighted,burst_gate,recompute,85.0,12.232402038574218,"1991-01-01,2010-12-31",driver_phase_index,0.1,0.2
4,7,84,436,6.557754519317818,17.451966997365655,0.3757601948426616,0.37083646080914945,10.139430522918701,4.433747053146362,5.705683469772339,,,,,,0.15476190476190477,0.14457831325301204,2.1666666666666665,0,,"2011-01-01,2020-12-31",60,500,blockperm,outage,0,z500_amp_weighted,burst_gate,recompute,85.0,12.232402038574218,"1991-01-01,2010-12-31",driver_phase_index,0.1,0.2
4,8,84,436,6.32284891560825,17.380221830187754,0.36379563951399496,0.3637866594068857,8.51060438156128,3.8114113807678223,4.699193000793457,,,,,,0.10714285714285714,0.14457831325301204,1.5,0,,"2011-01-01,2020-12-31",60,500,blockperm,outage,0,z500_amp_weighted,burst_gate,recompute,85.0,12.232402038574218,"1991-01-01,2010-12-31",driver_phase_index,0.1,0.2
4,9,84,436,7.16570885576936,18.059272731286544,0.3967883403939752,0.4028159451935232,10.607077598571777,2.977259397506714,7.6298182010650635,,,,,,0.07142857142857142,0.0963855421686747,1.5,0,,"2011-01-01,2020-12-31",60,500,blockperm,outage,0,z500_amp_weighted,burst_gate,recompute,85.0,12.232402038574218,"1991-01-01,2010-12-31",driver_phase_index,0.1,0.2
4,10,83,436,8.12026643854574,19.12114567788817,0.42467468086580573,0.43358914077372906,12.354290008544922,3.7319453954696655,8.622344613075256,,,,,,0.07228915662650602,0.12195121951219512,1.2,0,,"2011-01-01,2020-12-31",60,500,blockperm,outage,0,z500_amp_weighted,burst_gate,recompute,85.0,12.232402038574218,"1991-01-01,2010-12-31",driver_phase_index,0.1,0.2
4,11,83,436,8.3166799845784,19.31598578801722,0.4305594379624,0.4413650585360876,13.828824996948242,3.930422782897949,9.898402214050293,,,,,,0.08433734939759036,0.0975609756097561,1.75,0,,"2011-01-01,2020-12-31",60,500,blockperm,outage,0,z500_amp_weighted,burst_gate,recompute,85.0,12.232402038574218,"1991-01-01,2010-12-31",driver_phase_index,0.1,0.2
4,12,83,436,7.3623196351336455,18.549689372741206,0.39689719257253897,0.40853239531568136,10.510319709777832,3.663218379020691,6.847101330757141,,,,,,0.0963855421686747,0.0975609756097561,2.0,0,,"2011-01-01,2020-12-31",60,500,blockperm,outage,0,z500_amp_weighted,burst_gate,recompute,85.0,12.232402038574218,"1991-01-01,2010-12-31",driver_phase_index,0.1,0.2
4,13,83,436,6.4899616625121475,17.435521628929283,0.3722264122998135,0.380494570258108,10.616605758666992,3.6651276350021362,6.951478123664856,,,,,,0.10843373493975904,0.17073170731707318,1.2857142857142858,0,,"2011-01-01,2020-12-31",60,500,blockperm,outage,0,z500_amp_weighted,burst_gate,recompute,85.0,12.232402038574218,"1991-01-01,2010-12-31",driver_phase_index,0.1,0.2
4,14,83,436,6.1564375922383086,16.60504107141678,0.3707571433132882,0.3751814756314331,9.486414909362793,3.8461533784866333,5.64026153087616,,,,,,0.08433734939759036,0.08536585365853659,1.75,0,,"2011-01-01,2020-12-31",60,500,blockperm,outage,0,z500_amp_weighted,burst_gate,recompute,85.0,12.232402038574218,"1991-01-01,2010-12-31",driver_phase_index,0.1,0.2
4,15,83,436,5.532377181605174,15.967884354316574,0.34646901611042885,0.34868772701378414,8.92820930480957,3.4174121618270874,5.510797142982483,,,,,,0.10843373493975904,0.0975609756097561,2.25,0,,"2011-01-01,2020-12-31",60,500,blockperm,outage,0,z500_amp_weighted,burst_gate,recompute,85.0,12.232402038574218,"1991-01-01,2010-12-31",driver_phase_index,0.1,0.2
4,16,83,436,4.723274306947271,15.575631817685878,0.30324768601579744,0.30438217843916354,6.90996789932251,2.3318707942962646,4.578097105026245,,,,,,0.12048192771084337,0.07317073170731707,3.3333333333333335,0,,"2011-01-01,2020-12-31",60,500,blockperm,outage,0,z500_amp_weighted,burst_gate,recompute,85.0,12.232402038574218,"1991-01-01,2010-12-31",driver_phase_index,0.1,0.2
4,17,83,436,3.8764415163302,15.227281120485216,0.25457213836521575,0.25755426126196007,5.558143138885498,2.2541754245758057,3.3039677143096924,,,,,,0.10843373493975904,0.0975609756097561,2.25,0,,"2011-01-01,2020-12-31",60,500,blockperm,outage,0,z500_amp_weighted,burst_gate,recompute,85.0,12.232402038574218,"1991-01-01,2010-12-31",driver_phase_index,0.1,0.2
4,18,83,436,3.9795142378912525,14.974381785637664,0.26575482680080403,0.2707325134133494,5.674101829528809,1.6385967135429382,4.03550511598587,,,,,,0.10843373493975904,0.08536585365853659,2.25,0,,"2011-01-01,2020-12-31",60,500,blockperm,outage,0,z500_amp_weighted,burst_gate,recompute,85.0,12.232402038574218,"1991-01-01,2010-12-31",driver_phase_index,0.1,0.2
4,19,83,436,4.2765710937081405,14.451931139699948,0.2959169298807586,0.3018202260169649,5.025712966918945,1.0128980875015259,4.012814879417419,,,,,,0.10843373493975904,0.07317073170731707,3.0,0,,"2011-01-01,2020-12-31",60,500,blockperm,outage,0,z500_amp_weighted,burst_gate,recompute,85.0,12.232402038574218,"1991-01-01,2010-12-31",driver_phase_index,0.1,0.2
4,20,83,436,3.100367182119662,13.306987032057965,0.23298791639689312,0.23538847120339992,3.73768949508667,0.6752359867095947,3.062453508377075,,,,,,0.1686746987951807,0.13414634146341464,2.3333333333333335,0,,"2011-01-01,2020-12-31",60,500,blockperm,outage,0,z500_amp_weighted,burst_gate,recompute,85.0,12.232402038574218,"1991-01-01,2010-12-31",driver_phase_index,0.1,0.2
4,21,83,436,1.1725828864078338,12.641282598518162,0.09275822111162095,0.09301256015284289,2.2314984798431396,0.6602048277854919,1.5712936520576477,,,,,,0.24096385542168675,0.15853658536585366,2.857142857142857,0,,"2011-01-01,2020-12-31",60,500,blockperm,outage,0,z500_amp_weighted,burst_gate,recompute,85.0,12.232402038574218,"1991-01-01,2010-12-31",driver_phase_index,0.1,0.2
4,22,83,436,-0.2870499116350165,12.8498635049377,-0.022338751810454208,-0.02251421076976847,1.5820497274398804,1.9974521398544312,-0.4154024124145508,,,,,,0.2891566265060241,0.17073170731707318,3.0,0,,"2011-01-01,2020-12-31",60,500,blockperm,outage,0,z500_amp_weighted,burst_gate,recompute,85.0,12.232402038574218,"1991-01-01,2010-12-31",driver_phase_index,0.1,0.2
4,23,83,436,-1.9757481739330574,13.75195536602795,-0.1436703451506128,-0.14556547795283237,1.3263856172561646,2.925908327102661,-1.5995227098464966,,,,,,0.3253012048192771,0.2073170731707317,3.0,0,,"2011-01-01,2020-12-31",60,500,blockperm,outage,0,z500_amp_weighted,burst_gate,recompute,85.0,12.232402038574218,"1991-01-01,2010-12-31",driver_phase_index,0.1,0.2
4,24,83,436,-2.976395854210794,14.870166106387689,-0.20015888409829136,-0.20246943251720878,0.23134131729602814,3.3395636081695557,-3.1082222908735275,,,,,,0.27710843373493976,0.18292682926829268,2.875,0,,"2011-01-01,2020-12-31",60,500,blockperm,outage,0,z500_amp_weighted,burst_gate,recompute,85.0,12.232402038574218,"1991-01-01,2010-12-31",driver_phase_index,0.1,0.2
4,25,83,436,-2.561072792355911,16.17516461739808,-0.15833364623697302,-0.1595007631775392,1.0376173257827759,3.7458555698394775,-2.7082382440567017,,,,,,0.3132530120481928,0.15853658536585366,3.7142857142857144,0,,"2011-01-01,2020-12-31",60,500,blockperm,outage,0,z500_amp_weighted,burst_gate,recompute,85.0,12.232402038574218,"1991-01-01,2010-12-31",driver_phase_index,0.1,0.2
4,26,83,436,-1.8339683492591794,17.48776425063906,-0.10487151604826558,-0.10576476990430375,1.1889127492904663,3.6040589809417725,-2.415146231651306,,,,,,0.30120481927710846,0.15853658536585366,3.5714285714285716,0,,"2011-01-01,2020-12-31",60,500,blockperm,outage,0,z500_amp_weighted,burst_gate,recompute,85.0,12.232402038574218,"1991-01-01,2010-12-31",driver_phase_index,0.1,0.2
4,27,83,436,-0.6350899101299312,18.825048815116006,-0.03373642832840737,-0.03413926389278924,1.5904818773269653,2.864633321762085,-1.2741514444351196,,,,,,0.24096385542168675,0.15853658536585366,2.857142857142857,0,,"2011-01-01,2020-12-31",60,500,blockperm,outage,0,z500_amp_weighted,burst_gate,recompute,85.0,12.232402038574218,"1991-01-01,2010-12-31",driver_phase_index,0.1,0.2
4,28,83,436,0.48282213024016807,19.445316103787743,0.02482973933995958,0.02516498499307939,0.6738925576210022,2.4007807970046997,-1.7268882393836975,,,,,,0.21686746987951808,0.13414634146341464,3.0,0,,"2011-01-01,2020-12-31",60,500,blockperm,outage,0,z500_amp_weighted,burst_gate,recompute,85.0,12.232402038574218,"1991-01-01,2010-12-31",driver_phase_index,0.1,0.2
4,29,82,436,1.4631536375372085,19.420978030965088,0.07533882357543144,0.07638947249975545,2.0296214818954468,1.7497599124908447,0.27986156940460205,,,,,,0.21951219512195122,0.13580246913580246,3.0,0,,"2011-01-01,2020-12-31",60,500,blockperm,outage,0,z500_amp_weighted,burst_gate,recompute,85.0,12.232402038574218,"1991-01-01,2010-12-31",driver_phase_index,0.1,0.2
4,30,81,436,2.134958398450655,19.4187345692831,0.10994322986564584,0.11168406751465165,2.7310566902160645,0.7313547134399414,1.999701976776123,,,,,,0.19753086419753085,0.1125,3.2,0,,"2011-01-01,2020-12-31",60,500,blockperm,outage,0,z500_amp_weighted,burst_gate,recompute,85.0,12.232402038574218,"1991-01-01,2010-12-31",driver_phase_index,0.1,0.2
5,0,54,373,1.270348105548173,12.384453201326039,0.10257603504143026,0.09816343044380388,0.886553943157196,-1.63250732421875,2.519061267375946,,,,,,0.18518518518518517,0.18867924528301888,2.0,0,,"2011-01-01,2020-12-31",60,500,blockperm,outage,0,z500_amp_weighted,burst_gate,recompute,85.0,12.232402038574218,"1991-01-01,2010-12-31",driver_phase_index,0.1,0.2
5,1,54,373,1.3716037614169692,12.249912938900552,0.11196844975618844,0.11214676315291407,-0.19388404954224825,-0.5873883962631226,0.3935043467208743,,,,,,0.2037037037037037,0.1509433962264151,2.75,0,,"2011-01-01,2020-12-31",60,500,blockperm,outage,0,z500_amp_weighted,burst_gate,recompute,85.0,12.232402038574218,"1991-01-01,2010-12-31",driver_phase_index,0.1,0.2
5,2,54,373,1.5173386533564028,12.305395093452741,0.123306780630207,0.12580049840421856,0.2078789323568344,-0.6783269643783569,0.8862058967351913,,,,,,0.16666666666666666,0.1509433962264151,2.25,0,,"2011-01-01,2020-12-31",60,500,blockperm,outage,0,z500_amp_weighted,burst_gate,recompute,85.0,12.232402038574218,"1991-01-01,2010-12-31",driver_phase_index,0.1,0.2
5,3,54,373,2.466315470407291,12.553767693000914,0.19646018077762686,0.20140714729038553,1.5446274876594543,-0.7160400748252869,2.260667562484741,,,,,,0.14814814814814814,0.07547169811320754,4.0,0,,"2011-01-01,2020-12-31",60,500,blockperm,outage,0,z500_amp_weighted,burst_gate,recompute,85.0,12.232402038574218,"1991-01-01,2010-12-31",driver_phase_index,0.1,0.2
5,4,54,373,3.5181231095746237,13.047799904237735,0.26963343516878957,0.2738772371303746,3.617634415626526,-1.2560756206512451,4.873710036277771,,,,,,0.2037037037037037,0.1509433962264151,2.75,0,,"2011-01-01,2020-12-31",60,500,blockperm,outage,0,z500_amp_weighted,burst_gate,recompute,85.0,12.232402038574218,"1991-01-01,2010-12-31",driver_phase_index,0.1,0.2
5,5,54,373,3.9878438920331574,13.613015843995122,0.2929434548327693,0.29662162937944453,4.804769039154053,-0.13460034132003784,4.939369380474091,,,,,,0.2037037037037037,0.1509433962264151,2.75,0,,"2011-01-01,2020-12-31",60,500,blockperm,outage,0,z500_amp_weighted,burst_gate,recompute,85.0,12.232402038574218,"1991-01-01,2010-12-31",driver_phase_index,0.1,0.2
5,6,54,373,4.11065726887674,13.862338814911016,0.2965341796764565,0.3025899008484763,4.572794437408447,0.4922530949115753,4.080541342496872,,,,,,0.14814814814814814,0.18867924528301888,1.6,0,,"2011-01-01,2020-12-31",60,500,blockperm,outage,0,z500_amp_weighted,burst_gate,recompute,85.0,12.232402038574218,"1991-01-01,2010-12-31",driver_phase_index,0.1,0.2
5,7,54,373,4.919530069383558,14.202094174387964,0.3463946942596277,0.3553584410355284,3.7030835151672363,0.38859811425209045,3.314485400915146,,,,,,0.037037037037037035,0.03773584905660377,2.0,1,,"2011-01-01,2020-12-31",60,500,blockperm,outage,0,z500_amp_weighted,burst_gate,recompute,85.0,12.232402038574218,"1991-01-01,2010-12-31",driver_phase_index,0.1,0.2
5,8,54,373,6.35778558584602,14.74807082309938,0.43109269423144125,0.4398044604872653,4.296968698501587,0.6666793823242188,3.630289316177368,,,,,,0.037037037037037035,0.03773584905660377,2.0,0,,"2011-01-01,2020-12-31",60,500,blockperm,outage,0,z500_amp_weighted,burst_gate,recompute,85.0,12.232402038574218,"1991-01-01,2010-12-31",driver_phase_index,0.1,0.2
5,9,53,373,7.3422445572526485,15.207884542194458,0.4827919712884131,0.4830191076831485,6.489808082580566,0.5230365991592407,5.966771483421326,,,,,,0.07547169811320754,0.09615384615384616,1.3333333333333333,0,,"2011-01-01,2020-12-31",60,500,blockperm,outage,0,z500_amp_weighted,burst_gate,recompute,85.0,12.232402038574218,"1991-01-01,2010-12-31",driver_phase_index,0.1,0.2
5,10,53,373,7.887759173179741,15.624200252001371,0.5048424268736164,0.4901154535178177,6.853421211242676,0.9927659630775452,5.860655248165131,,,,,,0.09433962264150944,0.09615384615384616,1.6666666666666667,0,,"2011-01-01,2020-12-31",60,500,blockperm,outage,0,z500_amp_weighted,burst_gate,recompute,85.0,12.232402038574218,"1991-01-01,2010-12-31",driver_phase_index,0.1,0.2
5,11,53,373,8.61382862416965,15.724189543062659,0.5478074784445712,0.5176611755546157,8.653553009033203,0.5334392786026001,8.120113730430603,,,,,,0.16981132075471697,0.11538461538461539,2.25,0,,"2011-01-01,2020-12-31",60,500,blockperm,outage,0,z500_amp_weighted,burst_gate,recompute,85.0,12.232402038574218,"1991-01-01,2010-12-31",driver_phase_index,0.1,0.2
5,12,53,373,9.164127235757384,15.608619842320808,0.5871196382725656,0.5457925963918246,8.379469871520996,0.4639579951763153,7.915511876344681,,,,,,0.1509433962264151,0.07692307692307693,2.6666666666666665,0,,"2011-01-01,2020-12-31",60,500,blockperm,outage,0,z500_amp_weighted,burst_gate,recompute,85.0,12.232402038574218,"1991-01-01,2010-12-31",driver_phase_index,0.1,0.2
5,13,53,373,9.520649577475298,15.760722934604557,0.6040744207596956,0.567129448306227,11.15479564666748,-1.4819332361221313,12.636728882789612,,,,,,0.1509433962264151,0.07692307692307693,2.6666666666666665,0,,"2011-01-01,2020-12-31",60,500,blockperm,outage,0,z500_amp_weighted,burst_gate,recompute,85.0,12.232402038574218,"1991-01-01,2010-12-31",driver_phase_index,0.1,0.2
5,14,53,373,7.837952717214581,15.925446096517442,0.4921653478158188,0.47374928171313074,10.601995468139648,-0.9050947427749634,11.507090210914612,,,,,,0.16981132075471697,0.1346153846153846,2.25,0,,"2011-01-01,2020-12-31",60,500,blockperm,outage,0,z500_amp_weighted,burst_gate,recompute,85.0,12.232402038574218,"1991-01-01,2010-12-31",driver_phase_index,0.1,0.2
5,15,53,373,6.086864826885602,15.84869450711632,0.3840609599833287,0.3820893618835141,7.777768135070801,-1.866037368774414,9.643805503845215,,,,,,0.18867924528301888,0.1346153846153846,2.5,0,,"2011-01-01,2020-12-31",60,500,blockperm,outage,0,z500_amp_weighted,burst_gate,recompute,85.0,12.232402038574218,"1991-01-01,2010-12-31",driver_phase_index,0.1,0.2
5,16,53,373,6.618223888052097,15.511322080613137,0.426670521935967,0.42600180909691726,7.914724826812744,-1.4963839054107666,9.41110873222351,,,,,,0.18867924528301888,0.11538461538461539,2.5,0,,"2011-01-01,2020-12-31",60,500,blockperm,outage,0,z500_amp_weighted,burst_gate,recompute,85.0,12.232402038574218,"1991-01-01,2010-12-31",driver_phase_index,0.1,0.2
5,17,53,373,6.8485794045644255,15.581983837974745,0.43951909306142395,0.43300886346876083,7.960017204284668,-2.115750551223755,10.075767755508423,,,,,,0.20754716981132076,0.19230769230769232,1.8333333333333333,0,,"2011-01-01,2020-12-31",60,500,blockperm,outage,0,z500_amp_weighted,burst_gate,recompute,85.0,12.232402038574218,"1991-01-01,2010-12-31",driver_phase_index,0.1,0.2
5,18,53,373,6.937875454517711,15.731890233361538,0.44100711049998526,0.4329611867999715,7.642587184906006,-0.8318111300468445,8.47439831495285,,,,,,0.11320754716981132,0.07692307692307693,3.0,0,,"2011-01-01,2020-12-31",60,500,blockperm,outage,0,z500_amp_weighted,burst_gate,recompute,85.0,12.232402038574218,"1991-01-01,2010-12-31",driver_phase_index,0.1,0.2
5,19,53,373,7.348444658362807,16.508753580475144,0.44512413505607057,0.43599450040195376,6.601438999176025,0.47804415225982666,6.123394846916199,,,,,,0.11320754716981132,0.11538461538461539,2.0,0,,"2011-01-01,2020-12-31",60,500,blockperm,outage,0,z500_amp_weighted,burst_gate,recompute,85.0,12.232402038574218,"1991-01-01,2010-12-31",driver_phase_index,0.1,0.2
5,20,53,373,6.681750375553803,17.122506736069667,0.39023201909322447,0.3830724735544141,7.886074066162109,0.32288119196891785,7.5631928741931915,,,,,,0.16981132075471697,0.17307692307692307,1.8,0,,"2011-01-01,2020-12-31",60,500,blockperm,outage,0,z500_amp_weighted,burst_gate,recompute,85.0,12.232402038574218,"1991-01-01,2010-12-31",driver_phase_index,0.1,0.2
5,21,53,373,5.103821640171559,17.234452215298944,0.29614063600123713,0.28950623598974395,6.286807537078857,-0.38316184282302856,6.669969379901886,,,,,,0.20754716981132076,0.1346153846153846,2.75,0,,"2011-01-01,2020-12-31",60,500,blockperm,outage,0,z500_amp_weighted,burst_gate,recompute,85.0,12.232402038574218,"1991-01-01,2010-12-31",driver_phase_index,0.1,0.2
5,22,53,373,4.004169242437052,17.276042525280992,0.231775838510326,0.2235114558935641,8.61238956451416,-1.2079055309295654,9.820295095443726,,,,,,0.24528301886792453,0.11538461538461539,3.25,0,,"2011-01-01,2020-12-31",60,500,blockperm,outage,0,z500_amp_weighted,burst_gate,recompute,85.0,12.232402038574218,"1991-01-01,2010-12-31",driver_phase_index,0.1,0.2
5,23,53,373,2.7382367117139825,16.68861268702145,0.16407815095639908,0.1571829620469143,9.862739562988281,-1.2649415731430054,11.127681136131287,,,,,,0.20754716981132076,0.07692307692307693,3.6666666666666665,0,,"2011-01-01,2020-12-31",60,500,blockperm,outage,0,z500_amp_weighted,burst_gate,recompute,85.0,12.232402038574218,"1991-01-01,2010-12-31",driver_phase_index,0.1,0.2
5,24,53,373,2.2497698893986624,16.327661514918134,0.13778886139592678,0.13337127651925185,9.61659049987793,-0.8589076995849609,10.47549819946289,,,,,,0.20754716981132076,0.07692307692307693,3.6666666666666665,0,,"2011-01-01,2020-12-31",60,500,blockperm,outage,0,z500_amp_weighted,burst_gate,recompute,85.0,12.232402038574218,"1991-01-01,2010-12-31",driver_phase_index,0.1,0.2
5,25,53,373,2.618840753236537,15.871038403868603,0.16500752418305462,0.1627828436746725,7.941194534301758,-0.43688055872917175,8.37807509303093,,,,,,0.16981132075471697,0.09615384615384616,3.0,0,,"2011-01-01,2020-12-31",60,500,blockperm,outage,0,z500_amp_weighted,burst_gate,recompute,85.0,12.232402038574218,"1991-01-01,2010-12-31",driver_phase_index,0.1,0.2
5,26,53,373,3.691404378906475,16.01040272949336,0.230562868484651,0.23070109761855018,6.481100559234619,-0.22530509531497955,6.706405654549599,,,,,,0.1320754716981132,0.1346153846153846,1.75,0,,"2011-01-01,2020-12-31",60,500,blockperm,outage,0,z500_amp_weighted,burst_gate,recompute,85.0,12.232402038574218,"1991-01-01,2010-12-31",driver_phase_index,0.1,0.2
5,27,53,373,4.517627886265691,16.186536741894972,0.279097867462463,0.2819911347338091,4.629001617431641,-0.282596617937088,4.911598235368729,,,,,,0.11320754716981132,0.17307692307692307,1.2,0,,"2011-01-01,2020-12-31",60,500,blockperm,outage,0,z500_amp_weighted,burst_gate,recompute,85.0,12.232402038574218,"1991-01-01,2010-12-31",driver_phase_index,0.1,0.2
5,28,53,373,4.371798513823602,15.93891546491768,0.27428456618934594,0.27676656564897895,4.36124324798584,0.268038272857666,4.093204975128174,,,,,,0.1320754716981132,0.17307692307692307,1.4,0,,"2011-01-01,2020-12-31",60,500,blockperm,outage,0,z500_amp_weighted,burst_gate,recompute,85.0,12.232402038574218,"1991-01-01,2010-12-31",driver_phase_index,0.1,0.2
5,29,53,373,3.654452721034156,15.91539227309119,0.22961750853058707,0.229077386855365,3.8515920639038086,0.10034278780221939,3.751249276101589,,,,,,0.1509433962264151,0.09615384615384616,2.6666666666666665,0,,"2011-01-01,2020-12-31",60,500,blockperm,outage,0,z500_amp_weighted,burst_gate,recompute,85.0,12.232402038574218,"1991-01-01,2010-12-31",driver_phase_index,0.1,0.2
5,30,53,373,3.5559200795381587,16.654974852825315,0.2135049804013928,0.213117202741267,4.231224060058594,0.11868739128112793,4.112536668777466,,,,,,0.1509433962264151,0.09615384615384616,2.6666666666666665,0,,"2011-01-01,2020-12-31",60,500,blockperm,outage,0,z500_amp_weighted,burst_gate,recompute,85.0,12.232402038574218,"1991-01-01,2010-12-31",driver_phase_index,0.1,0.2
6,0,36,377,0.6816935696074502,18.477587360488535,0.036892996705032315,0.03683325271197012,9.161665439605713,3.8680176734924316,5.293647766113281,,,,,,0.19444444444444445,0.14285714285714285,2.3333333333333335,0,,"2011-01-01,2020-12-31",60,500,blockperm,outage,0,z500_amp_weighted,burst_gate,recompute,85.0,12.232402038574218,"1991-01-01,2010-12-31",driver_phase_index,0.1,0.2
6,1,36,377,-0.7191568675579716,18.725452082470714,-0.03840531402876993,-0.03815816856539147,7.032355546951294,3.693851947784424,3.33850359916687,,,,,,0.25,0.2571428571428571,1.8,0,,"2011-01-01,2020-12-31",60,500,blockperm,outage,0,z500_amp_weighted,burst_gate,recompute,85.0,12.232402038574218,"1991-01-01,2010-12-31",driver_phase_index,0.1,0.2
6,2,36,377,-0.49925650281169,17.620640760994416,-0.028333617919097432,-0.02790928668156393,3.976406693458557,3.532949686050415,0.4434570074081421,,,,,,0.25,0.2,2.25,0,,"2011-01-01,2020-12-31",60,500,blockperm,outage,0,z500_amp_weighted,burst_gate,recompute,85.0,12.232402038574218,"1991-01-01,2010-12-31",driver_phase_index,0.1,0.2
6,3,36,377,-2.438596910287893,16.619702245199196,-0.1467292779563672,-0.14236721918869075,0.25657621026039124,3.150279998779297,-2.8937037885189056,,,,,,0.3055555555555556,0.22857142857142856,2.2,0,,"2011-01-01,2020-12-31",60,500,blockperm,outage,0,z500_amp_weighted,burst_gate,recompute,85.0,12.232402038574218,"1991-01-01,2010-12-31",driver_phase_index,0.1,0.2
6,4,36,377,-3.54991813359226,15.394055028893462,-0.23060318590061785,-0.22208733260923805,-0.8430720567703247,4.201988220214844,-5.0450602769851685,,,,,,0.3611111111111111,0.22857142857142856,2.6,0,,"2011-01-01,2020-12-31",60,500,blockperm,outage,0,z500_amp_weighted,burst_gate,recompute,85.0,12.232402038574218,"1991-01-01,2010-12-31",driver_phase_index,0.1,0.2
6,5,35,377,-2.363708887844092,13.279680968053185,-0.1779944031434525,-0.16903693780553797,-0.5683948397636414,3.5382132530212402,-4.106608092784882,,,,,,0.4,0.20588235294117646,3.5,0,,"2011-01-01,2020-12-31",60,500,blockperm,outage,0,z500_amp_weighted,burst_gate,recompute,85.0,12.232402038574218,"1991-01-01,2010-12-31",driver_phase_index,0.1,0.2
6,6,34,377,-1.6278672576529556,11.908410047281047,-0.13669895907091592,-0.12646872677391238,-5.244669437408447,1.6148967742919922,-6.8595662117004395,,,,,,0.38235294117647056,0.15151515151515152,4.333333333333333,0,,"2011-01-01,2020-12-31",60,500,blockperm,outage,0,z500_amp_weighted,burst_gate,recompute,85.0,12.232402038574218,"1991-01-01,2010-12-31",driver_phase_index,0.1,0.2
6,7,33,377,-0.26094532539318993,10.963030129493479,-0.023802299392681345,-0.02162106656333987,-0.8853434324264526,0.09433317929506302,-0.9796766117215157,,,,,,0.36363636363636365,0.09375,6.0,0,,"2011-01-01,2020-12-31",60,500,blockperm,outage,0,z500_amp_weighted,burst_gate,recompute,85.0,12.232402038574218,"1991-01-01,2010-12-31",driver_phase_index,0.1,0.2
6,8,32,377,1.386735720653828,10.611341588175979,0.13068429746894983,0.11910104263388543,-1.7618513703346252,-1.0148485898971558,-0.7470027804374695,,,,,,0.375,0.0967741935483871,6.0,0,,"2011-01-01,2020-12-31",60,500,blockperm,outage,0,z500_amp_weighted,burst_gate,recompute,85.0,12.232402038574218,"1991-01-01,2010-12-31",driver_phase_index,0.1,0.2
6,9,32,377,2.0168829443086365,10.368116251857133,0.1945274238169709,0.1762434580109934,-1.2995685935020447,-1.5423322916030884,0.2427636981010437,,,,,,0.375,0.16129032258064516,4.0,0,,"2011-01-01,2020-12-31",60,500,blockperm,outage,0,z500_amp_weighted,burst_gate,recompute,85.0,12.232402038574218,"1991-01-01,2010-12-31",driver_phase_index,0.1,0.2
6,10,32,377,4.209202855647559,10.485738153636245,0.4014217019321517,0.35957577040570515,1.9780579209327698,-1.1698013544082642,3.147859275341034,,,,,,0.34375,0.16129032258064516,3.6666666666666665,0,,"2011-01-01,2020-12-31",60,500,blockperm,outage,0,z500_amp_weighted,burst_gate,recompute,85.0,12.232402038574218,"1991-01-01,2010-12-31",driver_phase_index,0.1,0.2
6,11,32,377,4.418601857856412,10.960803894723078,0.4031275351969106,0.36597913898766243,1.0167873054742813,-0.2233593910932541,1.2401466965675354,,,,,,0.375,0.22580645161290322,3.0,0,,"2011-01-01,2020-12-31",60,500,blockperm,outage,0,z500_amp_weighted,burst_gate,recompute,85.0,12.232402038574218,"1991-01-01,2010-12-31",driver_phase_index,0.1,0.2
6,12,32,377,3.152298417285428,11.45647491127271,0.27515430721047474,0.256876277410841,-1.9962885677814484,0.3593732416629791,-2.3556618094444275,,,,,,0.375,0.25806451612903225,3.0,0,,"2011-01-01,2020-12-31",60,500,blockperm,outage,0,z500_amp_weighted,burst_gate,recompute,85.0,12.232402038574218,"1991-01-01,2010-12-31",driver_phase_index,0.1,0.2
6,13,32,377,2.522346851855037,11.755744292323884,0.2145629225281845,0.20576225020188219,-3.1579262018203735,0.7588267922401428,-3.9167529940605164,,,,,,0.28125,0.1935483870967742,3.0,0,,"2011-01-01,2020-12-31",60,500,blockperm,outage,0,z500_amp_weighted,burst_gate,recompute,85.0,12.232402038574218,"1991-01-01,2010-12-31",driver_phase_index,0.1,0.2
6,14,32,377,2.0584804380809105,11.8829732336276,0.17322940964434905,0.1694952768929756,-0.6045093685388565,0.004428318701684475,-0.608937687240541,,,,,,0.21875,0.12903225806451613,3.5,0,,"2011-01-01,2020-12-31",60,500,blockperm,outage,0,z500_amp_weighted,burst_gate,recompute,85.0,12.232402038574218,"1991-01-01,2010-12-31",driver_phase_index,0.1,0.2
6,15,32,377,2.188450779790548,12.49136628571606,0.17519707049924976,0.1749511717750887,2.861167788505554,-0.9334694147109985,3.7946372032165527,,,,,,0.21875,0.12903225806451613,3.5,0,,"2011-01-01,2020-12-31",60,500,blockperm,outage,0,z500_amp_weighted,burst_gate,recompute,85.0,12.232402038574218,"1991-01-01,2010-12-31",driver_phase_index,0.1,0.2
6,16,32,377,1.8094219576137571,13.39728113536432,0.13505889287024747,0.13596300049799687,3.351194739341736,-0.8672695755958557,4.2184643149375916,,,,,,0.15625,0.06451612903225806,5.0,0,,"2011-01-01,2020-12-31",60,500,blockperm,outage,0,z500_amp_weighted,burst_gate,recompute,85.0,12.232402038574218,"1991-01-01,2010-12-31",driver_phase_index,0.1,0.2
6,17,32,377,0.17121430258921266,14.402470893844905,0.011887842291171265,0.011957392196915856,2.1534647941589355,-1.356056571006775,3.5095213651657104,,,,,,0.1875,0.06451612903225806,6.0,0,,"2011-01-01,2020-12-31",60,500,blockperm,outage,0,z500_amp_weighted,burst_gate,recompute,85.0,12.232402038574218,"1991-01-01,2010-12-31",driver_phase_index,0.1,0.2
6,18,32,377,-2.2754367571793477,15.41931080860543,-0.14757058764970477,-0.14761343344702674,-2.2274603843688965,-1.621158242225647,-0.6063021421432495,,,,,,0.28125,0.16129032258064516,3.0,0,,"2011-01-01,2020-12-31",60,500,blockperm,outage,0,z500_amp_weighted,burst_gate,recompute,85.0,12.232402038574218,"1991-01-01,2010-12-31",driver_phase_index,0.1,0.2
6,19,32,377,-3.3261973797819215,16.848350409582576,-0.19741976507623749,-0.19584464829159376,-1.7036217749118805,-1.632947564125061,-0.07067421078681946,,,,,,0.25,0.1935483870967742,2.6666666666666665,0,,"2011-01-01,2020-12-31",60,500,blockperm,outage,0,z500_amp_weighted,burst_gate,recompute,85.0,12.232402038574218,"1991-01-01,2010-12-31",driver_phase_index,0.1,0.2
6,20,32,377,-2.9918606736615736,18.591506766776106,-0.1609262073910098,-0.15949353010930342,-2.0354915857315063,-1.0237188339233398,-1.0117727518081665,,,,,,0.25,0.1935483870967742,2.6666666666666665,0,,"2011-01-01,2020-12-31",60,500,blockperm,outage,0,z500_amp_weighted,burst_gate,recompute,85.0,12.232402038574218,"1991-01-01,2010-12-31",driver_phase_index,0.1,0.2
6,21,32,377,-3.1799954855172285,20.951581902500596,-0.1517783000976023,-0.1512291535289865,-2.43913197517395,-0.926300585269928,-1.5128313899040222,,,,,,0.25,0.12903225806451613,4.0,0,,"2011-01-01,2020-12-31",60,500,blockperm,outage,0,z500_amp_weighted,burst_gate,recompute,85.0,12.232402038574218,"1991-01-01,2010-12-31",driver_phase_index,0.1,0.2
6,22,32,377,-3.781861826248803,20.544732873352594,-0.18407938665165324,-0.18329352995398096,0.37314310669898987,0.08081978559494019,0.2923233211040497,,,,,,0.25,0.12903225806451613,4.0,0,,"2011-01-01,2020-12-31",60,500,blockperm,outage,0,z500_amp_weighted,burst_gate,recompute,85.0,12.232402038574218,"1991-01-01,2010-12-31",driver_phase_index,0.1,0.2
6,23,32,377,-1.5814344611424034,16.83794269961126,-0.09392088388440198,-0.09175181935618221,0.639927864074707,0.14861218631267548,0.49131567776203156,,,,,,0.25,0.1935483870967742,2.6666666666666665,0,,"2011-01-01,2020-12-31",60,500,blockperm,outage,0,z500_amp_weighted,burst_gate,recompute,85.0,12.232402038574218,"1991-01-01,2010-12-31",driver_phase_index,0.1,0.2
6,24,32,377,2.061253227046456,16.695252625150225,0.12346343438621125,0.12045139998408592,-2.737719476222992,-0.2871692478656769,-2.450550228357315,,,,,,0.3125,0.25806451612903225,2.5,0,,"2011-01-01,2020-12-31",60,500,blockperm,outage,0,z500_amp_weighted,burst_gate,recompute,85.0,12.232402038574218,"1991-01-01,2010-12-31",driver_phase_index,0.1,0.2
6,25,32,377,7.047367514019699,18.154104145187258,0.388196930989183,0.3840691487835252,4.58279275894165,-1.7059112787246704,6.288704037666321,,,,,,0.125,0.12903225806451613,2.0,0,,"2011-01-01,2020-12-31",60,500,blockperm,outage,0,z500_amp_weighted,burst_gate,recompute,85.0,12.232402038574218,"1991-01-01,2010-12-31",driver_phase_index,0.1,0.2
6,26,32,377,11.736716600806904,18.910715204510655,0.6206384303226892,0.617810943033239,11.331562995910645,-1.2810746431350708,12.612637639045715,,,,,,0.09375,0.12903225806451613,1.5,0,,"2011-01-01,2020-12-31",60,500,blockperm,outage,0,z500_amp_weighted,burst_gate,recompute,85.0,12.232402038574218,"1991-01-01,2010-12-31",driver_phase_index,0.1,0.2
6,27,32,377,13.53288165211186,18.35692771687414,0.7372084185782407,0.7295712354409803,14.539693832397461,-0.5099302530288696,15.04962408542633,,,,,,0.0625,0.12903225806451613,1.0,0,,"2011-01-01,2020-12-31",60,500,blockperm,outage,0,z500_amp_weighted,burst_gate,recompute,85.0,12.232402038574218,"1991-01-01,2010-12-31",driver_phase_index,0.1,0.2
6,28,32,377,14.027988459302275,18.01371278602508,0.7787394317836074,0.7692228959290391,17.518275260925293,0.7518685460090637,16.76640671491623,,,,,,0.03125,0.06451612903225806,1.0,1,,"2011-01-01,2020-12-31",60,500,blockperm,outage,0,z500_amp_weighted,burst_gate,recompute,85.0,12.232402038574218,"1991-01-01,2010-12-31",driver_phase_index,0.1,0.2
6,29,32,377,11.968669585755158,16.97440856842357,0.7051008309072827,0.6939648842438385,16.167217254638672,1.4199761152267456,14.747241139411926,,,,,,0.03125,0.06451612903225806,1.0,0,,"2011-01-01,2020-12-31",60,500,blockperm,outage,0,z500_amp_weighted,burst_gate,recompute,85.0,12.232402038574218,"1991-01-01,2010-12-31",driver_phase_index,0.1,0.2
6,30,32,377,11.227933177825765,15.145949271512764,0.7413159107130912,0.7291661590377038,16.86244297027588,2.385864019393921,14.476578950881958,,,,,,0.0625,0.06451612903225806,2.0,0,,"2011-01-01,2020-12-31",60,500,blockperm,outage,0,z500_amp_weighted,burst_gate,recompute,85.0,12.232402038574218,"1991-01-01,2010-12-31",driver_phase_index,0.1,0.2
7,0,32,363,8.014009098145218,12.425734820632584,0.6449525290720176,0.6418091375419036,8.386340141296387,0.48531633615493774,7.901023805141449,,,,,,0.125,0.06451612903225806,4.0,0,,"2011-01-01,2020-12-31",60,500,blockperm,outage,0,z500_amp_weighted,burst_gate,recompute,85.0,12.232402038574218,"1991-01-01,2010-12-31",driver_phase_index,0.1,0.2
7,1,32,363,9.114149407501596,11.900606712783334,0.7658558615932921,0.7346672627695471,12.22141408920288,0.12469784915447235,12.096716240048409,,,,,,0.15625,0.06451612903225806,5.0,0,,"2011-01-01,2020-12-31",60,500,blockperm,outage,0,z500_amp_weighted,burst_gate,recompute,85.0,12.232402038574218,"1991-01-01,2010-12-31",driver_phase_index,0.1,0.2
7,2,32,363,10.153017397069426,11.226701722714132,0.904363333758801,0.8403636380768295,10.77486801147461,-1.0699259042739868,11.844793915748596,,,,,,0.15625,0.06451612903225806,5.0,0,,"2011-01-01,2020-12-31",60,500,blockperm,outage,0,z500_amp_weighted,burst_gate,recompute,85.0,12.232402038574218,"1991-01-01,2010-12-31",driver_phase_index,0.1,0.2
7,3,32,363,10.635192702234448,10.297806168367304,1.0327629524532638,0.958357758310617,9.03516674041748,-2.146010398864746,11.181177139282227,,,,,,0.1875,0.0967741935483871,3.0,0,,"2011-01-01,2020-12-31",60,500,blockperm,outage,0,z500_amp_weighted,burst_gate,recompute,85.0,12.232402038574218,"1991-01-01,2010-12-31",driver_phase_index,0.1,0.2
7,4,31,363,11.47817762511092,9.335363219235898,1.2295373362077295,1.1693543760073797,12.006226539611816,-2.5678937435150146,14.574120283126831,,,,,,0.16129032258064516,0.06666666666666667,5.0,0,,"2011-01-01,2020-12-31",60,500,blockperm,outage,0,z500_amp_weighted,burst_gate,recompute,85.0,12.232402038574218,"1991-01-01,2010-12-31",driver_phase_index,0.1,0.2
7,5,31,363,10.106669392447667,8.982789973400985,1.1251147385583555,1.1085984494734151,8.869452476501465,-1.5446664094924927,10.414118885993958,,,,,,0.0967741935483871,0.06666666666666667,3.0,0,,"2011-01-01,2020-12-31",60,500,blockperm,outage,0,z500_amp_weighted,burst_gate,recompute,85.0,12.232402038574218,"1991-01-01,2010-12-31",driver_phase_index,0.1,0.2
7,6,31,363,5.901635001156714,10.455853723117308,0.5644335849982799,0.5692271411179552,6.348996162414551,-0.5255810022354126,6.874577164649963,,,,,,0.06451612903225806,0.13333333333333333,1.0,1,,"2011-01-01,2020-12-31",60,500,blockperm,outage,0,z500_amp_weighted,burst_gate,recompute,85.0,12.232402038574218,"1991-01-01,2010-12-31",driver_phase_index,0.1,0.2
7,7,31,363,1.6889217081822778,13.469542859294606,0.12538819808697843,0.12652520780468035,3.232179641723633,0.2618512213230133,2.9703284204006195,,,,,,0.12903225806451613,0.13333333333333333,2.0,0,,"2011-01-01,2020-12-31",60,500,blockperm,outage,0,z500_amp_weighted,burst_gate,recompute,85.0,12.232402038574218,"1991-01-01,2010-12-31",driver_phase_index,0.1,0.2
7,8,31,363,-0.4143131273978403,16.56853449224025,-0.025006021358852274,-0.02532804359876734,0.862920343875885,-0.053443893790245056,0.9163642376661301,,,,,,0.1935483870967742,0.13333333333333333,3.0,0,,"2011-01-01,2020-12-31",60,500,blockperm,outage,0,z500_amp_weighted,burst_gate,recompute,85.0,12.232402038574218,"1991-01-01,2010-12-31",driver_phase_index,0.1,0.2
7,9,31,363,-0.343063837165071,18.286763570088947,-0.018760227081746118,-0.01909004862808002,1.5907191038131714,0.1872817575931549,1.4034373462200165,,,,,,0.16129032258064516,0.2,1.6666666666666667,0,,"2011-01-01,2020-12-31",60,500,blockperm,outage,0,z500_amp_weighted,burst_gate,recompute,85.0,12.232402038574218,"1991-01-01,2010-12-31",driver_phase_index,0.1,0.2
7,10,31,363,-1.3229858770511007,17.81311665303208,-0.07427032017027224,-0.0754683359818237,1.862339735031128,-0.09192225337028503,1.954261988401413,,,,,,0.25806451612903225,0.26666666666666666,2.0,0,,"2011-01-01,2020-12-31",60,500,blockperm,outage,0,z500_amp_weighted,burst_gate,recompute,85.0,12.232402038574218,"1991-01-01,2010-12-31",driver_phase_index,0.1,0.2
7,11,31,363,-3.656831071957632,16.511802234888222,-0.2214677126056547,-0.22345614188438379,-0.9935575723648071,-0.5694767832756042,-0.4240807890892029,,,,,,0.2903225806451613,0.2,3.0,0,,"2011-01-01,2020-12-31",60,500,blockperm,outage,0,z500_amp_weighted,burst_gate,recompute,85.0,12.232402038574218,"1991-01-01,2010-12-31",driver_phase_index,0.1,0.2
7,12,31,363,-3.7886604948544385,14.693697848986838,-0.2578425481313184,-0.2557886870347758,-5.999790668487549,-1.0944905281066895,-4.905300140380859,,,,,,0.2903225806451613,0.2,3.0,0,,"2011-01-01,2020-12-31",60,500,blockperm,outage,0,z500_amp_weighted,burst_gate,recompute,85.0,12.232402038574218,"1991-01-01,2010-12-31",driver_phase_index,0.1,0.2
7,13,31,363,-2.7557472152713087,13.230412311062873,-0.20828883866053335,-0.20087599582289561,-7.037288665771484,-1.7704366445541382,-5.266852021217346,,,,,,0.3225806451612903,0.26666666666666666,2.5,0,,"2011-01-01,2020-12-31",60,500,blockperm,outage,0,z500_amp_weighted,burst_gate,recompute,85.0,12.232402038574218,"1991-01-01,2010-12-31",driver_phase_index,0.1,0.2
7,14,31,363,-3.0910232228317254,12.590714907069199,-0.24550021548786205,-0.22996033194355087,-7.559873580932617,-1.9433969259262085,-5.616476655006409,,,,,,0.45161290322580644,0.2,4.666666666666667,0,,"2011-01-01,2020-12-31",60,500,blockperm,outage,0,z500_amp_weighted,burst_gate,recompute,85.0,12.232402038574218,"1991-01-01,2010-12-31",driver_phase_index,0.1,0.2
7,15,31,363,-5.191736169252685,12.560747776756811,-0.41333018236858454,-0.3862871391496983,-11.61801528930664,-0.4775429964065552,-11.140472292900085,,,,,,0.5161290322580645,0.13333333333333333,8.0,0,,"2011-01-01,2020-12-31",60,500,blockperm,outage,0,z500_amp_weighted,burst_gate,recompute,85.0,12.232402038574218,"1991-01-01,2010-12-31",driver_phase_index,0.1,0.2
7,16,31,363,-7.064361160435825,13.516749638499318,-0.5226375681557818,-0.4943040615668879,-11.375831604003906,0.6612640023231506,-12.037095606327057,,,,,,0.5161290322580645,0.13333333333333333,8.0,0,,"2011-01-01,2020-12-31",60,500,blockperm,outage,0,z500_amp_weighted,burst_gate,recompute,85.0,12.232402038574218,"1991-01-01,2010-12-31",driver_phase_index,0.1,0.2
7,17,31,363,-7.98405106451801,15.655860518445234,-0.5099720360379716,-0.48382956408959826,-14.395009994506836,1.9733121395111084,-16.368322134017944,,,,,,0.5161290322580645,0.13333333333333333,8.0,0,,"2011-01-01,2020-12-31",60,500,blockperm,outage,0,z500_amp_weighted,burst_gate,recompute,85.0,12.232402038574218,"1991-01-01,2010-12-31",driver_phase_index,0.1,0.2
7,18,31,363,-6.861794742100198,17.472442329528903,-0.3927209838606008,-0.3785856688253422,-11.913103103637695,2.284684181213379,-14.197787284851074,,,,,,0.41935483870967744,0.2,4.333333333333333,0,,"2011-01-01,2020-12-31",60,500,blockperm,outage,0,z500_amp_weighted,burst_gate,recompute,85.0,12.232402038574218,"1991-01-01,2010-12-31",driver_phase_index,0.1,0.2
7,19,31,363,-5.590086374887371,17.563435310070677,-0.3182797827530972,-0.3143327350549427,-3.3676891326904297,2.0803048610687256,-5.447993993759155,,,,,,0.3225806451612903,0.13333333333333333,5.0,0,,"2011-01-01,2020-12-31",60,500,blockperm,outage,0,z500_amp_weighted,burst_gate,recompute,85.0,12.232402038574218,"1991-01-01,2010-12-31",driver_phase_index,0.1,0.2
7,20,31,363,-4.438909742500844,15.609177060519768,-0.2843782042634497,-0.283094849196795,0.7228158116340637,1.9656445980072021,-1.2428287863731384,,,,,,0.25806451612903225,0.06666666666666667,8.0,0,,"2011-01-01,2020-12-31",60,500,blockperm,outage,0,z500_amp_weighted,burst_gate,recompute,85.0,12.232402038574218,"1991-01-01,2010-12-31",driver_phase_index,0.1,0.2
7,21,31,363,-3.2080475777213158,13.509051896833553,-0.23747392505563358,-0.2355130375400181,-0.5408620834350586,1.3339776992797852,-1.8748397827148438,,,,,,0.2903225806451613,0.13333333333333333,4.5,0,,"2011-01-01,2020-12-31",60,500,blockperm,outage,0,z500_amp_weighted,burst_gate,recompute,85.0,12.232402038574218,"1991-01-01,2010-12-31",driver_phase_index,0.1,0.2
7,22,31,363,-2.431599437904765,12.837456544241599,-0.18941442407417453,-0.18714216485151375,-0.592534601688385,0.3833848536014557,-0.9759194552898407,,,,,,0.3225806451612903,0.13333333333333333,5.0,0,,"2011-01-01,2020-12-31",60,500,blockperm,outage,0,z500_amp_weighted,burst_gate,recompute,85.0,12.232402038574218,"1991-01-01,2010-12-31",driver_phase_index,0.1,0.2
7,23,31,363,-2.2900889745649042,13.171318997652515,-0.17386937291345386,-0.17137247099973316,-0.0016465381486341357,0.8394659757614136,-0.8411125139100477,,,,,,0.3548387096774194,0.13333333333333333,5.5,0,,"2011-01-01,2020-12-31",60,500,blockperm,outage,0,z500_amp_weighted,burst_gate,recompute,85.0,12.232402038574218,"1991-01-01,2010-12-31",driver_phase_index,0.1,0.2
7,24,31,363,-2.2990173655542656,13.637944309950806,-0.16857506624930327,-0.16485895674701617,1.4614671468734741,1.074721336364746,0.386745810508728,,,,,,0.3870967741935484,0.13333333333333333,6.0,0,,"2011-01-01,2020-12-31",60,500,blockperm,outage,0,z500_amp_weighted,burst_gate,recompute,85.0,12.232402038574218,"1991-01-01,2010-12-31",driver_phase_index,0.1,0.2
7,25,31,363,-3.204214557627441,14.73886065184012,-0.21739906722216013,-0.21133682002493587,4.29386568069458,1.469704508781433,2.824161171913147,,,,,,0.41935483870967744,0.13333333333333333,6.5,0,,"2011-01-01,2020-12-31",60,500,blockperm,outage,0,z500_amp_weighted,burst_gate,recompute,85.0,12.232402038574218,"1991-01-01,2010-12-31",driver_phase_index,0.1,0.2
7,26,31,363,-4.719149627334728,16.562311699410454,-0.2849330282500787,-0.27855670484352446,-7.866013526916504,1.7508742809295654,-9.61688780784607,,,,,,0.3548387096774194,0.13333333333333333,5.5,0,,"2011-01-01,2020-12-31",60,500,blockperm,outage,0,z500_amp_weighted,burst_gate,recompute,85.0,12.232402038574218,"1991-01-01,2010-12-31",driver_phase_index,0.1,0.2
7,27,31,363,-5.723239753009978,16.91584596814467,-0.33833600541100833,-0.3354958260078908,-3.559845447540283,2.141425609588623,-5.701271057128906,,,,,,0.3870967741935484,0.2,4.0,0,,"2011-01-01,2020-12-31",60,500,blockperm,outage,0,z500_amp_weighted,burst_gate,recompute,85.0,12.232402038574218,"1991-01-01,2010-12-31",driver_phase_index,0.1,0.2
7,28,31,363,-3.6073619055290345,15.561119145827949,-0.23181892457241388,-0.2311065361846003,-0.29676902294158936,2.2488644123077393,-2.5456334352493286,,,,,,0.25806451612903225,0.26666666666666666,2.0,0,,"2011-01-01,2020-12-31",60,500,blockperm,outage,0,z500_amp_weighted,burst_gate,recompute,85.0,12.232402038574218,"1991-01-01,2010-12-31",driver_phase_index,0.1,0.2
7,29,31,363,1.2794152118373552,14.322616387038572,0.08932831664717193,0.0899185221565399,3.225335121154785,1.51460599899292,1.7107291221618652,,,,,,0.16129032258064516,0.2,1.6666666666666667,0,,"2011-01-01,2020-12-31",60,500,blockperm,outage,0,z500_amp_weighted,burst_gate,recompute,85.0,12.232402038574218,"1991-01-01,2010-12-31",driver_phase_index,0.1,0.2
7,30,31,363,4.478529977810248,13.546486214515296,0.3306045499098818,0.33345773545047575,6.429577350616455,0.759303092956543,5.670274257659912,,,,,,0.0967741935483871,0.13333333333333333,1.5,0,,"2011-01-01,2020-12-31",60,500,blockperm,outage,0,z500_amp_weighted,burst_gate,recompute,85.0,12.232402038574218,"1991-01-01,2010-12-31",driver_phase_index,0.1,0.2
8,0,38,461,-3.4515503710177287,17.57109472953003,-0.19643342797629126,-0.19693844678272002,-2.747353672981262,-0.14898213744163513,-2.598371535539627,,,,,,0.2631578947368421,0.2702702702702703,2.0,0,,"2011-01-01,2020-12-31",60,500,blockperm,outage,0,z500_amp_weighted,burst_gate,recompute,85.0,12.232402038574218,"1991-01-01,2010-12-31",driver_phase_index,0.1,0.2
8,1,38,461,-5.974917798849166,17.89155403116408,-0.33395186289809503,-0.3362486450940715,-5.299466133117676,-0.3808175027370453,-4.9186486303806305,,,,,,0.3157894736842105,0.2702702702702703,2.4,0,,"2011-01-01,2020-12-31",60,500,blockperm,outage,0,z500_amp_weighted,burst_gate,recompute,85.0,12.232402038574218,"1991-01-01,2010-12-31",driver_phase_index,0.1,0.2
8,2,38,461,-6.666947804830304,17.400322701008196,-0.3831508138894466,-0.38523606247532666,-4.07201623916626,-0.9159066677093506,-3.156109571456909,,,,,,0.3157894736842105,0.21621621621621623,3.0,0,,"2011-01-01,2020-12-31",60,500,blockperm,outage,0,z500_amp_weighted,burst_gate,recompute,85.0,12.232402038574218,"1991-01-01,2010-12-31",driver_phase_index,0.1,0.2
8,3,37,461,-4.502401785516017,17.21051322013286,-0.2616076422549159,-0.26174472228224366,-2.3234782218933105,-0.5370293259620667,-1.786448895931244,,,,,,0.24324324324324326,0.2777777777777778,1.8,0,,"2011-01-01,2020-12-31",60,500,blockperm,outage,0,z500_amp_weighted,burst_gate,recompute,85.0,12.232402038574218,"1991-01-01,2010-12-31",driver_phase_index,0.1,0.2
8,4,37,461,0.546123449491184,17.318126075329076,0.03153478887471413,0.031432124317051606,5.374337196350098,-0.04111826419830322,5.415455460548401,,,,,,0.21621621621621623,0.2222222222222222,2.0,0,,"2011-01-01,2020-12-31",60,500,blockperm,outage,0,z500_amp_weighted,burst_gate,recompute,85.0,12.232402038574218,"1991-01-01,2010-12-31",driver_phase_index,0.1,0.2
8,5,37,461,5.697752004701304,18.03259162759562,0.315969668829073,0.3136699731173921,8.446062088012695,1.9631613492965698,6.4829007387161255,,,,,,0.1891891891891892,0.16666666666666666,2.3333333333333335,0,,"2011-01-01,2020-12-31",60,500,blockperm,outage,0,z500_amp_weighted,burst_gate,recompute,85.0,12.232402038574218,"1991-01-01,2010-12-31",driver_phase_index,0.1,0.2
8,6,37,461,6.9130878703651355,18.70992912947691,0.3694876566621399,0.36118402454656107,1.6636402606964111,1.6812877655029297,-0.017647504806518555,,,,,,0.1891891891891892,0.16666666666666666,2.3333333333333335,0,,"2011-01-01,2020-12-31",60,500,blockperm,outage,0,z500_amp_weighted,burst_gate,recompute,85.0,12.232402038574218,"1991-01-01,2010-12-31",driver_phase_index,0.1,0.2
8,7,37,461,8.260714826048225,19.227850899541682,0.42962236753381156,0.41520173945665617,6.339273929595947,2.8576033115386963,3.481670618057251,,,,,,0.24324324324324326,0.16666666666666666,2.25,0,,"2011-01-01,2020-12-31",60,500,blockperm,outage,0,z500_amp_weighted,burst_gate,recompute,85.0,12.232402038574218,"1991-01-01,2010-12-31",driver_phase_index,0.1,0.2
8,8,37,461,8.036728723875022,19.399298219762677,0.4142793534504126,0.405166175784765,9.359807968139648,3.1121397018432617,6.247668266296387,,,,,,0.24324324324324326,0.16666666666666666,2.25,0,,"2011-01-01,2020-12-31",60,500,blockperm,outage,0,z500_amp_weighted,burst_gate,recompute,85.0,12.232402038574218,"1991-01-01,2010-12-31",driver_phase_index,0.1,0.2
8,9,37,461,8.922232261825602,17.3745080001072,0.5135243116968005,0.5079672636673097,7.89604377746582,2.3623132705688477,5.533730506896973,,,,,,0.05405405405405406,0.05555555555555555,2.0,0,,"2011-01-01,2020-12-31",60,500,blockperm,outage,0,z500_amp_weighted,burst_gate,recompute,85.0,12.232402038574218,"1991-01-01,2010-12-31",driver_phase_index,0.1,0.2
8,10,37,461,9.750744085506014,15.419502612948351,0.632364371942707,0.630465115652921,9.95779037475586,1.6584787368774414,8.299311637878418,,,,,,0.05405405405405406,0.08333333333333333,1.0,0,,"2011-01-01,2020-12-31",60,500,blockperm,outage,0,z500_amp_weighted,burst_gate,recompute,85.0,12.232402038574218,"1991-01-01,2010-12-31",driver_phase_index,0.1,0.2
8,11,37,461,9.662277828201043,14.201662226577874,0.680362458566185,0.6802796664598337,9.379571914672852,1.363541841506958,8.016030073165894,,,,,,0.0,0.0,0.0,1,,"2011-01-01,2020-12-31",60,500,blockperm,outage,0,z500_amp_weighted,burst_gate,recompute,85.0,12.232402038574218,"1991-01-01,2010-12-31",driver_phase_index,0.1,0.2
8,12,37,461,7.965119388734989,13.303567922254736,0.5987205413827836,0.5974685229049899,6.9300737380981445,1.1852041482925415,5.744869589805603,,,,,,0.02702702702702703,0.05555555555555555,1.0,0,,"2011-01-01,2020-12-31",60,500,blockperm,outage,0,z500_amp_weighted,burst_gate,recompute,85.0,12.232402038574218,"1991-01-01,2010-12-31",driver_phase_index,0.1,0.2
8,13,37,461,6.348470365413584,13.405931417543426,0.473556828517396,0.4716614324264672,4.225327968597412,1.2124155759811401,3.012912392616272,,,,,,0.05405405405405406,0.05555555555555555,2.0,0,,"2011-01-01,2020-12-31",60,500,blockperm,outage,0,z500_amp_weighted,burst_gate,recompute,85.0,12.232402038574218,"1991-01-01,2010-12-31",driver_phase_index,0.1,0.2
8,14,37,461,4.906359978319784,14.304007652956148,0.3430059670938311,0.34108097822206285,4.2646379470825195,1.744410753250122,2.5202271938323975,,,,,,0.1891891891891892,0.1388888888888889,2.3333333333333335,0,,"2011-01-01,2020-12-31",60,500,blockperm,outage,0,z500_amp_weighted,burst_gate,recompute,85.0,12.232402038574218,"1991-01-01,2010-12-31",driver_phase_index,0.1,0.2
8,15,37,461,2.5644159627971432,15.205330099955663,0.16865243608256955,0.1671511798170677,3.3526861667633057,1.8112473487854004,1.5414388179779053,,,,,,0.21621621621621623,0.1388888888888889,2.6666666666666665,0,,"2011-01-01,2020-12-31",60,500,blockperm,outage,0,z500_amp_weighted,burst_gate,recompute,85.0,12.232402038574218,"1991-01-01,2010-12-31",driver_phase_index,0.1,0.2
8,16,37,461,-0.9895635808189536,15.725558570183084,-0.0629270862718508,-0.06211363934305254,1.7700395584106445,1.2698792219161987,0.5001603364944458,,,,,,0.2972972972972973,0.2777777777777778,2.2,0,,"2011-01-01,2020-12-31",60,500,blockperm,outage,0,z500_amp_weighted,burst_gate,recompute,85.0,12.232402038574218,"1991-01-01,2010-12-31",driver_phase_index,0.1,0.2
8,17,37,461,-3.379212991515922,16.456200451031233,-0.2053458817283769,-0.20298854263020516,-3.019338607788086,0.7570010423660278,-3.7763396501541138,,,,,,0.2702702702702703,0.2222222222222222,2.5,0,,"2011-01-01,2020-12-31",60,500,blockperm,outage,0,z500_amp_weighted,burst_gate,recompute,85.0,12.232402038574218,"1991-01-01,2010-12-31",driver_phase_index,0.1,0.2
8,18,37,461,-3.2044968694878135,16.715613229763218,-0.1917068088044776,-0.19015535263526984,-4.207985877990723,-0.3194824755191803,-3.8885034024715424,,,,,,0.2972972972972973,0.19444444444444445,2.75,0,,"2011-01-01,2020-12-31",60,500,blockperm,outage,0,z500_amp_weighted,burst_gate,recompute,85.0,12.232402038574218,"1991-01-01,2010-12-31",driver_phase_index,0.1,0.2
8,19,37,461,-2.026455067276248,16.713320191037614,-0.12124790550969751,-0.12115349939194162,-4.100372791290283,0.030655769631266594,-4.13102856092155,,,,,,0.24324324324324326,0.16666666666666666,3.0,0,,"2011-01-01,2020-12-31",60,500,blockperm,outage,0,z500_amp_weighted,burst_gate,recompute,85.0,12.232402038574218,"1991-01-01,2010-12-31",driver_phase_index,0.1,0.2
8,20,37,461,-0.2221951052354112,17.689315759164327,-0.012560977951919836,-0.01270074038656915,-0.7241383790969849,-0.7403898239135742,0.016251444816589355,,,,,,0.16216216216216217,0.16666666666666666,2.0,0,,"2011-01-01,2020-12-31",60,500,blockperm,outage,0,z500_amp_weighted,burst_gate,recompute,85.0,12.232402038574218,"1991-01-01,2010-12-31",driver_phase_index,0.1,0.2
8,21,37,461,1.272004798443506,20.32329268117709,0.06258851940963306,0.06262076589314333,0.3009847402572632,0.021082255989313126,0.27990248426795006,,,,,,0.21621621621621623,0.08333333333333333,4.0,0,,"2011-01-01,2020-12-31",60,500,blockperm,outage,0,z500_amp_weighted,burst_gate,recompute,85.0,12.232402038574218,"1991-01-01,2010-12-31",driver_phase_index,0.1,0.2
8,22,37,461,1.3282936573768511,23.033284710324207,0.05766844260738332,0.05645292546402079,5.2937798500061035,-0.493394672870636,5.7871745228767395,,,,,,0.24324324324324326,0.1388888888888889,3.0,0,,"2011-01-01,2020-12-31",60,500,blockperm,outage,0,z500_amp_weighted,burst_gate,recompute,85.0,12.232402038574218,"1991-01-01,2010-12-31",driver_phase_index,0.1,0.2
8,23,37,461,1.462182416761291,24.16858133502358,0.06049930678564028,0.058868489082013,2.3977041244506836,-1.6602952480316162,4.0579993724823,,,,,,0.24324324324324326,0.1388888888888889,3.0,0,,"2011-01-01,2020-12-31",60,500,blockperm,outage,0,z500_amp_weighted,burst_gate,recompute,85.0,12.232402038574218,"1991-01-01,2010-12-31",driver_phase_index,0.1,0.2
8,24,37,461,3.222212180743586,25.193391497467736,0.1278991032655314,0.12475684949345463,-2.985816478729248,-2.2598421573638916,-0.7259743213653564,,,,,,0.21621621621621623,0.1388888888888889,2.6666666666666665,0,,"2011-01-01,2020-12-31",60,500,blockperm,outage,0,z500_amp_weighted,burst_gate,recompute,85.0,12.232402038574218,"1991-01-01,2010-12-31",driver_phase_index,0.1,0.2
8,25,37,461,1.3306815468086401,23.940672497188363,0.05558246314780497,0.05468363737875691,-7.392089366912842,-1.9824082851409912,-5.409681081771851,,,,,,0.2972972972972973,0.19444444444444445,2.75,0,,"2011-01-01,2020-12-31",60,500,blockperm,outage,0,z500_amp_weighted,burst_gate,recompute,85.0,12.232402038574218,"1991-01-01,2010-12-31",driver_phase_index,0.1,0.2
8,26,37,461,-2.453839003546175,24.328911641264426,-0.10086102657318227,-0.09975056469560219,-8.250109672546387,-1.1792724132537842,-7.0708372592926025,,,,,,0.32432432432432434,0.1111111111111111,6.0,0,,"2011-01-01,2020-12-31",60,500,blockperm,outage,0,z500_amp_weighted,burst_gate,recompute,85.0,12.232402038574218,"1991-01-01,2010-12-31",driver_phase_index,0.1,0.2
8,27,37,461,-2.302060254404007,24.66851607823936,-0.09331977031381734,-0.09136646685831792,-4.171230792999268,0.7104864120483398,-4.881717205047607,,,,,,0.35135135135135137,0.19444444444444445,3.25,0,,"2011-01-01,2020-12-31",60,500,blockperm,outage,0,z500_amp_weighted,burst_gate,recompute,85.0,12.232402038574218,"1991-01-01,2010-12-31",driver_phase_index,0.1,0.2
8,28,37,461,4.77825106290807,23.62431783605361,0.2022598534301749,0.19548094054984066,7.608494281768799,2.657294273376465,4.951200008392334,,,,,,0.2972972972972973,0.1388888888888889,3.6666666666666665,0,,"2011-01-01,2020-12-31",60,500,blockperm,outage,0,z500_amp_weighted,burst_gate,recompute,85.0,12.232402038574218,"1991-01-01,2010-12-31",driver_phase_index,0.1,0.2
8,29,37,461,11.031595945772477,22.376536906859712,0.4929983576855742,0.4755087082133709,25.575096130371094,3.1280648708343506,22.447031259536743,,,,,,0.24324324324324326,0.1388888888888889,3.0,0,,"2011-01-01,2020-12-31",60,500,blockperm,outage,0,z500_amp_weighted,burst_gate,recompute,85.0,12.232402038574218,"1991-01-01,2010-12-31",driver_phase_index,0.1,0.2
8,30,37,461,11.831518883087515,20.066793028674045,0.5896068627498725,0.5728280644880063,26.994749069213867,2.858187675476074,24.136561393737793,,,,,,0.21621621621621623,0.1388888888888889,2.6666666666666665,0,,"2011-01-01,2020-12-31",60,500,blockperm,outage,0,z500_amp_weighted,burst_gate,recompute,85.0,12.232402038574218,"1991-01-01,2010-12-31",driver_phase_index,0.1,0.2
