phase,lag,n_on,n_off,n_total,p_on,H_uncond,H_cond,IG_bits,MI_bits,KL_on_bits,KL_off_bits,q90_shift,n_bins,underpowered,bestlag_phase,window_mode,gate_source,gate_percentile,gate_threshold,gate_train,block_len,n_null,bin_method,bins_min,bins_max,fixed_bins,test_window,target,underpowered_policy,two_sided,min_on,min_off,min_total,condition_file,condition_var,condition_values
1,0,51,274,325,0.15692307692307692,3.627219319634838,3.6595443000860888,-0.03232498045125087,,0.07344250502660514,0.0032801860898142104,-0.0034992458521870273,20,0,0,binary_gate,from_file,90.0,,"1991-01-01,2010-12-31",60,2000,freedman_diaconis,10,80,30,"2011-01-01,2020-12-31",amp_phase,flag_only,0,20,100,200,,,
1,1,51,274,325,0.15692307692307692,3.6148923725235313,3.623234751390695,-0.008342378867163713,,0.18864847785625263,0.008891813928286753,0.05532428355957768,20,0,0,binary_gate,from_file,90.0,,"1991-01-01,2010-12-31",60,2000,freedman_diaconis,10,80,30,"2011-01-01,2020-12-31",amp_phase,flag_only,0,20,100,200,,,
1,2,51,274,325,0.15692307692307692,3.6544743334533947,3.6785878731558412,-0.024113539702446563,,0.14939190293716917,0.00772909395422022,0.09453996983408748,22,0,0,binary_gate,from_file,90.0,,"1991-01-01,2010-12-31",60,2000,freedman_diaconis,10,80,30,"2011-01-01,2020-12-31",amp_phase,flag_only,0,20,100,200,,,
1,3,51,274,325,0.15692307692307692,3.7216700354020156,3.751201407973201,-0.029531372571185432,,0.1969715709548067,0.009089748170084221,0.09453996983408748,25,0,0,binary_gate,from_file,90.0,,"1991-01-01,2010-12-31",60,2000,freedman_diaconis,10,80,30,"2011-01-01,2020-12-31",amp_phase,flag_only,0,20,100,200,,,
1,4,51,274,325,0.15692307692307692,3.736394183581435,3.7599808275424715,-0.02358664396103638,,0.23204912162321945,0.010802996081992746,0.1141478129713424,25,0,0,binary_gate,from_file,90.0,,"1991-01-01,2010-12-31",60,2000,freedman_diaconis,10,80,30,"2011-01-01,2020-12-31",amp_phase,flag_only,0,20,100,200,,,
1,5,51,274,325,0.15692307692307692,3.7474990118854787,3.748964571163142,-0.001465559277663342,,0.26835089295104897,0.015629227895547854,0.1141478129713424,23,0,0,binary_gate,from_file,90.0,,"1991-01-01,2010-12-31",60,2000,freedman_diaconis,10,80,30,"2011-01-01,2020-12-31",amp_phase,flag_only,0,20,100,200,,,
1,6,51,274,325,0.15692307692307692,3.7536340615474257,3.768859118089599,-0.01522505654217321,,0.15625773485248567,0.007312575803351086,0.09453996983408748,22,0,0,binary_gate,from_file,90.0,,"1991-01-01,2010-12-31",60,2000,freedman_diaconis,10,80,30,"2011-01-01,2020-12-31",amp_phase,flag_only,0,20,100,200,,,
1,7,51,274,325,0.15692307692307692,3.4767268702691583,3.4798413868805773,-0.003114516611419038,,0.13361057773650575,0.006276296514423713,0.09453996983408748,17,0,0,binary_gate,from_file,90.0,,"1991-01-01,2010-12-31",60,2000,freedman_diaconis,10,80,30,"2011-01-01,2020-12-31",amp_phase,flag_only,0,20,100,200,,,
1,8,51,274,325,0.15692307692307692,3.32504644864546,3.3035975145257543,0.0214489341197055,,0.21785671721276656,0.014366919318364514,0.0749321266968326,15,0,0,binary_gate,from_file,90.0,,"1991-01-01,2010-12-31",60,2000,freedman_diaconis,10,80,30,"2011-01-01,2020-12-31",amp_phase,flag_only,0,20,100,200,,,
1,9,51,274,325,0.15692307692307692,3.5810442837323975,3.538717861781848,0.04232642195054925,,0.3111867040451956,0.015043583489309523,0.05532428355957768,17,0,0,binary_gate,from_file,90.0,,"1991-01-01,2010-12-31",60,2000,freedman_diaconis,10,80,30,"2011-01-01,2020-12-31",amp_phase,flag_only,0,20,100,200,,,
1,10,51,274,325,0.15692307692307692,3.4186508810706213,3.3509460150773194,0.06770486599330194,,0.37829816605864086,0.021035519923896323,0.03571644042232279,14,0,1,binary_gate,from_file,90.0,,"1991-01-01,2010-12-31",60,2000,freedman_diaconis,10,80,30,"2011-01-01,2020-12-31",amp_phase,flag_only,0,20,100,200,,,
1,11,51,274,325,0.15692307692307692,3.3333426378268336,3.2864856897354553,0.0468569480913783,,0.28243387410811527,0.012750174445815863,0.016108597285067874,13,0,0,binary_gate,from_file,90.0,,"1991-01-01,2010-12-31",60,2000,freedman_diaconis,10,80,30,"2011-01-01,2020-12-31",amp_phase,flag_only,0,20,100,200,,,
1,12,51,274,325,0.15692307692307692,3.4747876354379796,3.466576225022467,0.008211410415512432,,0.1603684266301615,0.0060776418022005264,-0.0034992458521870273,16,0,0,binary_gate,from_file,90.0,,"1991-01-01,2010-12-31",60,2000,freedman_diaconis,10,80,30,"2011-01-01,2020-12-31",amp_phase,flag_only,0,20,100,200,,,
1,13,51,274,325,0.15692307692307692,3.5020584302203766,3.526825157860127,-0.024766727639750297,,0.11521064528402875,0.005146725370192163,-0.04271493212669683,19,0,0,binary_gate,from_file,90.0,,"1991-01-01,2010-12-31",60,2000,freedman_diaconis,10,80,30,"2011-01-01,2020-12-31",amp_phase,flag_only,0,20,100,200,,,
1,14,51,274,325,0.15692307692307692,3.5740824950733954,3.6049903445468745,-0.030907849473479132,,0.13690878483413207,0.007355557764688831,-0.10153846153846154,21,0,0,binary_gate,from_file,90.0,,"1991-01-01,2010-12-31",60,2000,freedman_diaconis,10,80,30,"2011-01-01,2020-12-31",amp_phase,flag_only,0,20,100,200,,,
1,15,51,274,325,0.15692307692307692,3.477317127688315,3.4927082967397958,-0.015391169051480968,,0.147196364353678,0.006668570060989754,-0.06232277526395173,18,0,0,binary_gate,from_file,90.0,,"1991-01-01,2010-12-31",60,2000,freedman_diaconis,10,80,30,"2011-01-01,2020-12-31",amp_phase,flag_only,0,20,100,200,,,
1,16,51,274,325,0.15692307692307692,3.5214030691487803,3.525455561307104,-0.004052492158323595,,0.10300586418762961,0.00523223176857939,-0.04271493212669683,16,0,0,binary_gate,from_file,90.0,,"1991-01-01,2010-12-31",60,2000,freedman_diaconis,10,80,30,"2011-01-01,2020-12-31",amp_phase,flag_only,0,20,100,200,,,
1,17,51,274,325,0.15692307692307692,3.6596655467402193,3.633358360749016,0.026307185991203408,,0.2550010789515973,0.014228707694788175,-0.08193061840120663,18,0,0,binary_gate,from_file,90.0,,"1991-01-01,2010-12-31",60,2000,freedman_diaconis,10,80,30,"2011-01-01,2020-12-31",amp_phase,flag_only,0,20,100,200,,,
1,18,51,274,325,0.15692307692307692,3.519083639626251,3.5133576724202094,0.00572596720604146,,0.17440154086429074,0.010447790957236528,-0.06232277526395173,17,0,0,binary_gate,from_file,90.0,,"1991-01-01,2010-12-31",60,2000,freedman_diaconis,10,80,30,"2011-01-01,2020-12-31",amp_phase,flag_only,0,20,100,200,,,
1,19,51,274,325,0.15692307692307692,3.7293619430772287,3.7485643471683376,-0.01920240409110896,,0.0639978642677154,0.0038590699235025415,-0.04271493212669683,19,0,0,binary_gate,from_file,90.0,,"1991-01-01,2010-12-31",60,2000,freedman_diaconis,10,80,30,"2011-01-01,2020-12-31",amp_phase,flag_only,0,20,100,200,,,
1,20,51,274,325,0.15692307692307692,3.716106635880454,3.723008568699959,-0.006901932819505241,,0.13538904430795698,0.006749799813482581,0.016108597285067874,19,0,0,binary_gate,from_file,90.0,,"1991-01-01,2010-12-31",60,2000,freedman_diaconis,10,80,30,"2011-01-01,2020-12-31",amp_phase,flag_only,0,20,100,200,,,
1,21,51,274,325,0.15692307692307692,3.6049280375847803,3.61636403534729,-0.011435997762509587,,0.10262208814320857,0.0038242688882452,0.016108597285067874,18,0,0,binary_gate,from_file,90.0,,"1991-01-01,2010-12-31",60,2000,freedman_diaconis,10,80,30,"2011-01-01,2020-12-31",amp_phase,flag_only,0,20,100,200,,,
1,22,51,274,325,0.15692307692307692,3.6760134902988355,3.661359689683706,0.014653800615129331,,0.2312174132106451,0.009483650149424584,0.05532428355957768,19,0,0,binary_gate,from_file,90.0,,"1991-01-01,2010-12-31",60,2000,freedman_diaconis,10,80,30,"2011-01-01,2020-12-31",amp_phase,flag_only,0,20,100,200,,,
1,23,51,274,325,0.15692307692307692,3.6372092097928865,3.62586244803324,0.011346761759646551,,0.18346364977349858,0.008475840673703744,0.0749321266968326,18,0,0,binary_gate,from_file,90.0,,"1991-01-01,2010-12-31",60,2000,freedman_diaconis,10,80,30,"2011-01-01,2020-12-31",amp_phase,flag_only,0,20,100,200,,,
1,24,51,274,325,0.15692307692307692,3.547667291489801,3.5578303667843443,-0.010163075294543411,,0.10451424285871494,0.0043711858675202254,0.016108597285067874,17,0,0,binary_gate,from_file,90.0,,"1991-01-01,2010-12-31",60,2000,freedman_diaconis,10,80,30,"2011-01-01,2020-12-31",amp_phase,flag_only,0,20,100,200,,,
1,25,51,274,325,0.15692307692307692,3.5835253166572603,3.5805469446957088,0.0029783719615514848,,0.1899474044420903,0.008187241437638841,-0.04271493212669683,18,0,0,binary_gate,from_file,90.0,,"1991-01-01,2010-12-31",60,2000,freedman_diaconis,10,80,30,"2011-01-01,2020-12-31",amp_phase,flag_only,0,20,100,200,,,
1,26,51,274,325,0.15692307692307692,3.5432700678018088,3.559300849134615,-0.01603078133280622,,0.09585685548548167,0.004453174634869987,-0.0034992458521870273,18,0,0,binary_gate,from_file,90.0,,"1991-01-01,2010-12-31",60,2000,freedman_diaconis,10,80,30,"2011-01-01,2020-12-31",amp_phase,flag_only,0,20,100,200,,,
1,27,51,274,325,0.15692307692307692,3.617318364128833,3.6139637114980006,0.0033546526308323443,,0.23903887596930298,0.009317579306233717,0.016108597285067874,20,0,0,binary_gate,from_file,90.0,,"1991-01-01,2010-12-31",60,2000,freedman_diaconis,10,80,30,"2011-01-01,2020-12-31",amp_phase,flag_only,0,20,100,200,,,
1,28,51,274,325,0.15692307692307692,3.548722732821132,3.515638122308242,0.033084610512890134,,0.28619082236626064,0.014023895810872438,0.03571644042232279,17,0,0,binary_gate,from_file,90.0,,"1991-01-01,2010-12-31",60,2000,freedman_diaconis,10,80,30,"2011-01-01,2020-12-31",amp_phase,flag_only,0,20,100,200,,,
1,29,51,274,325,0.15692307692307692,3.35984841244513,3.335411922227992,0.024436490217138118,,0.25603692618356655,0.012000101782753889,0.03571644042232279,15,0,0,binary_gate,from_file,90.0,,"1991-01-01,2010-12-31",60,2000,freedman_diaconis,10,80,30,"2011-01-01,2020-12-31",amp_phase,flag_only,0,20,100,200,,,
1,30,51,274,325,0.15692307692307692,3.43830436268332,3.4426415887564765,-0.004337226073156675,,0.16207458914745781,0.006767191383042981,-0.0034992458521870273,17,0,0,binary_gate,from_file,90.0,,"1991-01-01,2010-12-31",60,2000,freedman_diaconis,10,80,30,"2011-01-01,2020-12-31",amp_phase,flag_only,0,20,100,200,,,
2,0,40,277,317,0.12618296529968454,3.725126550912534,3.720759374661414,0.004367176251120153,,0.31597023311832517,0.010362993262833277,0.07405362776025236,21,0,0,binary_gate,from_file,90.0,,"1991-01-01,2010-12-31",60,2000,freedman_diaconis,10,80,30,"2011-01-01,2020-12-31",amp_phase,flag_only,0,20,100,200,,,
2,1,40,277,317,0.12618296529968454,3.5968936114058807,3.601136293829307,-0.004242682423426292,,0.27903811443908066,0.010058175711087223,0.07405362776025236,20,0,0,binary_gate,from_file,90.0,,"1991-01-01,2010-12-31",60,2000,freedman_diaconis,10,80,30,"2011-01-01,2020-12-31",amp_phase,flag_only,0,20,100,200,,,
2,2,40,277,317,0.12618296529968454,3.4439857726536696,3.443805572788492,0.00018019986517758824,,0.2257767097585615,0.008324125657934266,0.07405362776025236,17,0,0,binary_gate,from_file,90.0,,"1991-01-01,2010-12-31",60,2000,freedman_diaconis,10,80,30,"2011-01-01,2020-12-31",amp_phase,flag_only,0,20,100,200,,,
2,3,40,277,317,0.12618296529968454,3.4507768603450506,3.450197725451223,0.0005791348938277707,,0.17507856685266185,0.00490468975353232,0.09905362776025238,16,0,0,binary_gate,from_file,90.0,,"1991-01-01,2010-12-31",60,2000,freedman_diaconis,10,80,30,"2011-01-01,2020-12-31",amp_phase,flag_only,0,20,100,200,,,
2,4,40,277,317,0.12618296529968454,3.3912176744062705,3.3629407071064685,0.028276967299802003,,0.3373262279696048,0.00884811152207275,0.14905362776025238,15,0,0,binary_gate,from_file,90.0,,"1991-01-01,2010-12-31",60,2000,freedman_diaconis,10,80,30,"2011-01-01,2020-12-31",amp_phase,flag_only,0,20,100,200,,,
2,5,40,277,317,0.12618296529968454,3.522717790619858,3.4804576089204895,0.042260181699368626,,0.44092386422260904,0.01719392372746833,0.19905362776025237,18,0,0,binary_gate,from_file,90.0,,"1991-01-01,2010-12-31",60,2000,freedman_diaconis,10,80,30,"2011-01-01,2020-12-31",amp_phase,flag_only,0,20,100,200,,,
2,6,40,277,317,0.12618296529968454,3.5021345062652385,3.449005321962556,0.05312918430268265,,0.5446275602104034,0.016292416751983254,0.12405362776025237,18,0,0,binary_gate,from_file,90.0,,"1991-01-01,2010-12-31",60,2000,freedman_diaconis,10,80,30,"2011-01-01,2020-12-31",amp_phase,flag_only,0,20,100,200,,,
2,7,40,277,317,0.12618296529968454,3.39240885836595,3.36270906680822,0.02969979155772995,,0.2995443401398713,0.009325725155430089,0.09905362776025238,14,0,0,binary_gate,from_file,90.0,,"1991-01-01,2010-12-31",60,2000,freedman_diaconis,10,80,30,"2011-01-01,2020-12-31",amp_phase,flag_only,0,20,100,200,,,
2,8,40,277,317,0.12618296529968454,3.587963405222159,3.595631020005092,-0.007667614782932652,,0.21911882151136602,0.006427445190412344,0.07405362776025236,19,0,0,binary_gate,from_file,90.0,,"1991-01-01,2010-12-31",60,2000,freedman_diaconis,10,80,30,"2011-01-01,2020-12-31",amp_phase,flag_only,0,20,100,200,,,
2,9,40,277,317,0.12618296529968454,3.6485857680367713,3.6509927200023653,-0.0024069519655940397,,0.28203890233606366,0.01072193689228508,0.02405362776025237,21,0,0,binary_gate,from_file,90.0,,"1991-01-01,2010-12-31",60,2000,freedman_diaconis,10,80,30,"2011-01-01,2020-12-31",amp_phase,flag_only,0,20,100,200,,,
2,10,40,277,317,0.12618296529968454,3.6166552607951212,3.6215250167254562,-0.004869755930335007,,0.24751493036529407,0.005847226015567122,-0.0009463722397476254,20,0,0,binary_gate,from_file,90.0,,"1991-01-01,2010-12-31",60,2000,freedman_diaconis,10,80,30,"2011-01-01,2020-12-31",amp_phase,flag_only,0,20,100,200,,,
2,11,40,277,317,0.12618296529968454,3.5377676034626178,3.532116021772422,0.0056515816901958615,,0.2473625985221963,0.005638532812857626,0.02405362776025237,18,0,0,binary_gate,from_file,90.0,,"1991-01-01,2010-12-31",60,2000,freedman_diaconis,10,80,30,"2011-01-01,2020-12-31",amp_phase,flag_only,0,20,100,200,,,
2,12,40,277,317,0.12618296529968454,3.5034072594880983,3.501303607358144,0.0021036521299544475,,0.20660367267618698,0.005391955186013097,0.02405362776025237,17,0,0,binary_gate,from_file,90.0,,"1991-01-01,2010-12-31",60,2000,freedman_diaconis,10,80,30,"2011-01-01,2020-12-31",amp_phase,flag_only,0,20,100,200,,,
2,13,40,277,317,0.12618296529968454,3.505290943068904,3.502155396934751,0.0031355461341529,,0.20395004218023463,0.006609664205146217,-0.0009463722397476254,17,0,0,binary_gate,from_file,90.0,,"1991-01-01,2010-12-31",60,2000,freedman_diaconis,10,80,30,"2011-01-01,2020-12-31",amp_phase,flag_only,0,20,100,200,,,
2,14,40,277,317,0.12618296529968454,3.5209209459775663,3.524537024013829,-0.0036160780362628486,,0.10558712907080764,0.003673855590423694,-0.0009463722397476254,15,0,0,binary_gate,from_file,90.0,,"1991-01-01,2010-12-31",60,2000,freedman_diaconis,10,80,30,"2011-01-01,2020-12-31",amp_phase,flag_only,0,20,100,200,,,
2,15,40,277,317,0.12618296529968454,3.429869688557524,3.428696794579925,0.00117289397759901,,0.22221902572880065,0.006995499225021844,-0.025946372239747634,16,0,0,binary_gate,from_file,90.0,,"1991-01-01,2010-12-31",60,2000,freedman_diaconis,10,80,30,"2011-01-01,2020-12-31",amp_phase,flag_only,0,20,100,200,,,
2,16,40,277,317,0.12618296529968454,3.635549585801626,3.6433674880033866,-0.007817902201760596,,0.17709121755380108,0.0063368883587667,-0.025946372239747634,19,0,0,binary_gate,from_file,90.0,,"1991-01-01,2010-12-31",60,2000,freedman_diaconis,10,80,30,"2011-01-01,2020-12-31",amp_phase,flag_only,0,20,100,200,,,
2,17,40,277,317,0.12618296529968454,3.653042299863719,3.6341101359516204,0.01893216391209851,,0.3113667434362185,0.010208672077984999,0.02405362776025237,19,0,0,binary_gate,from_file,90.0,,"1991-01-01,2010-12-31",60,2000,freedman_diaconis,10,80,30,"2011-01-01,2020-12-31",amp_phase,flag_only,0,20,100,200,,,
2,18,40,277,317,0.12618296529968454,3.527783827210588,3.4916287810800286,0.03615504613055931,,0.38070513514839277,0.011622668703591157,0.09905362776025238,17,0,0,binary_gate,from_file,90.0,,"1991-01-01,2010-12-31",60,2000,freedman_diaconis,10,80,30,"2011-01-01,2020-12-31",amp_phase,flag_only,0,20,100,200,,,
2,19,40,277,317,0.12618296529968454,3.5046035057660787,3.461329423392938,0.043274082373140565,,0.3857848149446801,0.012284394312295496,0.09905362776025238,16,0,0,binary_gate,from_file,90.0,,"1991-01-01,2010-12-31",60,2000,freedman_diaconis,10,80,30,"2011-01-01,2020-12-31",amp_phase,flag_only,0,20,100,200,,,
2,20,40,277,317,0.12618296529968454,3.412160046909088,3.4074634312384595,0.00469661567062829,,0.2027596844341636,0.004944973088454117,0.049053627760252363,16,0,0,binary_gate,from_file,90.0,,"1991-01-01,2010-12-31",60,2000,freedman_diaconis,10,80,30,"2011-01-01,2020-12-31",amp_phase,flag_only,0,20,100,200,,,
2,21,40,277,317,0.12618296529968454,3.5511313006718557,3.545486489698267,0.005644810973588488,,0.273747875990349,0.0066619790933447175,0.049053627760252363,20,0,0,binary_gate,from_file,90.0,,"1991-01-01,2010-12-31",60,2000,freedman_diaconis,10,80,30,"2011-01-01,2020-12-31",amp_phase,flag_only,0,20,100,200,,,
2,22,40,277,317,0.12618296529968454,3.5478424898776533,3.49467307852701,0.05316941135064335,,0.5275458497220036,0.021887381059436082,0.049053627760252363,20,0,0,binary_gate,from_file,90.0,,"1991-01-01,2010-12-31",60,2000,freedman_diaconis,10,80,30,"2011-01-01,2020-12-31",amp_phase,flag_only,0,20,100,200,,,
2,23,40,277,317,0.12618296529968454,3.5634799478597343,3.5086311714211056,0.05484877643862873,,0.5106540028706686,0.018755947382578457,0.02405362776025237,19,0,1,binary_gate,from_file,90.0,,"1991-01-01,2010-12-31",60,2000,freedman_diaconis,10,80,30,"2011-01-01,2020-12-31",amp_phase,flag_only,0,20,100,200,,,
2,24,40,277,317,0.12618296529968454,3.5463927372244655,3.5105171417607486,0.03587559546371688,,0.32428503234276534,0.009333495806267456,-0.025946372239747634,16,0,0,binary_gate,from_file,90.0,,"1991-01-01,2010-12-31",60,2000,freedman_diaconis,10,80,30,"2011-01-01,2020-12-31",amp_phase,flag_only,0,20,100,200,,,
2,25,40,277,317,0.12618296529968454,3.5463880988347074,3.5394041002007164,0.006983998633991018,,0.19291334996217002,0.005726638187073572,-0.05094637223974763,16,0,0,binary_gate,from_file,90.0,,"1991-01-01,2010-12-31",60,2000,freedman_diaconis,10,80,30,"2011-01-01,2020-12-31",amp_phase,flag_only,0,20,100,200,,,
2,26,40,277,317,0.12618296529968454,3.5710088566452423,3.565560644828358,0.005448211816884374,,0.21785899416980062,0.009320685248196793,-0.07594637223974762,17,0,0,binary_gate,from_file,90.0,,"1991-01-01,2010-12-31",60,2000,freedman_diaconis,10,80,30,"2011-01-01,2020-12-31",amp_phase,flag_only,0,20,100,200,,,
2,27,40,277,317,0.12618296529968454,3.557828597121479,3.539359242482332,0.018469354639147006,,0.2419444420740992,0.008806644518268675,-0.0009463722397476254,16,0,0,binary_gate,from_file,90.0,,"1991-01-01,2010-12-31",60,2000,freedman_diaconis,10,80,30,"2011-01-01,2020-12-31",amp_phase,flag_only,0,20,100,200,,,
2,28,40,277,317,0.12618296529968454,3.4768499801688755,3.4239267920423084,0.052923188126567045,,0.43660771511263846,0.01601705299727778,0.02405362776025237,15,0,0,binary_gate,from_file,90.0,,"1991-01-01,2010-12-31",60,2000,freedman_diaconis,10,80,30,"2011-01-01,2020-12-31",amp_phase,flag_only,0,20,100,200,,,
2,29,40,277,317,0.12618296529968454,3.5757721889111096,3.553780185181017,0.02199200373009269,,0.25219363725334143,0.007621974169443265,-0.025946372239747634,16,0,0,binary_gate,from_file,90.0,,"1991-01-01,2010-12-31",60,2000,freedman_diaconis,10,80,30,"2011-01-01,2020-12-31",amp_phase,flag_only,0,20,100,200,,,
2,30,40,277,317,0.12618296529968454,3.5721688438855415,3.5880935658583493,-0.01592472197280781,,0.08170765474749536,0.0025317813391337795,-0.07594637223974762,17,0,0,binary_gate,from_file,90.0,,"1991-01-01,2010-12-31",60,2000,freedman_diaconis,10,80,30,"2011-01-01,2020-12-31",amp_phase,flag_only,0,20,100,200,,,
3,0,27,236,263,0.10266159695817491,3.5880853023977557,3.5798526945692077,0.008232607828547955,,0.22322898977012262,0.004220346521177854,0.008449514152936197,16,0,0,binary_gate,from_file,90.0,,"1991-01-01,2010-12-31",60,2000,freedman_diaconis,10,80,30,"2011-01-01,2020-12-31",amp_phase,flag_only,0,20,100,200,,,
3,1,27,236,263,0.10266159695817491,3.4972951547452715,3.50541267471761,-0.00811751997233845,,0.11066735488005444,0.002261731400550925,-0.02858752288410084,15,0,0,binary_gate,from_file,90.0,,"1991-01-01,2010-12-31",60,2000,freedman_diaconis,10,80,30,"2011-01-01,2020-12-31",amp_phase,flag_only,0,20,100,200,,,
3,2,27,236,263,0.10266159695817491,3.3285099589225298,3.3339272206032016,-0.005417261680671803,,0.12207119218691825,0.003015843337016655,-0.06562455992113787,13,0,0,binary_gate,from_file,90.0,,"1991-01-01,2010-12-31",60,2000,freedman_diaconis,10,80,30,"2011-01-01,2020-12-31",amp_phase,flag_only,0,20,100,200,,,
3,3,27,236,263,0.10266159695817491,3.3990464087106194,3.4066401026020485,-0.007593693891429165,,0.13790265006708796,0.0034208634535931237,-0.10266159695817491,14,0,0,binary_gate,from_file,90.0,,"1991-01-01,2010-12-31",60,2000,freedman_diaconis,10,80,30,"2011-01-01,2020-12-31",amp_phase,flag_only,0,20,100,200,,,
3,4,27,236,263,0.10266159695817491,3.4538260889518693,3.462925812468806,-0.009099723516936553,,0.18127079468300203,0.003975335726796052,-0.10266159695817491,15,0,0,binary_gate,from_file,90.0,,"1991-01-01,2010-12-31",60,2000,freedman_diaconis,10,80,30,"2011-01-01,2020-12-31",amp_phase,flag_only,0,20,100,200,,,
3,5,27,236,263,0.10266159695817491,3.2573686413360563,3.244021652100456,0.013346989235600404,,0.34307852317785575,0.006965039428981451,-0.10266159695817491,13,0,0,binary_gate,from_file,90.0,,"1991-01-01,2010-12-31",60,2000,freedman_diaconis,10,80,30,"2011-01-01,2020-12-31",amp_phase,flag_only,0,20,100,200,,,
3,6,27,236,263,0.10266159695817491,3.194028499351962,3.1881346836464344,0.005893815705527494,,0.24597352565630493,0.005115579754569381,-0.10266159695817491,12,0,0,binary_gate,from_file,90.0,,"1991-01-01,2010-12-31",60,2000,freedman_diaconis,10,80,30,"2011-01-01,2020-12-31",amp_phase,flag_only,0,20,100,200,,,
3,7,27,236,263,0.10266159695817491,3.309852639731724,3.308158033494718,0.0016946062370060133,,0.2057773986989041,0.005072295556981633,-0.06562455992113787,13,0,0,binary_gate,from_file,90.0,,"1991-01-01,2010-12-31",60,2000,freedman_diaconis,10,80,30,"2011-01-01,2020-12-31",amp_phase,flag_only,0,20,100,200,,,
3,8,27,236,263,0.10266159695817491,3.387601859655293,3.377287043458411,0.010314816196881793,,0.2312702249080069,0.005358401348508657,0.008449514152936197,13,0,0,binary_gate,from_file,90.0,,"1991-01-01,2010-12-31",60,2000,freedman_diaconis,10,80,30,"2011-01-01,2020-12-31",amp_phase,flag_only,0,20,100,200,,,
3,9,27,236,263,0.10266159695817491,3.3944241773281885,3.3735598754001406,0.02086430192804789,,0.2749585065598074,0.006943645708201434,0.04548655118997323,13,0,0,binary_gate,from_file,90.0,,"1991-01-01,2010-12-31",60,2000,freedman_diaconis,10,80,30,"2011-01-01,2020-12-31",amp_phase,flag_only,0,20,100,200,,,
3,10,27,236,263,0.10266159695817491,3.515692368807795,3.494665812957421,0.021026555850374162,,0.3219171722875602,0.006258418548105834,0.04548655118997323,15,0,0,binary_gate,from_file,90.0,,"1991-01-01,2010-12-31",60,2000,freedman_diaconis,10,80,30,"2011-01-01,2020-12-31",amp_phase,flag_only,0,20,100,200,,,
3,11,27,236,263,0.10266159695817491,3.5341323571659493,3.4990009054708264,0.035131451695122884,,0.4827867639520038,0.01266872829116912,0.04548655118997323,16,0,0,binary_gate,from_file,90.0,,"1991-01-01,2010-12-31",60,2000,freedman_diaconis,10,80,30,"2011-01-01,2020-12-31",amp_phase,flag_only,0,20,100,200,,,
3,12,27,236,263,0.10266159695817491,3.4422295757223056,3.4158633198566317,0.02636625586567387,,0.43594901107869677,0.010045024671669558,0.008449514152936197,15,0,0,binary_gate,from_file,90.0,,"1991-01-01,2010-12-31",60,2000,freedman_diaconis,10,80,30,"2011-01-01,2020-12-31",amp_phase,flag_only,0,20,100,200,,,
3,13,27,236,263,0.10266159695817491,3.656759538505504,3.6416258044301575,0.01513373407534635,,0.37648037577768095,0.01117985429395258,0.008449514152936197,18,0,0,binary_gate,from_file,90.0,,"1991-01-01,2010-12-31",60,2000,freedman_diaconis,10,80,30,"2011-01-01,2020-12-31",amp_phase,flag_only,0,20,100,200,,,
3,14,27,236,263,0.10266159695817491,3.667789867800118,3.6452406851906374,0.022549182609480578,,0.5147091728401685,0.016957251540703898,0.008449514152936197,20,0,0,binary_gate,from_file,90.0,,"1991-01-01,2010-12-31",60,2000,freedman_diaconis,10,80,30,"2011-01-01,2020-12-31",amp_phase,flag_only,0,20,100,200,,,
3,15,27,236,263,0.10266159695817491,3.545279814121644,3.520930562472882,0.024349251648762227,,0.4286220146806148,0.016418624213928694,0.008449514152936197,18,0,0,binary_gate,from_file,90.0,,"1991-01-01,2010-12-31",60,2000,freedman_diaconis,10,80,30,"2011-01-01,2020-12-31",amp_phase,flag_only,0,20,100,200,,,
3,16,27,236,263,0.10266159695817491,3.6608262737501187,3.6304015963862044,0.0304246773639143,,0.4569230012932492,0.015692485320518215,0.008449514152936197,20,0,0,binary_gate,from_file,90.0,,"1991-01-01,2010-12-31",60,2000,freedman_diaconis,10,80,30,"2011-01-01,2020-12-31",amp_phase,flag_only,0,20,100,200,,,
3,17,27,236,263,0.10266159695817491,3.5164620629701004,3.501109869524561,0.01535219344553962,,0.39280756987625287,0.008321646699784756,0.008449514152936197,19,0,0,binary_gate,from_file,90.0,,"1991-01-01,2010-12-31",60,2000,freedman_diaconis,10,80,30,"2011-01-01,2020-12-31",amp_phase,flag_only,0,20,100,200,,,
3,18,27,236,263,0.10266159695817491,3.516480686615796,3.5112739136360744,0.005206772979721386,,0.35439544735459244,0.007158675756893737,0.008449514152936197,19,0,0,binary_gate,from_file,90.0,,"1991-01-01,2010-12-31",60,2000,freedman_diaconis,10,80,30,"2011-01-01,2020-12-31",amp_phase,flag_only,0,20,100,200,,,
3,19,27,236,263,0.10266159695817491,3.3760994888074225,3.374308468404408,0.0017910204030147092,,0.30636728106724115,0.008750635979962045,-0.02858752288410084,17,0,0,binary_gate,from_file,90.0,,"1991-01-01,2010-12-31",60,2000,freedman_diaconis,10,80,30,"2011-01-01,2020-12-31",amp_phase,flag_only,0,20,100,200,,,
3,20,27,236,263,0.10266159695817491,3.2655151972029275,3.2866917284502737,-0.021176531247346198,,0.1474430996816265,0.0019218946165989034,-0.02858752288410084,15,0,0,binary_gate,from_file,90.0,,"1991-01-01,2010-12-31",60,2000,freedman_diaconis,10,80,30,"2011-01-01,2020-12-31",amp_phase,flag_only,0,20,100,200,,,
3,21,27,236,263,0.10266159695817491,3.2679269927295116,3.2536841810257373,0.014242811703774283,,0.3054220185397656,0.005147845161780731,0.008449514152936197,13,0,0,binary_gate,from_file,90.0,,"1991-01-01,2010-12-31",60,2000,freedman_diaconis,10,80,30,"2011-01-01,2020-12-31",amp_phase,flag_only,0,20,100,200,,,
3,22,27,236,263,0.10266159695817491,3.2728297770108328,3.272276659575776,0.0005531174350568158,,0.17970714376187719,0.0032392985099874046,0.008449514152936197,13,0,0,binary_gate,from_file,90.0,,"1991-01-01,2010-12-31",60,2000,freedman_diaconis,10,80,30,"2011-01-01,2020-12-31",amp_phase,flag_only,0,20,100,200,,,
3,23,27,236,263,0.10266159695817491,3.2871026050421146,3.276225251757226,0.010877353284888702,,0.1941425428379335,0.003394787478471226,0.08252358822701027,12,0,0,binary_gate,from_file,90.0,,"1991-01-01,2010-12-31",60,2000,freedman_diaconis,10,80,30,"2011-01-01,2020-12-31",amp_phase,flag_only,0,20,100,200,,,
3,24,27,236,263,0.10266159695817491,3.331513228270951,3.3108894498989305,0.020623778372020674,,0.259926270421805,0.00464198206287881,0.008449514152936197,12,0,0,binary_gate,from_file,90.0,,"1991-01-01,2010-12-31",60,2000,freedman_diaconis,10,80,30,"2011-01-01,2020-12-31",amp_phase,flag_only,0,20,100,200,,,
3,25,27,236,263,0.10266159695817491,3.224793341008477,3.2174499675440282,0.007343373464448799,,0.134284819322064,0.002661428357951032,0.008449514152936197,11,0,0,binary_gate,from_file,90.0,,"1991-01-01,2010-12-31",60,2000,freedman_diaconis,10,80,30,"2011-01-01,2020-12-31",amp_phase,flag_only,0,20,100,200,,,
3,26,27,236,263,0.10266159695817491,3.412176168502468,3.3991291707175364,0.01304699778493168,,0.2265031638134291,0.005299506122681971,0.008449514152936197,13,0,0,binary_gate,from_file,90.0,,"1991-01-01,2010-12-31",60,2000,freedman_diaconis,10,80,30,"2011-01-01,2020-12-31",amp_phase,flag_only,0,20,100,200,,,
3,27,27,236,263,0.10266159695817491,3.402629846725622,3.3617470906476146,0.04088275607800762,,0.4655834108636643,0.01193456600689564,0.008449514152936197,14,0,0,binary_gate,from_file,90.0,,"1991-01-01,2010-12-31",60,2000,freedman_diaconis,10,80,30,"2011-01-01,2020-12-31",amp_phase,flag_only,0,20,100,200,,,
3,28,27,236,263,0.10266159695817491,3.396363478718779,3.3538974926659373,0.042465986052841576,,0.4510597884702565,0.012645944458535752,0.008449514152936197,14,0,1,binary_gate,from_file,90.0,,"1991-01-01,2010-12-31",60,2000,freedman_diaconis,10,80,30,"2011-01-01,2020-12-31",amp_phase,flag_only,0,20,100,200,,,
3,29,27,236,263,0.10266159695817491,3.373668702726219,3.348395671169653,0.025273031556565684,,0.33275969756042334,0.00799038307734052,0.008449514152936197,13,0,0,binary_gate,from_file,90.0,,"1991-01-01,2010-12-31",60,2000,freedman_diaconis,10,80,30,"2011-01-01,2020-12-31",amp_phase,flag_only,0,20,100,200,,,
3,30,27,236,263,0.10266159695817491,3.4080992738620877,3.4180900586783625,-0.0099907848162748,,0.12575706680804286,0.002794765151745104,0.008449514152936197,14,0,0,binary_gate,from_file,90.0,,"1991-01-01,2010-12-31",60,2000,freedman_diaconis,10,80,30,"2011-01-01,2020-12-31",amp_phase,flag_only,0,20,100,200,,,
4,0,38,241,279,0.13620071684587814,3.1780957691551226,3.158131307175596,0.019964461979526504,,0.25599529685825617,0.0086280343219139,0.11016789285040557,13,0,0,binary_gate,from_file,90.0,,"1991-01-01,2010-12-31",60,2000,freedman_diaconis,10,80,30,"2011-01-01,2020-12-31",amp_phase,flag_only,0,20,100,200,,,
4,1,38,241,279,0.13620071684587814,3.377577516272647,3.3672692256606833,0.010308290611963589,,0.2851205179511548,0.008581768234275634,0.08385210337672136,16,0,0,binary_gate,from_file,90.0,,"1991-01-01,2010-12-31",60,2000,freedman_diaconis,10,80,30,"2011-01-01,2020-12-31",amp_phase,flag_only,0,20,100,200,,,
4,2,38,241,279,0.13620071684587814,3.563812161150439,3.5405430749765534,0.02326908617388579,,0.34129817851766914,0.01417260877902226,0.11016789285040557,18,0,0,binary_gate,from_file,90.0,,"1991-01-01,2010-12-31",60,2000,freedman_diaconis,10,80,30,"2011-01-01,2020-12-31",amp_phase,flag_only,0,20,100,200,,,
4,3,38,241,279,0.13620071684587814,3.5789580389107516,3.5809668484298034,-0.002008809519051802,,0.29606318407063875,0.008002405740746957,0.05753631390303715,20,0,0,binary_gate,from_file,90.0,,"1991-01-01,2010-12-31",60,2000,freedman_diaconis,10,80,30,"2011-01-01,2020-12-31",amp_phase,flag_only,0,20,100,200,,,
4,4,38,241,279,0.13620071684587814,3.5849087252660707,3.59648039619063,-0.011571670924559463,,0.25893360616812705,0.007146310425454253,0.0049047349556687325,21,0,0,binary_gate,from_file,90.0,,"1991-01-01,2010-12-31",60,2000,freedman_diaconis,10,80,30,"2011-01-01,2020-12-31",amp_phase,flag_only,0,20,100,200,,,
4,5,38,241,279,0.13620071684587814,3.5539440844957184,3.5656375436389527,-0.011693459143234275,,0.28518346153212815,0.010588637765110239,-0.0740426334653839,21,0,0,binary_gate,from_file,90.0,,"1991-01-01,2010-12-31",60,2000,freedman_diaconis,10,80,30,"2011-01-01,2020-12-31",amp_phase,flag_only,0,20,100,200,,,
4,6,38,241,279,0.13620071684587814,3.5166567049451523,3.492933857157446,0.02372284778770606,,0.34230254381853503,0.010921386357823642,-0.0740426334653839,17,0,0,binary_gate,from_file,90.0,,"1991-01-01,2010-12-31",60,2000,freedman_diaconis,10,80,30,"2011-01-01,2020-12-31",amp_phase,flag_only,0,20,100,200,,,
4,7,38,241,279,0.13620071684587814,3.3054694790038384,3.2638131127781884,0.04165636622564994,,0.2870114033515714,0.011696196508512152,-0.1003584229390681,12,0,0,binary_gate,from_file,90.0,,"1991-01-01,2010-12-31",60,2000,freedman_diaconis,10,80,30,"2011-01-01,2020-12-31",amp_phase,flag_only,0,20,100,200,,,
4,8,38,241,279,0.13620071684587814,3.3989938411353604,3.370722907710693,0.028270933424667355,,0.2379852393716379,0.010416812772888008,-0.1003584229390681,13,0,0,binary_gate,from_file,90.0,,"1991-01-01,2010-12-31",60,2000,freedman_diaconis,10,80,30,"2011-01-01,2020-12-31",amp_phase,flag_only,0,20,100,200,,,
4,9,38,241,279,0.13620071684587814,3.3755729246089556,3.38047023975971,-0.004897315150754533,,0.14379983528643878,0.005022261698870773,-0.021411054518015477,15,0,0,binary_gate,from_file,90.0,,"1991-01-01,2010-12-31",60,2000,freedman_diaconis,10,80,30,"2011-01-01,2020-12-31",amp_phase,flag_only,0,20,100,200,,,
4,10,38,241,279,0.13620071684587814,3.443648997751995,3.440684121156426,0.002964876595568988,,0.16461055645493217,0.005843104122065489,0.0049047349556687325,15,0,0,binary_gate,from_file,90.0,,"1991-01-01,2010-12-31",60,2000,freedman_diaconis,10,80,30,"2011-01-01,2020-12-31",amp_phase,flag_only,0,20,100,200,,,
4,11,38,241,279,0.13620071684587814,3.3652002292473107,3.3612375021016208,0.003962727145689904,,0.15582044039085635,0.005158258636527656,0.03122052442935294,14,0,0,binary_gate,from_file,90.0,,"1991-01-01,2010-12-31",60,2000,freedman_diaconis,10,80,30,"2011-01-01,2020-12-31",amp_phase,flag_only,0,20,100,200,,,
4,12,38,241,279,0.13620071684587814,3.476670985969777,3.461695136958519,0.014975849011257925,,0.18188398973597683,0.011068000255559601,0.11016789285040557,15,0,0,binary_gate,from_file,90.0,,"1991-01-01,2010-12-31",60,2000,freedman_diaconis,10,80,30,"2011-01-01,2020-12-31",amp_phase,flag_only,0,20,100,200,,,
4,13,38,241,279,0.13620071684587814,3.541870750391986,3.5099485086903344,0.03192224170165181,,0.3163801984578875,0.009683969404225369,0.11016789285040557,16,0,0,binary_gate,from_file,90.0,,"1991-01-01,2010-12-31",60,2000,freedman_diaconis,10,80,30,"2011-01-01,2020-12-31",amp_phase,flag_only,0,20,100,200,,,
4,14,38,241,279,0.13620071684587814,3.5225481335569846,3.515698603405406,0.00684953015157852,,0.20084446838166956,0.006378486230945999,0.0049047349556687325,16,0,0,binary_gate,from_file,90.0,,"1991-01-01,2010-12-31",60,2000,freedman_diaconis,10,80,30,"2011-01-01,2020-12-31",amp_phase,flag_only,0,20,100,200,,,
4,15,38,241,279,0.13620071684587814,3.327548467823464,3.3243010394200763,0.0032474284033878753,,0.12613411467414354,0.003435401531208221,0.08385210337672136,13,0,0,binary_gate,from_file,90.0,,"1991-01-01,2010-12-31",60,2000,freedman_diaconis,10,80,30,"2011-01-01,2020-12-31",amp_phase,flag_only,0,20,100,200,,,
4,16,38,241,279,0.13620071684587814,3.5214858054197915,3.5021152751425317,0.019370530277259768,,0.25453355965676316,0.00856985814633901,0.13648368232408978,16,0,0,binary_gate,from_file,90.0,,"1991-01-01,2010-12-31",60,2000,freedman_diaconis,10,80,30,"2011-01-01,2020-12-31",amp_phase,flag_only,0,20,100,200,,,
4,17,38,241,279,0.13620071684587814,3.547592872308596,3.5191455309494306,0.028447341359165268,,0.3008029731544938,0.011674368047947768,0.13648368232408978,17,0,0,binary_gate,from_file,90.0,,"1991-01-01,2010-12-31",60,2000,freedman_diaconis,10,80,30,"2011-01-01,2020-12-31",amp_phase,flag_only,0,20,100,200,,,
4,18,38,241,279,0.13620071684587814,3.561673617845898,3.5521451398050488,0.009528478040849109,,0.2542545175528224,0.009618837297311115,0.11016789285040557,18,0,0,binary_gate,from_file,90.0,,"1991-01-01,2010-12-31",60,2000,freedman_diaconis,10,80,30,"2011-01-01,2020-12-31",amp_phase,flag_only,0,20,100,200,,,
4,19,38,241,279,0.13620071684587814,3.4994086006644296,3.480822475281766,0.0185861253826638,,0.2090310602015636,0.01219485972416645,0.05753631390303715,15,0,0,binary_gate,from_file,90.0,,"1991-01-01,2010-12-31",60,2000,freedman_diaconis,10,80,30,"2011-01-01,2020-12-31",amp_phase,flag_only,0,20,100,200,,,
4,20,38,241,279,0.13620071684587814,3.3959092530468253,3.375086937798732,0.020822315248093304,,0.27564122344671715,0.01030465076647278,0.0049047349556687325,15,0,0,binary_gate,from_file,90.0,,"1991-01-01,2010-12-31",60,2000,freedman_diaconis,10,80,30,"2011-01-01,2020-12-31",amp_phase,flag_only,0,20,100,200,,,
4,21,38,241,279,0.13620071684587814,3.3836185899563005,3.3681299209919087,0.015488668964391827,,0.2611849736259468,0.010405630566910278,0.0049047349556687325,15,0,0,binary_gate,from_file,90.0,,"1991-01-01,2010-12-31",60,2000,freedman_diaconis,10,80,30,"2011-01-01,2020-12-31",amp_phase,flag_only,0,20,100,200,,,
4,22,38,241,279,0.13620071684587814,3.300885204822302,3.276077176628466,0.024808028193835874,,0.2503784312908021,0.010353299695029874,-0.021411054518015477,13,0,0,binary_gate,from_file,90.0,,"1991-01-01,2010-12-31",60,2000,freedman_diaconis,10,80,30,"2011-01-01,2020-12-31",amp_phase,flag_only,0,20,100,200,,,
4,23,38,241,279,0.13620071684587814,3.4669812267742612,3.427984664878642,0.0389965618956194,,0.2903851383322824,0.014656343664470333,0.05753631390303715,14,0,0,binary_gate,from_file,90.0,,"1991-01-01,2010-12-31",60,2000,freedman_diaconis,10,80,30,"2011-01-01,2020-12-31",amp_phase,flag_only,0,20,100,200,,,
4,24,38,241,279,0.13620071684587814,3.4588256672369044,3.4158334717692753,0.04299219546762911,,0.3049951794332537,0.016205896721844873,0.08385210337672136,14,0,1,binary_gate,from_file,90.0,,"1991-01-01,2010-12-31",60,2000,freedman_diaconis,10,80,30,"2011-01-01,2020-12-31",amp_phase,flag_only,0,20,100,200,,,
4,25,38,241,279,0.13620071684587814,3.472737671592545,3.4515709650671536,0.021166706525391543,,0.23321645129480081,0.008212127926041854,0.11016789285040557,15,0,0,binary_gate,from_file,90.0,,"1991-01-01,2010-12-31",60,2000,freedman_diaconis,10,80,30,"2011-01-01,2020-12-31",amp_phase,flag_only,0,20,100,200,,,
4,26,38,241,279,0.13620071684587814,3.419885443311613,3.4036638143198945,0.01622162899171853,,0.22337120569318625,0.007712671684016587,0.13648368232408978,15,0,0,binary_gate,from_file,90.0,,"1991-01-01,2010-12-31",60,2000,freedman_diaconis,10,80,30,"2011-01-01,2020-12-31",amp_phase,flag_only,0,20,100,200,,,
4,27,38,240,278,0.1366906474820144,3.601507253254395,3.5788697751096676,0.022637478144727385,,0.29655630075001455,0.012318589569636369,0.0571753123816736,18,0,0,binary_gate,from_file,90.0,,"1991-01-01,2010-12-31",60,2000,freedman_diaconis,10,80,30,"2011-01-01,2020-12-31",amp_phase,flag_only,0,20,100,200,,,
4,28,38,239,277,0.1371841155234657,3.464796170322458,3.483058886613792,-0.018262716291333803,,0.16395146243918135,0.006173393039791968,0.004180125403762114,18,0,0,binary_gate,from_file,90.0,,"1991-01-01,2010-12-31",60,2000,freedman_diaconis,10,80,30,"2011-01-01,2020-12-31",amp_phase,flag_only,0,20,100,200,,,
4,29,38,238,276,0.13768115942028986,3.3600633979893377,3.381688167264299,-0.021624769274961153,,0.1308515646916015,0.004144512979384507,0.0038138825324179892,16,0,0,binary_gate,from_file,90.0,,"1991-01-01,2010-12-31",60,2000,freedman_diaconis,10,80,30,"2011-01-01,2020-12-31",amp_phase,flag_only,0,20,100,200,,,
4,30,38,237,275,0.13818181818181818,3.262017312709041,3.2511124298942033,0.010904882814837702,,0.19859173623674273,0.005980207866408314,-0.0491866028708134,13,0,0,binary_gate,from_file,90.0,,"1991-01-01,2010-12-31",60,2000,freedman_diaconis,10,80,30,"2011-01-01,2020-12-31",amp_phase,flag_only,0,20,100,200,,,
5,0,65,251,316,0.20569620253164558,3.542061530075394,3.5342160753854004,0.007845454689993758,,0.22973016312569566,0.02035690908544157,0.0833495618305745,21,0,0,binary_gate,from_file,90.0,,"1991-01-01,2010-12-31",60,2000,freedman_diaconis,10,80,30,"2011-01-01,2020-12-31",amp_phase,flag_only,0,20,100,200,,,
5,1,65,251,316,0.20569620253164558,3.428973130012784,3.3959851303887745,0.03298799962400967,,0.24734532512799548,0.02290420068945785,0.0833495618305745,17,0,0,binary_gate,from_file,90.0,,"1991-01-01,2010-12-31",60,2000,freedman_diaconis,10,80,30,"2011-01-01,2020-12-31",amp_phase,flag_only,0,20,100,200,,,
5,2,65,251,316,0.20569620253164558,3.459071254427735,3.4147339597693707,0.044337294658364446,,0.21020533671486483,0.01778629029794453,0.0833495618305745,14,0,0,binary_gate,from_file,90.0,,"1991-01-01,2010-12-31",60,2000,freedman_diaconis,10,80,30,"2011-01-01,2020-12-31",amp_phase,flag_only,0,20,100,200,,,
5,3,65,251,316,0.20569620253164558,3.393188910329068,3.350611694202291,0.04257721612677701,,0.19011414153144338,0.016133410884971885,0.12950340798442067,13,0,0,binary_gate,from_file,90.0,,"1991-01-01,2010-12-31",60,2000,freedman_diaconis,10,80,30,"2011-01-01,2020-12-31",amp_phase,flag_only,0,20,100,200,,,
5,4,65,251,316,0.20569620253164558,3.499342511734393,3.451835044295734,0.04750746743865886,,0.23319629981523757,0.019233802766288954,0.11411879259980527,15,0,0,binary_gate,from_file,90.0,,"1991-01-01,2010-12-31",60,2000,freedman_diaconis,10,80,30,"2011-01-01,2020-12-31",amp_phase,flag_only,0,20,100,200,,,
5,5,65,251,316,0.20569620253164558,3.560985988581853,3.5075315635746582,0.05345442500719466,,0.2266340027028462,0.02175129036225467,0.14488802336903606,15,0,0,binary_gate,from_file,90.0,,"1991-01-01,2010-12-31",60,2000,freedman_diaconis,10,80,30,"2011-01-01,2020-12-31",amp_phase,flag_only,0,20,100,200,,,
5,6,65,251,316,0.20569620253164558,3.6099341547533226,3.559289136498992,0.050645018254330765,,0.23656809197799922,0.022158036604328843,0.14488802336903606,16,0,0,binary_gate,from_file,90.0,,"1991-01-01,2010-12-31",60,2000,freedman_diaconis,10,80,30,"2011-01-01,2020-12-31",amp_phase,flag_only,0,20,100,200,,,
5,7,65,251,316,0.20569620253164558,3.2515786967990894,3.1825973433181307,0.06898135348095868,,0.28655584948594337,0.026628486930647233,0.14488802336903606,12,0,0,binary_gate,from_file,90.0,,"1991-01-01,2010-12-31",60,2000,freedman_diaconis,10,80,30,"2011-01-01,2020-12-31",amp_phase,flag_only,0,20,100,200,,,
5,8,65,251,316,0.20569620253164558,3.4732000892022112,3.4173131301264377,0.05588695907577357,,0.2933966632574595,0.023027131954705644,0.06796494644595912,15,0,0,binary_gate,from_file,90.0,,"1991-01-01,2010-12-31",60,2000,freedman_diaconis,10,80,30,"2011-01-01,2020-12-31",amp_phase,flag_only,0,20,100,200,,,
5,9,65,251,316,0.20569620253164558,3.3867708132459615,3.315463838908209,0.07130697433775257,,0.35338385792354127,0.028521123750886078,0.037195715676728344,14,0,1,binary_gate,from_file,90.0,,"1991-01-01,2010-12-31",60,2000,freedman_diaconis,10,80,30,"2011-01-01,2020-12-31",amp_phase,flag_only,0,20,100,200,,,
5,10,65,251,316,0.20569620253164558,3.4790519178085426,3.4193437881899547,0.05970812961858796,,0.31538059496813337,0.024161846370107674,0.05258033106134373,15,0,0,binary_gate,from_file,90.0,,"1991-01-01,2010-12-31",60,2000,freedman_diaconis,10,80,30,"2011-01-01,2020-12-31",amp_phase,flag_only,0,20,100,200,,,
5,11,65,251,316,0.20569620253164558,3.387081026575659,3.355144247616884,0.03193677895877478,,0.22909111917363828,0.01787613681948749,0.037195715676728344,15,0,0,binary_gate,from_file,90.0,,"1991-01-01,2010-12-31",60,2000,freedman_diaconis,10,80,30,"2011-01-01,2020-12-31",amp_phase,flag_only,0,20,100,200,,,
5,12,65,251,316,0.20569620253164558,3.319426204617147,3.300668756402822,0.018757448214325123,,0.1341050005519359,0.011041082175290755,0.05258033106134373,13,0,0,binary_gate,from_file,90.0,,"1991-01-01,2010-12-31",60,2000,freedman_diaconis,10,80,30,"2011-01-01,2020-12-31",amp_phase,flag_only,0,20,100,200,,,
5,13,65,251,316,0.20569620253164558,3.421103790933756,3.4191095139671375,0.001994276966618358,,0.10499343343871609,0.008638847875434513,0.0833495618305745,15,0,0,binary_gate,from_file,90.0,,"1991-01-01,2010-12-31",60,2000,freedman_diaconis,10,80,30,"2011-01-01,2020-12-31",amp_phase,flag_only,0,20,100,200,,,
5,14,65,251,316,0.20569620253164558,3.5420115341961913,3.5262978781191507,0.01571365607704056,,0.16993519693104014,0.020323639239141315,0.06796494644595912,18,0,0,binary_gate,from_file,90.0,,"1991-01-01,2010-12-31",60,2000,freedman_diaconis,10,80,30,"2011-01-01,2020-12-31",amp_phase,flag_only,0,20,100,200,,,
5,15,65,251,316,0.20569620253164558,3.688151475998735,3.6923023080560684,-0.0041508320573333535,,0.1481319849954374,0.01352538078804484,0.05258033106134373,21,0,0,binary_gate,from_file,90.0,,"1991-01-01,2010-12-31",60,2000,freedman_diaconis,10,80,30,"2011-01-01,2020-12-31",amp_phase,flag_only,0,20,100,200,,,
5,16,65,251,316,0.20569620253164558,3.667553192460993,3.655704420701554,0.011848771759439103,,0.19832934343353545,0.015520007967340526,0.02181110029211296,20,0,0,binary_gate,from_file,90.0,,"1991-01-01,2010-12-31",60,2000,freedman_diaconis,10,80,30,"2011-01-01,2020-12-31",amp_phase,flag_only,0,20,100,200,,,
5,17,65,251,316,0.20569620253164558,3.5398901963853233,3.4835647422994884,0.05632545408583489,,0.3075015863209455,0.02660246084184968,0.006426484907497573,17,0,0,binary_gate,from_file,90.0,,"1991-01-01,2010-12-31",60,2000,freedman_diaconis,10,80,30,"2011-01-01,2020-12-31",amp_phase,flag_only,0,20,100,200,,,
5,18,65,250,315,0.20634920634920634,3.471637489527558,3.424314227836091,0.04732326169146672,,0.2958668043391891,0.02343479874239303,0.06764346764346765,17,0,0,binary_gate,from_file,90.0,,"1991-01-01,2010-12-31",60,2000,freedman_diaconis,10,80,30,"2011-01-01,2020-12-31",amp_phase,flag_only,0,20,100,200,,,
5,19,65,249,314,0.2070063694267516,3.4283518976604106,3.3733446582684437,0.055007239391966944,,0.28412445921216767,0.02259443835186264,0.06731994120529153,15,0,0,binary_gate,from_file,90.0,,"1991-01-01,2010-12-31",60,2000,freedman_diaconis,10,80,30,"2011-01-01,2020-12-31",amp_phase,flag_only,0,20,100,200,,,
5,20,65,248,313,0.20766773162939298,3.340460394457758,3.2750662926356915,0.06539410182206673,,0.2879266553298031,0.021272370874882672,0.0977635782747604,13,0,0,binary_gate,from_file,90.0,,"1991-01-01,2010-12-31",60,2000,freedman_diaconis,10,80,30,"2011-01-01,2020-12-31",amp_phase,flag_only,0,20,100,200,,,
5,21,65,247,312,0.20833333333333334,3.395439413642411,3.3493629285908018,0.04607648505160933,,0.20052791178717322,0.016682813097034052,0.06666666666666668,13,0,0,binary_gate,from_file,90.0,,"1991-01-01,2010-12-31",60,2000,freedman_diaconis,10,80,30,"2011-01-01,2020-12-31",amp_phase,flag_only,0,20,100,200,,,
5,22,65,246,311,0.2090032154340836,3.4765937797839364,3.4217776839436653,0.05481609584027103,,0.24086696947611788,0.018669069835010387,0.038783081869898595,14,0,0,binary_gate,from_file,90.0,,"1991-01-01,2010-12-31",60,2000,freedman_diaconis,10,80,30,"2011-01-01,2020-12-31",amp_phase,flag_only,0,20,100,200,,,
5,23,65,245,310,0.20967741935483872,3.381786069800593,3.3429790232654595,0.03880704653513334,,0.20372436173446765,0.013876292491418895,0.038461538461538464,14,0,0,binary_gate,from_file,90.0,,"1991-01-01,2010-12-31",60,2000,freedman_diaconis,10,80,30,"2011-01-01,2020-12-31",amp_phase,flag_only,0,20,100,200,,,
5,24,65,245,310,0.20967741935483872,3.6329283248818562,3.6355401106002194,-0.00261178571836318,,0.12813166255151637,0.009968599712955807,0.007692307692307693,19,0,0,binary_gate,from_file,90.0,,"1991-01-01,2010-12-31",60,2000,freedman_diaconis,10,80,30,"2011-01-01,2020-12-31",amp_phase,flag_only,0,20,100,200,,,
5,25,65,245,310,0.20967741935483872,3.609899269518864,3.609435425170586,0.00046384434827828613,,0.17286778554625262,0.016280486358419614,0.007692307692307693,20,0,0,binary_gate,from_file,90.0,,"1991-01-01,2010-12-31",60,2000,freedman_diaconis,10,80,30,"2011-01-01,2020-12-31",amp_phase,flag_only,0,20,100,200,,,
5,26,65,245,310,0.20967741935483872,3.4989300457875787,3.4829374066322174,0.01599263915536131,,0.20534966855828313,0.018512113267604696,0.007692307692307693,18,0,0,binary_gate,from_file,90.0,,"1991-01-01,2010-12-31",60,2000,freedman_diaconis,10,80,30,"2011-01-01,2020-12-31",amp_phase,flag_only,0,20,100,200,,,
5,27,65,245,310,0.20967741935483872,3.5510651929950994,3.5639324771789322,-0.012867284183832872,,0.12760151847778145,0.010039835370930167,0.007692307692307693,19,0,0,binary_gate,from_file,90.0,,"1991-01-01,2010-12-31",60,2000,freedman_diaconis,10,80,30,"2011-01-01,2020-12-31",amp_phase,flag_only,0,20,100,200,,,
5,28,65,245,310,0.20967741935483872,3.563179068460387,3.5892567827375492,-0.02607771427716221,,0.06020543682442067,0.006206208029776304,0.023076923076923078,19,0,0,binary_gate,from_file,90.0,,"1991-01-01,2010-12-31",60,2000,freedman_diaconis,10,80,30,"2011-01-01,2020-12-31",amp_phase,flag_only,0,20,100,200,,,
5,29,65,245,310,0.20967741935483872,3.7156798935311315,3.717162363197279,-0.0014824696661475123,,0.13797528662518466,0.011342715995055062,0.05384615384615385,20,0,0,binary_gate,from_file,90.0,,"1991-01-01,2010-12-31",60,2000,freedman_diaconis,10,80,30,"2011-01-01,2020-12-31",amp_phase,flag_only,0,20,100,200,,,
5,30,65,245,310,0.20967741935483872,3.4694663549303564,3.4773450761168654,-0.007878721186509008,,0.04817347058118796,0.003933515117732541,0.05384615384615385,15,0,0,binary_gate,from_file,90.0,,"1991-01-01,2010-12-31",60,2000,freedman_diaconis,10,80,30,"2011-01-01,2020-12-31",amp_phase,flag_only,0,20,100,200,,,
6,0,64,222,286,0.22377622377622378,3.6568991606916357,3.6256183424841524,0.031280818207483296,,0.21308302710589677,0.018690505347124586,0.11735139860139861,18,0,0,binary_gate,from_file,90.0,,"1991-01-01,2010-12-31",60,2000,freedman_diaconis,10,80,30,"2011-01-01,2020-12-31",amp_phase,flag_only,0,20,100,200,,,
6,1,64,222,286,0.22377622377622378,3.637328852900635,3.5895425563709273,0.047786296529707784,,0.2616187370413889,0.031137869348633725,0.11735139860139861,19,0,0,binary_gate,from_file,90.0,,"1991-01-01,2010-12-31",60,2000,freedman_diaconis,10,80,30,"2011-01-01,2020-12-31",amp_phase,flag_only,0,20,100,200,,,
6,2,64,222,286,0.22377622377622378,3.5757708045285366,3.5548515065634785,0.020919297965058092,,0.18650514883117142,0.018080924195817374,0.08610139860139861,18,0,0,binary_gate,from_file,90.0,,"1991-01-01,2010-12-31",60,2000,freedman_diaconis,10,80,30,"2011-01-01,2020-12-31",amp_phase,flag_only,0,20,100,200,,,
6,3,64,222,286,0.22377622377622378,3.365667281338282,3.3547865131671397,0.010880768171142474,,0.11066535518800943,0.010706626952407745,0.05485139860139861,14,0,0,binary_gate,from_file,90.0,,"1991-01-01,2010-12-31",60,2000,freedman_diaconis,10,80,30,"2011-01-01,2020-12-31",amp_phase,flag_only,0,20,100,200,,,
6,4,64,222,286,0.22377622377622378,3.4459087001971898,3.44439239822763,0.0015163019695596525,,0.09628594967356967,0.008248628029701518,0.023601398601398607,15,0,0,binary_gate,from_file,90.0,,"1991-01-01,2010-12-31",60,2000,freedman_diaconis,10,80,30,"2011-01-01,2020-12-31",amp_phase,flag_only,0,20,100,200,,,
6,5,64,222,286,0.22377622377622378,3.4045198826904115,3.4015981686901866,0.0029217140002248954,,0.11317853530565637,0.011215485346845636,-0.007648601398601393,15,0,0,binary_gate,from_file,90.0,,"1991-01-01,2010-12-31",60,2000,freedman_diaconis,10,80,30,"2011-01-01,2020-12-31",amp_phase,flag_only,0,20,100,200,,,
6,6,64,222,286,0.22377622377622378,3.3852545326564303,3.3593782503096756,0.025876282346754653,,0.18565386323622382,0.017343188767276585,0.03922639860139861,15,0,0,binary_gate,from_file,90.0,,"1991-01-01,2010-12-31",60,2000,freedman_diaconis,10,80,30,"2011-01-01,2020-12-31",amp_phase,flag_only,0,20,100,200,,,
6,7,64,222,286,0.22377622377622378,3.350097915769083,3.278571021723848,0.07152689404523516,,0.3128435070248997,0.03508662613867866,0.08610139860139861,15,0,0,binary_gate,from_file,90.0,,"1991-01-01,2010-12-31",60,2000,freedman_diaconis,10,80,30,"2011-01-01,2020-12-31",amp_phase,flag_only,0,20,100,200,,,
6,8,64,222,286,0.22377622377622378,3.393616266895494,3.339654368671598,0.053961898223895854,,0.2446923926429398,0.027848104974803358,0.1329763986013986,15,0,0,binary_gate,from_file,90.0,,"1991-01-01,2010-12-31",60,2000,freedman_diaconis,10,80,30,"2011-01-01,2020-12-31",amp_phase,flag_only,0,20,100,200,,,
6,9,64,222,286,0.22377622377622378,3.364438111076774,3.259023116613939,0.10541499446283487,,0.37317016348967125,0.0446272943803938,0.1798513986013986,14,0,0,binary_gate,from_file,90.0,,"1991-01-01,2010-12-31",60,2000,freedman_diaconis,10,80,30,"2011-01-01,2020-12-31",amp_phase,flag_only,0,20,100,200,,,
6,10,64,222,286,0.22377622377622378,3.3569341995540127,3.2263214982768083,0.13061270127720448,,0.4511715270522463,0.054896749878517025,0.2111013986013986,14,0,1,binary_gate,from_file,90.0,,"1991-01-01,2010-12-31",60,2000,freedman_diaconis,10,80,30,"2011-01-01,2020-12-31",amp_phase,flag_only,0,20,100,200,,,
6,11,64,221,285,0.22456140350877193,3.4090674115691977,3.2918634289898447,0.11720398257935294,,0.4445142096925687,0.04574425979901966,0.16387061403508774,15,0,0,binary_gate,from_file,90.0,,"1991-01-01,2010-12-31",60,2000,freedman_diaconis,10,80,30,"2011-01-01,2020-12-31",amp_phase,flag_only,0,20,100,200,,,
6,12,64,220,284,0.22535211267605634,3.4844887242872256,3.411912175768495,0.07257654851873063,,0.29720306786027156,0.030115091657450094,0.14788732394366197,15,0,0,binary_gate,from_file,90.0,,"1991-01-01,2010-12-31",60,2000,freedman_diaconis,10,80,30,"2011-01-01,2020-12-31",amp_phase,flag_only,0,20,100,200,,,
6,13,64,220,284,0.22535211267605634,3.261535577810084,3.2048245404689193,0.05671103734116478,,0.21999930710905913,0.024128906602084513,0.10101232394366197,12,0,0,binary_gate,from_file,90.0,,"1991-01-01,2010-12-31",60,2000,freedman_diaconis,10,80,30,"2011-01-01,2020-12-31",amp_phase,flag_only,0,20,100,200,,,
6,14,64,220,284,0.22535211267605634,3.455617717124012,3.3743776833391057,0.08124003378490618,,0.3095549743090032,0.03223182197514222,0.08538732394366197,14,0,0,binary_gate,from_file,90.0,,"1991-01-01,2010-12-31",60,2000,freedman_diaconis,10,80,30,"2011-01-01,2020-12-31",amp_phase,flag_only,0,20,100,200,,,
6,15,64,220,284,0.22535211267605634,3.359165683390072,3.2524486887065702,0.10671699468350182,,0.3505326964298951,0.04809220832878796,0.14788732394366197,13,0,0,binary_gate,from_file,90.0,,"1991-01-01,2010-12-31",60,2000,freedman_diaconis,10,80,30,"2011-01-01,2020-12-31",amp_phase,flag_only,0,20,100,200,,,
6,16,64,220,284,0.22535211267605634,3.470795858559504,3.426009164646178,0.04478669391332568,,0.17474634253900356,0.023195327447222427,0.11663732394366197,14,0,0,binary_gate,from_file,90.0,,"1991-01-01,2010-12-31",60,2000,freedman_diaconis,10,80,30,"2011-01-01,2020-12-31",amp_phase,flag_only,0,20,100,200,,,
6,17,64,220,284,0.22535211267605634,3.5486262975171403,3.50897580092883,0.039650496588310435,,0.17756050901714795,0.018977715069263715,0.10101232394366197,15,0,0,binary_gate,from_file,90.0,,"1991-01-01,2010-12-31",60,2000,freedman_diaconis,10,80,30,"2011-01-01,2020-12-31",amp_phase,flag_only,0,20,100,200,,,
6,18,64,220,284,0.22535211267605634,3.5852687518781736,3.588415068385789,-0.003146316507615321,,0.09776627293828592,0.008835805865003073,0.05413732394366197,17,0,0,binary_gate,from_file,90.0,,"1991-01-01,2010-12-31",60,2000,freedman_diaconis,10,80,30,"2011-01-01,2020-12-31",amp_phase,flag_only,0,20,100,200,,,
6,19,64,220,284,0.22535211267605634,3.443001218251004,3.4531142058961777,-0.010112987645173543,,0.06729467073074416,0.007164619742409162,-0.008362676056338031,15,0,0,binary_gate,from_file,90.0,,"1991-01-01,2010-12-31",60,2000,freedman_diaconis,10,80,30,"2011-01-01,2020-12-31",amp_phase,flag_only,0,20,100,200,,,
6,20,64,220,284,0.22535211267605634,3.3723943273068304,3.3620269976361197,0.010367329670710745,,0.12778983268329314,0.014402729062022038,-0.07086267605633803,14,0,0,binary_gate,from_file,90.0,,"1991-01-01,2010-12-31",60,2000,freedman_diaconis,10,80,30,"2011-01-01,2020-12-31",amp_phase,flag_only,0,20,100,200,,,
6,21,64,220,284,0.22535211267605634,3.286346961753523,3.2722361714885344,0.014110790264988626,,0.11881712759325025,0.014635682821971259,-0.03961267605633803,13,0,0,binary_gate,from_file,90.0,,"1991-01-01,2010-12-31",60,2000,freedman_diaconis,10,80,30,"2011-01-01,2020-12-31",amp_phase,flag_only,0,20,100,200,,,
6,22,64,220,284,0.22535211267605634,3.3459935346854226,3.3421586376369254,0.0038348970484971545,,0.09611076428065138,0.010751638287020533,-0.008362676056338031,14,0,0,binary_gate,from_file,90.0,,"1991-01-01,2010-12-31",60,2000,freedman_diaconis,10,80,30,"2011-01-01,2020-12-31",amp_phase,flag_only,0,20,100,200,,,
6,23,64,220,284,0.22535211267605634,3.372276489361623,3.340720044397114,0.031556444964508934,,0.17072356087479348,0.019573216524678045,0.02288732394366197,14,0,0,binary_gate,from_file,90.0,,"1991-01-01,2010-12-31",60,2000,freedman_diaconis,10,80,30,"2011-01-01,2020-12-31",amp_phase,flag_only,0,20,100,200,,,
6,24,64,220,284,0.22535211267605634,3.367360139801425,3.339100243945626,0.02825989585579869,,0.162800170072758,0.015745263994088207,0.08538732394366197,14,0,0,binary_gate,from_file,90.0,,"1991-01-01,2010-12-31",60,2000,freedman_diaconis,10,80,30,"2011-01-01,2020-12-31",amp_phase,flag_only,0,20,100,200,,,
6,25,64,220,284,0.22535211267605634,3.403209191416325,3.3729422112279686,0.030266980188356385,,0.1525200121577875,0.01688973880251038,0.10101232394366197,14,0,0,binary_gate,from_file,90.0,,"1991-01-01,2010-12-31",60,2000,freedman_diaconis,10,80,30,"2011-01-01,2020-12-31",amp_phase,flag_only,0,20,100,200,,,
6,26,64,220,284,0.22535211267605634,3.5158856116872848,3.467062344122213,0.04882326756507194,,0.25946185151979273,0.03120885908632537,0.05413732394366197,17,0,0,binary_gate,from_file,90.0,,"1991-01-01,2010-12-31",60,2000,freedman_diaconis,10,80,30,"2011-01-01,2020-12-31",amp_phase,flag_only,0,20,100,200,,,
6,27,64,220,284,0.22535211267605634,3.4382152680246447,3.4111298508299153,0.027085417194729455,,0.19797513450137957,0.020295847920078845,0.05413732394366197,16,0,0,binary_gate,from_file,90.0,,"1991-01-01,2010-12-31",60,2000,freedman_diaconis,10,80,30,"2011-01-01,2020-12-31",amp_phase,flag_only,0,20,100,200,,,
6,28,64,220,284,0.22535211267605634,3.437607805731216,3.427177014407845,0.01043079132337077,,0.12447910874562579,0.012920028382963359,0.05413732394366197,15,0,0,binary_gate,from_file,90.0,,"1991-01-01,2010-12-31",60,2000,freedman_diaconis,10,80,30,"2011-01-01,2020-12-31",amp_phase,flag_only,0,20,100,200,,,
6,29,64,220,284,0.22535211267605634,3.4580495889908702,3.4565807777404203,0.0014688112504499529,,0.10032524010187843,0.011500263259402416,-0.008362676056338031,15,0,0,binary_gate,from_file,90.0,,"1991-01-01,2010-12-31",60,2000,freedman_diaconis,10,80,30,"2011-01-01,2020-12-31",amp_phase,flag_only,0,20,100,200,,,
6,30,64,220,284,0.22535211267605634,3.4234434339235493,3.4033216671987008,0.020121766724848555,,0.1443350171173905,0.013338173316677134,-0.03961267605633803,14,0,0,binary_gate,from_file,90.0,,"1991-01-01,2010-12-31",60,2000,freedman_diaconis,10,80,30,"2011-01-01,2020-12-31",amp_phase,flag_only,0,20,100,200,,,
7,0,96,146,242,0.39669421487603307,3.392610000314676,3.3892538142528656,0.00335618606181054,,0.05567455003066281,0.02511754556961724,0.021694214876033055,15,0,0,binary_gate,from_file,90.0,,"1991-01-01,2010-12-31",60,2000,freedman_diaconis,10,80,30,"2011-01-01,2020-12-31",amp_phase,flag_only,0,20,100,200,,,
7,1,96,146,242,0.39669421487603307,3.2990261668050587,3.292181539409107,0.006844627395951708,,0.04796124265095607,0.01861826857139633,0.021694214876033055,13,0,0,binary_gate,from_file,90.0,,"1991-01-01,2010-12-31",60,2000,freedman_diaconis,10,80,30,"2011-01-01,2020-12-31",amp_phase,flag_only,0,20,100,200,,,
7,2,96,146,242,0.39669421487603307,3.2939199958782077,3.2572956302230636,0.03662436565514415,,0.07858799534307075,0.033774159213193,0.03211088154269971,12,0,0,binary_gate,from_file,90.0,,"1991-01-01,2010-12-31",60,2000,freedman_diaconis,10,80,30,"2011-01-01,2020-12-31",amp_phase,flag_only,0,20,100,200,,,
7,3,96,146,242,0.39669421487603307,3.4657510654938815,3.406391160585704,0.05935990490817744,,0.10484933583288984,0.04896788693836586,0.052944214876033055,13,0,0,binary_gate,from_file,90.0,,"1991-01-01,2010-12-31",60,2000,freedman_diaconis,10,80,30,"2011-01-01,2020-12-31",amp_phase,flag_only,0,20,100,200,,,
7,4,96,146,242,0.39669421487603307,3.1283665462066077,2.948228006740849,0.18013853946575864,,0.26361155583620544,0.13631263315042505,0.11544421487603305,10,0,1,binary_gate,from_file,90.0,,"1991-01-01,2010-12-31",60,2000,freedman_diaconis,10,80,30,"2011-01-01,2020-12-31",amp_phase,flag_only,0,20,100,200,,,
7,5,96,146,242,0.39669421487603307,3.277186318828364,3.1283846757965907,0.14880164303177335,,0.2110845480444159,0.13344276339230007,0.14669421487603307,12,0,0,binary_gate,from_file,90.0,,"1991-01-01,2010-12-31",60,2000,freedman_diaconis,10,80,30,"2011-01-01,2020-12-31",amp_phase,flag_only,0,20,100,200,,,
7,6,96,146,242,0.39669421487603307,3.3044407123662274,3.190769537119402,0.11367117524682557,,0.18604656438205813,0.10308205793179828,0.13627754820936638,13,0,0,binary_gate,from_file,90.0,,"1991-01-01,2010-12-31",60,2000,freedman_diaconis,10,80,30,"2011-01-01,2020-12-31",amp_phase,flag_only,0,20,100,200,,,
7,7,96,146,242,0.39669421487603307,3.3132292980453943,3.1809140731357424,0.13231522490965197,,0.233858430366163,0.09960718690980512,0.1050275482093664,13,0,0,binary_gate,from_file,90.0,,"1991-01-01,2010-12-31",60,2000,freedman_diaconis,10,80,30,"2011-01-01,2020-12-31",amp_phase,flag_only,0,20,100,200,,,
7,8,96,146,242,0.39669421487603307,3.249512524461686,3.1504211659609576,0.09909135850072825,,0.1969062795076674,0.07801680755045431,0.08419421487603305,13,0,0,binary_gate,from_file,90.0,,"1991-01-01,2010-12-31",60,2000,freedman_diaconis,10,80,30,"2011-01-01,2020-12-31",amp_phase,flag_only,0,20,100,200,,,
7,9,96,146,242,0.39669421487603307,3.319766873460604,3.2312897932018934,0.08847708025871048,,0.1639935485101624,0.07535386697437704,0.1050275482093664,13,0,0,binary_gate,from_file,90.0,,"1991-01-01,2010-12-31",60,2000,freedman_diaconis,10,80,30,"2011-01-01,2020-12-31",amp_phase,flag_only,0,20,100,200,,,
7,10,96,146,242,0.39669421487603307,3.2459536993657907,3.223161477524806,0.022792221840984617,,0.07834110377933731,0.04570142077482401,0.08419421487603305,14,0,0,binary_gate,from_file,90.0,,"1991-01-01,2010-12-31",60,2000,freedman_diaconis,10,80,30,"2011-01-01,2020-12-31",amp_phase,flag_only,0,20,100,200,,,
7,11,96,146,242,0.39669421487603307,3.337586465465321,3.3362179974099457,0.0013684680553751605,,0.06949054140847498,0.03720160973001371,0.0008608815426997263,16,0,0,binary_gate,from_file,90.0,,"1991-01-01,2010-12-31",60,2000,freedman_diaconis,10,80,30,"2011-01-01,2020-12-31",amp_phase,flag_only,0,20,100,200,,,
7,12,96,146,242,0.39669421487603307,3.427833032012731,3.4164450633329557,0.011387968679775096,,0.07740536531469366,0.036211908057321524,0.0008608815426997263,16,0,0,binary_gate,from_file,90.0,,"1991-01-01,2010-12-31",60,2000,freedman_diaconis,10,80,30,"2011-01-01,2020-12-31",amp_phase,flag_only,0,20,100,200,,,
7,13,96,146,242,0.39669421487603307,3.3518834594751774,3.341877126967299,0.010006332507878302,,0.04254496304834934,0.0224387596666263,0.03211088154269971,13,0,0,binary_gate,from_file,90.0,,"1991-01-01,2010-12-31",60,2000,freedman_diaconis,10,80,30,"2011-01-01,2020-12-31",amp_phase,flag_only,0,20,100,200,,,
7,14,96,146,242,0.39669421487603307,3.4410024655037144,3.405861470949924,0.03514099455379016,,0.07452687071299714,0.03235154387515933,0.0008608815426997263,13,0,0,binary_gate,from_file,90.0,,"1991-01-01,2010-12-31",60,2000,freedman_diaconis,10,80,30,"2011-01-01,2020-12-31",amp_phase,flag_only,0,20,100,200,,,
7,15,96,146,242,0.39669421487603307,3.4334856200944923,3.403299282116058,0.030186337978434175,,0.06976284039102873,0.028654521139412307,-0.009555785123966945,13,0,0,binary_gate,from_file,90.0,,"1991-01-01,2010-12-31",60,2000,freedman_diaconis,10,80,30,"2011-01-01,2020-12-31",amp_phase,flag_only,0,20,100,200,,,
7,16,96,146,242,0.39669421487603307,3.2017556356939822,3.2012787857761564,0.00047684991782581676,,0.02016051680201171,0.007873637299971658,0.03211088154269971,11,0,0,binary_gate,from_file,90.0,,"1991-01-01,2010-12-31",60,2000,freedman_diaconis,10,80,30,"2011-01-01,2020-12-31",amp_phase,flag_only,0,20,100,200,,,
7,17,96,146,242,0.39669421487603307,3.1994443687632206,3.155531245590912,0.043913123172308666,,0.08486346520722057,0.03645482982858115,0.0737775482093664,11,0,0,binary_gate,from_file,90.0,,"1991-01-01,2010-12-31",60,2000,freedman_diaconis,10,80,30,"2011-01-01,2020-12-31",amp_phase,flag_only,0,20,100,200,,,
7,18,96,146,242,0.39669421487603307,3.055766005001208,3.011824068423161,0.0439419365780469,,0.07942385680889136,0.038033070877163316,0.06336088154269971,10,0,0,binary_gate,from_file,90.0,,"1991-01-01,2010-12-31",60,2000,freedman_diaconis,10,80,30,"2011-01-01,2020-12-31",amp_phase,flag_only,0,20,100,200,,,
7,19,96,146,242,0.39669421487603307,3.0819256567455326,2.987682684006786,0.09424297273874682,,0.14579903050518483,0.07537108710342588,0.0737775482093664,10,0,0,binary_gate,from_file,90.0,,"1991-01-01,2010-12-31",60,2000,freedman_diaconis,10,80,30,"2011-01-01,2020-12-31",amp_phase,flag_only,0,20,100,200,,,
7,20,96,146,242,0.39669421487603307,3.100445780168628,2.9961093760558826,0.10433640411274547,,0.15462452445738856,0.08447867566217473,0.1258608815426997,10,0,0,binary_gate,from_file,90.0,,"1991-01-01,2010-12-31",60,2000,freedman_diaconis,10,80,30,"2011-01-01,2020-12-31",amp_phase,flag_only,0,20,100,200,,,
7,21,96,146,242,0.39669421487603307,3.291664205802535,3.201561289595062,0.0901029162074729,,0.13802377115100786,0.07899290870646099,0.1258608815426997,12,0,0,binary_gate,from_file,90.0,,"1991-01-01,2010-12-31",60,2000,freedman_diaconis,10,80,30,"2011-01-01,2020-12-31",amp_phase,flag_only,0,20,100,200,,,
7,22,96,146,242,0.39669421487603307,3.3724141546615005,3.255938104636374,0.11647605002512673,,0.17877340859218047,0.10166202403668649,0.11544421487603305,13,0,0,binary_gate,from_file,90.0,,"1991-01-01,2010-12-31",60,2000,freedman_diaconis,10,80,30,"2011-01-01,2020-12-31",amp_phase,flag_only,0,20,100,200,,,
7,23,96,146,242,0.39669421487603307,3.1620840519183626,3.0367550932358585,0.12532895868250415,,0.18126062891486502,0.1109149509298475,0.1258608815426997,11,0,0,binary_gate,from_file,90.0,,"1991-01-01,2010-12-31",60,2000,freedman_diaconis,10,80,30,"2011-01-01,2020-12-31",amp_phase,flag_only,0,20,100,200,,,
7,24,96,146,242,0.39669421487603307,3.3385628324035213,3.263860600274995,0.07470223212852645,,0.13033525874800728,0.07142715520153796,0.09461088154269971,13,0,0,binary_gate,from_file,90.0,,"1991-01-01,2010-12-31",60,2000,freedman_diaconis,10,80,30,"2011-01-01,2020-12-31",amp_phase,flag_only,0,20,100,200,,,
7,25,96,146,242,0.39669421487603307,3.192326238094221,3.179819509299458,0.012506728794762889,,0.0391815603526942,0.017116146140824396,0.0425275482093664,11,0,0,binary_gate,from_file,90.0,,"1991-01-01,2010-12-31",60,2000,freedman_diaconis,10,80,30,"2011-01-01,2020-12-31",amp_phase,flag_only,0,20,100,200,,,
7,26,96,146,242,0.39669421487603307,3.110729218873432,3.1150124895041014,-0.004283270630669467,,0.020617987863708557,0.008364674217673904,0.011277548209366384,11,0,0,binary_gate,from_file,90.0,,"1991-01-01,2010-12-31",60,2000,freedman_diaconis,10,80,30,"2011-01-01,2020-12-31",amp_phase,flag_only,0,20,100,200,,,
7,27,96,146,242,0.39669421487603307,3.2065507705487777,3.1886256709755365,0.017925099573241177,,0.04468002183515879,0.019909312503359478,-0.019972451790633616,11,0,0,binary_gate,from_file,90.0,,"1991-01-01,2010-12-31",60,2000,freedman_diaconis,10,80,30,"2011-01-01,2020-12-31",amp_phase,flag_only,0,20,100,200,,,
7,28,96,146,242,0.39669421487603307,3.3647847276964753,3.35556341914313,0.009221308553345242,,0.029593016052630754,0.012907986567462202,-0.009555785123966945,12,0,0,binary_gate,from_file,90.0,,"1991-01-01,2010-12-31",60,2000,freedman_diaconis,10,80,30,"2011-01-01,2020-12-31",amp_phase,flag_only,0,20,100,200,,,
7,29,96,146,242,0.39669421487603307,3.228027726018719,3.199231595617727,0.028796130400992048,,0.05798568703491048,0.026318978367396533,-0.019972451790633616,11,0,0,binary_gate,from_file,90.0,,"1991-01-01,2010-12-31",60,2000,freedman_diaconis,10,80,30,"2011-01-01,2020-12-31",amp_phase,flag_only,0,20,100,200,,,
7,30,96,146,242,0.39669421487603307,3.187612390493188,3.162583746706832,0.025028643786356053,,0.09267067992154207,0.03319355940539813,-0.030389118457300274,13,0,0,binary_gate,from_file,90.0,,"1991-01-01,2010-12-31",60,2000,freedman_diaconis,10,80,30,"2011-01-01,2020-12-31",amp_phase,flag_only,0,20,100,200,,,
8,0,32,195,227,0.14096916299559473,3.2661610202164826,3.2550256410992398,0.011135379117242827,,0.21606681434985747,0.00863220773508283,0.0861784140969163,13,0,0,binary_gate,from_file,90.0,,"1991-01-01,2010-12-31",60,2000,freedman_diaconis,10,80,30,"2011-01-01,2020-12-31",amp_phase,flag_only,0,20,100,200,,,
8,1,32,195,227,0.14096916299559473,3.330527681041382,3.3403824500603965,-0.009854769019014498,,0.1341039880979482,0.004573872020306577,0.023678414096916303,14,0,0,binary_gate,from_file,90.0,,"1991-01-01,2010-12-31",60,2000,freedman_diaconis,10,80,30,"2011-01-01,2020-12-31",amp_phase,flag_only,0,20,100,200,,,
8,2,32,195,227,0.14096916299559473,3.3555240969832565,3.3824862031183565,-0.026962106135099972,,0.08452909354633097,0.0038891765035689247,-0.0388215859030837,15,0,0,binary_gate,from_file,90.0,,"1991-01-01,2010-12-31",60,2000,freedman_diaconis,10,80,30,"2011-01-01,2020-12-31",amp_phase,flag_only,0,20,100,200,,,
8,3,32,195,227,0.14096916299559473,3.3975085544058046,3.4193520818070953,-0.021843527401290697,,0.23254396565997668,0.009461193564020282,-0.0388215859030837,17,0,0,binary_gate,from_file,90.0,,"1991-01-01,2010-12-31",60,2000,freedman_diaconis,10,80,30,"2011-01-01,2020-12-31",amp_phase,flag_only,0,20,100,200,,,
8,4,32,195,227,0.14096916299559473,3.286188564031946,3.303389857703444,-0.017201293671497808,,0.23299965649068127,0.00935484191688235,-0.0700715859030837,16,0,0,binary_gate,from_file,90.0,,"1991-01-01,2010-12-31",60,2000,freedman_diaconis,10,80,30,"2011-01-01,2020-12-31",amp_phase,flag_only,0,20,100,200,,,
8,5,32,195,227,0.14096916299559473,3.4699853900447293,3.5117993609549414,-0.041813970910212106,,0.15148321965919628,0.006360896504597169,-0.0700715859030837,19,0,0,binary_gate,from_file,90.0,,"1991-01-01,2010-12-31",60,2000,freedman_diaconis,10,80,30,"2011-01-01,2020-12-31",amp_phase,flag_only,0,20,100,200,,,
8,6,32,195,227,0.14096916299559473,3.2810897302495015,3.3128700504576925,-0.03178032020819099,,0.12798407217260194,0.006607623531599657,-0.0700715859030837,16,0,0,binary_gate,from_file,90.0,,"1991-01-01,2010-12-31",60,2000,freedman_diaconis,10,80,30,"2011-01-01,2020-12-31",amp_phase,flag_only,0,20,100,200,,,
8,7,32,195,227,0.14096916299559473,3.2928954915356443,3.3049838066615114,-0.012088315125867055,,0.1378928028808836,0.006634488062566646,-0.0700715859030837,14,0,0,binary_gate,from_file,90.0,,"1991-01-01,2010-12-31",60,2000,freedman_diaconis,10,80,30,"2011-01-01,2020-12-31",amp_phase,flag_only,0,20,100,200,,,
8,8,32,195,227,0.14096916299559473,3.46249054233353,3.483900776985138,-0.02141023465160785,,0.09965619468175854,0.005397990244474928,-0.1013215859030837,16,0,0,binary_gate,from_file,90.0,,"1991-01-01,2010-12-31",60,2000,freedman_diaconis,10,80,30,"2011-01-01,2020-12-31",amp_phase,flag_only,0,20,100,200,,,
8,9,32,195,227,0.14096916299559473,3.6030709227541067,3.633371957515634,-0.030301034761527124,,0.0987239383285197,0.005615673476006377,-0.1013215859030837,18,0,0,binary_gate,from_file,90.0,,"1991-01-01,2010-12-31",60,2000,freedman_diaconis,10,80,30,"2011-01-01,2020-12-31",amp_phase,flag_only,0,20,100,200,,,
8,10,32,195,227,0.14096916299559473,3.5341611742324774,3.564370249716305,-0.03020907548382734,,0.11648689964225324,0.005849815280890108,-0.1013215859030837,18,0,0,binary_gate,from_file,90.0,,"1991-01-01,2010-12-31",60,2000,freedman_diaconis,10,80,30,"2011-01-01,2020-12-31",amp_phase,flag_only,0,20,100,200,,,
8,11,32,195,227,0.14096916299559473,3.4974567297325736,3.5019256486736787,-0.004468918941105127,,0.3184900488417855,0.014630761252808967,-0.0700715859030837,19,0,0,binary_gate,from_file,90.0,,"1991-01-01,2010-12-31",60,2000,freedman_diaconis,10,80,30,"2011-01-01,2020-12-31",amp_phase,flag_only,0,20,100,200,,,
8,12,32,195,227,0.14096916299559473,3.463530758927761,3.4857427335291558,-0.02221197460139468,,0.3185385202928879,0.011247577009860147,-0.0700715859030837,20,0,0,binary_gate,from_file,90.0,,"1991-01-01,2010-12-31",60,2000,freedman_diaconis,10,80,30,"2011-01-01,2020-12-31",amp_phase,flag_only,0,20,100,200,,,
8,13,32,195,227,0.14096916299559473,3.4522130050808615,3.5108356944192014,-0.05862268933833992,,0.18041511838909574,0.004562168368280134,-0.007571585903083697,21,0,0,binary_gate,from_file,90.0,,"1991-01-01,2010-12-31",60,2000,freedman_diaconis,10,80,30,"2011-01-01,2020-12-31",amp_phase,flag_only,0,20,100,200,,,
8,14,32,195,227,0.14096916299559473,3.3562040240624826,3.405680244477724,-0.04947622041524147,,0.12236077582880267,0.0034086879251415095,-0.0388215859030837,18,0,0,binary_gate,from_file,90.0,,"1991-01-01,2010-12-31",60,2000,freedman_diaconis,10,80,30,"2011-01-01,2020-12-31",amp_phase,flag_only,0,20,100,200,,,
8,15,32,195,227,0.14096916299559473,3.2915622626977865,3.311122387097737,-0.019560124399950585,,0.15979130447372386,0.004789275031178701,0.023678414096916303,15,0,0,binary_gate,from_file,90.0,,"1991-01-01,2010-12-31",60,2000,freedman_diaconis,10,80,30,"2011-01-01,2020-12-31",amp_phase,flag_only,0,20,100,200,,,
8,16,32,195,227,0.14096916299559473,3.2759153566826784,3.2865465888339984,-0.010631232151320003,,0.24337061522155642,0.008634135423212671,0.0549284140969163,16,0,0,binary_gate,from_file,90.0,,"1991-01-01,2010-12-31",60,2000,freedman_diaconis,10,80,30,"2011-01-01,2020-12-31",amp_phase,flag_only,0,20,100,200,,,
8,17,32,195,227,0.14096916299559473,3.352334569514956,3.3344374411911124,0.017897128323843603,,0.334500641772268,0.013259546546582044,0.0861784140969163,16,0,0,binary_gate,from_file,90.0,,"1991-01-01,2010-12-31",60,2000,freedman_diaconis,10,80,30,"2011-01-01,2020-12-31",amp_phase,flag_only,0,20,100,200,,,
8,18,32,195,227,0.14096916299559473,3.324357200340146,3.2878410335254538,0.03651616681469205,,0.3187992299270975,0.013675062210581351,0.0549284140969163,14,0,0,binary_gate,from_file,90.0,,"1991-01-01,2010-12-31",60,2000,freedman_diaconis,10,80,30,"2011-01-01,2020-12-31",amp_phase,flag_only,0,20,100,200,,,
8,19,32,195,227,0.14096916299559473,3.1832443742799317,3.1103843724381424,0.07286000184178931,,0.45209989832160136,0.02883352196414219,0.0861784140969163,13,0,0,binary_gate,from_file,90.0,,"1991-01-01,2010-12-31",60,2000,freedman_diaconis,10,80,30,"2011-01-01,2020-12-31",amp_phase,flag_only,0,20,100,200,,,
8,20,32,195,227,0.14096916299559473,3.2972431261188264,3.218412303472013,0.07883082264681329,,0.5364435751276384,0.026976691394558466,0.0549284140969163,14,0,1,binary_gate,from_file,90.0,,"1991-01-01,2010-12-31",60,2000,freedman_diaconis,10,80,30,"2011-01-01,2020-12-31",amp_phase,flag_only,0,20,100,200,,,
8,21,32,195,227,0.14096916299559473,3.3085733377871653,3.2578649838622646,0.050708353924900695,,0.386844692950312,0.019214297045027327,0.023678414096916303,14,0,0,binary_gate,from_file,90.0,,"1991-01-01,2010-12-31",60,2000,freedman_diaconis,10,80,30,"2011-01-01,2020-12-31",amp_phase,flag_only,0,20,100,200,,,
8,22,32,195,227,0.14096916299559473,3.4317552920075136,3.4094867843637724,0.02226850764374122,,0.33474436314875855,0.012145516830494987,0.0549284140969163,16,0,0,binary_gate,from_file,90.0,,"1991-01-01,2010-12-31",60,2000,freedman_diaconis,10,80,30,"2011-01-01,2020-12-31",amp_phase,flag_only,0,20,100,200,,,
8,23,32,195,227,0.14096916299559473,3.346513589286646,3.3501218735849436,-0.003608284298297626,,0.2950758582253552,0.008714117525344546,0.023678414096916303,17,0,0,binary_gate,from_file,90.0,,"1991-01-01,2010-12-31",60,2000,freedman_diaconis,10,80,30,"2011-01-01,2020-12-31",amp_phase,flag_only,0,20,100,200,,,
8,24,32,195,227,0.14096916299559473,3.280822580448832,3.3035489266878697,-0.02272634623903791,,0.11577455072529988,0.004142924137807607,-0.0388215859030837,15,0,0,binary_gate,from_file,90.0,,"1991-01-01,2010-12-31",60,2000,freedman_diaconis,10,80,30,"2011-01-01,2020-12-31",amp_phase,flag_only,0,20,100,200,,,
8,25,32,195,227,0.14096916299559473,3.2313847412811536,3.2411421637171927,-0.009757422436039054,,0.11987930731150116,0.0032464873076542304,0.023678414096916303,13,0,0,binary_gate,from_file,90.0,,"1991-01-01,2010-12-31",60,2000,freedman_diaconis,10,80,30,"2011-01-01,2020-12-31",amp_phase,flag_only,0,20,100,200,,,
8,26,32,195,227,0.14096916299559473,3.16148437228229,3.1512937655711717,0.010190606711118377,,0.1335890270525535,0.007038635587875302,0.0549284140969163,11,0,0,binary_gate,from_file,90.0,,"1991-01-01,2010-12-31",60,2000,freedman_diaconis,10,80,30,"2011-01-01,2020-12-31",amp_phase,flag_only,0,20,100,200,,,
8,27,32,195,227,0.14096916299559473,3.2496354032417893,3.2346659356019787,0.014969467639810663,,0.18773279268869564,0.006508241058713482,0.023678414096916303,12,0,0,binary_gate,from_file,90.0,,"1991-01-01,2010-12-31",60,2000,freedman_diaconis,10,80,30,"2011-01-01,2020-12-31",amp_phase,flag_only,0,20,100,200,,,
8,28,32,195,227,0.14096916299559473,3.3365479993114886,3.340509896077023,-0.0039618967655346005,,0.08757956913419399,0.0039026791798897533,0.0549284140969163,13,0,0,binary_gate,from_file,90.0,,"1991-01-01,2010-12-31",60,2000,freedman_diaconis,10,80,30,"2011-01-01,2020-12-31",amp_phase,flag_only,0,20,100,200,,,
8,29,32,195,227,0.14096916299559473,3.3464865154877237,3.3439330488377785,0.0025534666499451575,,0.12293399880864786,0.00446951237247481,-0.007571585903083697,13,0,0,binary_gate,from_file,90.0,,"1991-01-01,2010-12-31",60,2000,freedman_diaconis,10,80,30,"2011-01-01,2020-12-31",amp_phase,flag_only,0,20,100,200,,,
8,30,32,195,227,0.14096916299559473,3.38300391260981,3.396903979653201,-0.013900067043390862,,0.07541410306205183,0.0035252342032622555,-0.0388215859030837,14,0,0,binary_gate,from_file,90.0,,"1991-01-01,2010-12-31",60,2000,freedman_diaconis,10,80,30,"2011-01-01,2020-12-31",amp_phase,flag_only,0,20,100,200,,,
