phase,lag,n_on,n_off,diff,std_off,snr,cohen_d,median_on,median_off,diff_median,auc,sinr,selectivity,pd_at_pfa,jsd,outage,lcr,afd,bestlag_phase,train_window,test_window,block_len,n_null,null_mode,stat,two_sided,amp_var,gate_var,phase_var,pfa,q
1,0,51,274,0.13364219665527344,1.1591291427612305,0.11529535055160522,0.11682079724361684,0.2860186696052551,0.12960374355316162,0.1564149260520935,,,,,,0.13725490196078433,0.12,2.3333333333333335,0,,"2011-01-01,2020-12-31",60,200,blockperm,outage,0,z500_amp_gated,burst_gate,driver_phase_index,0.1,0.2
1,1,51,274,0.1256227046251297,1.1894534826278687,0.10561380535364151,0.10673521732086157,0.294944703578949,0.09991525858640671,0.19502943754196167,,,,,,0.13725490196078433,0.12,2.3333333333333335,0,,"2011-01-01,2020-12-31",60,200,blockperm,outage,0,z500_amp_gated,burst_gate,driver_phase_index,0.1,0.2
1,2,51,274,0.09654258191585541,1.2237619161605835,0.07889000326395035,0.07984657173044216,0.08537447452545166,0.09777273237705231,-0.012398257851600647,,,,,,0.1568627450980392,0.08,4.0,0,,"2011-01-01,2020-12-31",60,200,blockperm,outage,0,z500_amp_gated,burst_gate,driver_phase_index,0.1,0.2
1,3,51,274,0.0874519944190979,1.2502366304397583,0.06994835287332535,0.07094484113480404,0.03738832473754883,0.11322891712188721,-0.07584059238433838,,,,,,0.11764705882352941,0.04,6.0,1,,"2011-01-01,2020-12-31",60,200,blockperm,outage,0,z500_amp_gated,burst_gate,driver_phase_index,0.1,0.2
1,4,51,274,0.06496661901473999,1.1788265705108643,0.05511126294732094,0.05602062257620483,0.15783539414405823,0.0884152203798294,0.06942017376422882,,,,,,0.17647058823529413,0.08,4.5,0,,"2011-01-01,2020-12-31",60,200,blockperm,outage,0,z500_amp_gated,burst_gate,driver_phase_index,0.1,0.2
1,5,51,274,0.0243055522441864,1.0666157007217407,0.02278754487633705,0.023089586980349276,0.13044625520706177,0.050687696784734726,0.07975855469703674,,,,,,0.17647058823529413,0.1,3.0,0,,"2011-01-01,2020-12-31",60,200,blockperm,outage,0,z500_amp_gated,burst_gate,driver_phase_index,0.1,0.2
1,6,51,274,0.01796974241733551,0.9727830290794373,0.01847250759601593,0.01866020199423355,0.21910172700881958,0.013657762669026852,0.20544396340847015,,,,,,0.13725490196078433,0.1,2.3333333333333335,0,,"2011-01-01,2020-12-31",60,200,blockperm,outage,0,z500_amp_gated,burst_gate,driver_phase_index,0.1,0.2
1,7,51,274,0.04259740561246872,0.9538828134536743,0.04465685412287712,0.04509733678579634,0.3273225724697113,-0.008577692322432995,0.33590027689933777,,,,,,0.19607843137254902,0.18,2.0,0,,"2011-01-01,2020-12-31",60,200,blockperm,outage,0,z500_amp_gated,burst_gate,driver_phase_index,0.1,0.2
1,8,51,274,0.05203992873430252,0.9758048057556152,0.05333026498556137,0.05421989392902407,0.34228822588920593,0.009687734767794609,0.33260050415992737,,,,,,0.17647058823529413,0.16,2.25,0,,"2011-01-01,2020-12-31",60,200,blockperm,outage,0,z500_amp_gated,burst_gate,driver_phase_index,0.1,0.2
1,9,51,274,0.027219075709581375,0.9883557558059692,0.027539756149053574,0.02840344282693559,0.14787721633911133,0.023545237258076668,0.12433198094367981,,,,,,0.17647058823529413,0.12,3.0,0,,"2011-01-01,2020-12-31",60,200,blockperm,outage,0,z500_amp_gated,burst_gate,driver_phase_index,0.1,0.2
1,10,51,274,-0.02341562882065773,1.0774227380752563,-0.021733000874519348,-0.022706803313600563,-0.08438580483198166,-0.005887835286557674,-0.07849796861410141,,,,,,0.11764705882352941,0.12,2.0,0,,"2011-01-01,2020-12-31",60,200,blockperm,outage,0,z500_amp_gated,burst_gate,driver_phase_index,0.1,0.2
1,11,51,274,-0.07195214927196503,1.2894768714904785,-0.055799487978219986,-0.05807975936390194,-0.10531174391508102,-0.10738879442214966,0.002077050507068634,,,,,,0.17647058823529413,0.2,1.8,0,,"2011-01-01,2020-12-31",60,200,blockperm,outage,0,z500_amp_gated,burst_gate,driver_phase_index,0.1,0.2
1,12,51,274,-0.04099650681018829,1.4264510869979858,-0.028740212321281433,-0.029452733711059213,-0.066788449883461,-0.09240026772022247,0.025611817836761475,,,,,,0.21568627450980393,0.2,2.2,0,,"2011-01-01,2020-12-31",60,200,blockperm,outage,0,z500_amp_gated,burst_gate,driver_phase_index,0.1,0.2
1,13,51,274,0.17089326679706573,1.1878024339675903,0.14387348294258118,0.14596974424946052,0.13882014155387878,0.059648752212524414,0.07917138934135437,,,,,,0.13725490196078433,0.16,1.75,0,,"2011-01-01,2020-12-31",60,200,blockperm,outage,0,z500_amp_gated,burst_gate,driver_phase_index,0.1,0.2
1,14,51,274,0.2736632823944092,1.0737617015838623,0.25486406683921814,0.2575111861530291,0.5366096496582031,0.03888312727212906,0.49772652983665466,,,,,,0.13725490196078433,0.16,1.75,0,,"2011-01-01,2020-12-31",60,200,blockperm,outage,0,z500_amp_gated,burst_gate,driver_phase_index,0.1,0.2
1,15,51,274,0.2723510265350342,1.1293174028396606,0.24116428196430206,0.24263203359752844,0.6469311714172363,-0.038609474897384644,0.6855406761169434,,,,,,0.17647058823529413,0.2,1.8,0,,"2011-01-01,2020-12-31",60,200,blockperm,outage,0,z500_amp_gated,burst_gate,driver_phase_index,0.1,0.2
1,16,51,274,0.2800806164741516,1.4153931140899658,0.19788186252117157,0.19943492683457772,0.4669479727745056,-0.024613503366708755,0.4915614724159241,,,,,,0.19607843137254902,0.2,2.0,0,,"2011-01-01,2020-12-31",60,200,blockperm,outage,0,z500_amp_gated,burst_gate,driver_phase_index,0.1,0.2
1,17,51,274,0.26751500368118286,1.6773732900619507,0.15948447585105896,0.16094405105129853,0.6167605519294739,0.046657443046569824,0.570103108882904,,,,,,0.17647058823529413,0.16,2.25,0,,"2011-01-01,2020-12-31",60,200,blockperm,outage,0,z500_amp_gated,burst_gate,driver_phase_index,0.1,0.2
1,18,51,274,0.21964749693870544,1.51631498336792,0.14485611021518707,0.14705390479266034,0.4183140993118286,0.17208334803581238,0.24623075127601624,,,,,,0.11764705882352941,0.12,2.0,0,,"2011-01-01,2020-12-31",60,200,blockperm,outage,0,z500_amp_gated,burst_gate,driver_phase_index,0.1,0.2
1,19,51,274,0.18053272366523743,1.29865562915802,0.1390150785446167,0.14091338599381562,0.3322875201702118,0.07559385150671005,0.25669366121292114,,,,,,0.13725490196078433,0.12,2.3333333333333335,0,,"2011-01-01,2020-12-31",60,200,blockperm,outage,0,z500_amp_gated,burst_gate,driver_phase_index,0.1,0.2
1,20,51,274,0.2253616601228714,1.2093781232833862,0.18634507060050964,0.18781679769671367,0.212514728307724,0.04058500751852989,0.1719297170639038,,,,,,0.13725490196078433,0.12,2.3333333333333335,0,,"2011-01-01,2020-12-31",60,200,blockperm,outage,0,z500_amp_gated,burst_gate,driver_phase_index,0.1,0.2
1,21,51,274,0.26491910219192505,1.1380326747894287,0.23278690874576569,0.2334227273955238,0.14574038982391357,-0.02077779546380043,0.1665181815624237,,,,,,0.11764705882352941,0.08,3.0,0,,"2011-01-01,2020-12-31",60,200,blockperm,outage,0,z500_amp_gated,burst_gate,driver_phase_index,0.1,0.2
1,22,51,274,0.27693384885787964,1.0571484565734863,0.2619630694389343,0.26178401854518013,0.23076310753822327,-0.024450253695249557,0.25521335005760193,,,,,,0.13725490196078433,0.12,2.3333333333333335,0,,"2011-01-01,2020-12-31",60,200,blockperm,outage,0,z500_amp_gated,burst_gate,driver_phase_index,0.1,0.2
1,23,51,274,0.28001657128334045,0.9914282560348511,0.2824375629425049,0.27809669462233333,0.07041259109973907,-0.04534534737467766,0.11575794219970703,,,,,,0.13725490196078433,0.12,2.3333333333333335,0,,"2011-01-01,2020-12-31",60,200,blockperm,outage,0,z500_amp_gated,burst_gate,driver_phase_index,0.1,0.2
1,24,51,274,0.2644954025745392,0.9044933319091797,0.292423814535141,0.2798718343862054,-0.03312261402606964,-0.13933521509170532,0.10621260106563568,,,,,,0.23529411764705882,0.24,2.0,0,,"2011-01-01,2020-12-31",60,200,blockperm,outage,0,z500_amp_gated,burst_gate,driver_phase_index,0.1,0.2
1,25,51,274,0.21177831292152405,0.8729345798492432,0.24260501563549042,0.23080295587000063,-0.1611861139535904,-0.19426065683364868,0.03307454288005829,,,,,,0.21568627450980393,0.2,2.2,0,,"2011-01-01,2020-12-31",60,200,blockperm,outage,0,z500_amp_gated,burst_gate,driver_phase_index,0.1,0.2
1,26,51,274,0.21821247041225433,0.9047154188156128,0.24119459092617035,0.23273125799355768,-0.01965780183672905,-0.1499256193637848,0.13026781380176544,,,,,,0.21568627450980393,0.24,1.8333333333333333,0,,"2011-01-01,2020-12-31",60,200,blockperm,outage,0,z500_amp_gated,burst_gate,driver_phase_index,0.1,0.2
1,27,51,274,0.2948527932167053,1.027299165725708,0.28701746463775635,0.28191323573038063,-0.30021342635154724,-0.12501689791679382,-0.17519652843475342,,,,,,0.19607843137254902,0.16,2.5,0,,"2011-01-01,2020-12-31",60,200,blockperm,outage,0,z500_amp_gated,burst_gate,driver_phase_index,0.1,0.2
1,28,51,274,0.35178759694099426,1.1547832489013672,0.3046351671218872,0.30358680217269285,-0.13714264333248138,-0.11821489036083221,-0.01892775297164917,,,,,,0.13725490196078433,0.08,3.5,0,,"2011-01-01,2020-12-31",60,200,blockperm,outage,0,z500_amp_gated,burst_gate,driver_phase_index,0.1,0.2
1,29,51,274,0.299034059047699,1.1770761013031006,0.2540481984615326,0.25418771658636397,-0.09290763735771179,-0.1184108555316925,0.025503218173980713,,,,,,0.13725490196078433,0.08,3.5,0,,"2011-01-01,2020-12-31",60,200,blockperm,outage,0,z500_amp_gated,burst_gate,driver_phase_index,0.1,0.2
1,30,51,274,0.22643418610095978,1.1403449773788452,0.19856639206409454,0.2000647263903882,-0.06341233104467392,-0.054949719458818436,-0.008462611585855484,,,,,,0.11764705882352941,0.12,2.0,0,,"2011-01-01,2020-12-31",60,200,blockperm,outage,0,z500_amp_gated,burst_gate,driver_phase_index,0.1,0.2
2,0,40,277,0.3722881078720093,0.8741377592086792,0.42589181661605835,0.42296409463033424,0.19525295495986938,0.11634033918380737,0.07891261577606201,,,,,,0.0,0.0,0.0,1,,"2011-01-01,2020-12-31",60,200,blockperm,outage,0,z500_amp_gated,burst_gate,driver_phase_index,0.1,0.2
2,1,40,277,0.3172380328178406,0.8447217345237732,0.37555330991744995,0.37353749703860323,0.2638334035873413,0.14358775317668915,0.12024565041065216,,,,,,0.025,0.05128205128205128,1.0,0,,"2011-01-01,2020-12-31",60,200,blockperm,outage,0,z500_amp_gated,burst_gate,driver_phase_index,0.1,0.2
2,2,40,277,0.30310356616973877,0.8336281776428223,0.3635956346988678,0.3606237250907301,0.32662925124168396,0.20503871142864227,0.12159053981304169,,,,,,0.05,0.10256410256410256,1.0,0,,"2011-01-01,2020-12-31",60,200,blockperm,outage,0,z500_amp_gated,burst_gate,driver_phase_index,0.1,0.2
2,3,40,277,0.24319599568843842,0.8363988995552063,0.29076555371284485,0.28990931575940354,0.2694898247718811,0.21086496114730835,0.058624863624572754,,,,,,0.075,0.10256410256410256,1.5,0,,"2011-01-01,2020-12-31",60,200,blockperm,outage,0,z500_amp_gated,burst_gate,driver_phase_index,0.1,0.2
2,4,40,277,0.1719600111246109,0.9064579606056213,0.18970544636249542,0.19013366153027134,0.2590124309062958,0.2809155285358429,-0.02190309762954712,,,,,,0.15,0.15384615384615385,2.0,0,,"2011-01-01,2020-12-31",60,200,blockperm,outage,0,z500_amp_gated,burst_gate,driver_phase_index,0.1,0.2
2,5,40,277,0.1126784086227417,1.0543761253356934,0.10686737298965454,0.10711384581148593,0.27141904830932617,0.30450567603111267,-0.0330866277217865,,,,,,0.175,0.20512820512820512,1.75,0,,"2011-01-01,2020-12-31",60,200,blockperm,outage,0,z500_amp_gated,burst_gate,driver_phase_index,0.1,0.2
2,6,40,277,0.00703294575214386,1.1053733825683594,0.006362506654113531,0.00635206843736831,0.13659650087356567,0.1881568878889084,-0.05156038701534271,,,,,,0.25,0.20512820512820512,2.5,0,,"2011-01-01,2020-12-31",60,200,blockperm,outage,0,z500_amp_gated,burst_gate,driver_phase_index,0.1,0.2
2,7,40,277,-0.13551391661167145,1.124706745147705,-0.12048821896314621,-0.12038913381697874,-0.08782552182674408,0.1484290361404419,-0.23625455796718597,,,,,,0.25,0.20512820512820512,2.5,0,,"2011-01-01,2020-12-31",60,200,blockperm,outage,0,z500_amp_gated,burst_gate,driver_phase_index,0.1,0.2
2,8,40,277,-0.25300872325897217,1.1382596492767334,-0.22227680683135986,-0.22202614772852786,0.05540923401713371,0.2763006389141083,-0.22089140117168427,,,,,,0.3,0.2564102564102564,2.4,0,,"2011-01-01,2020-12-31",60,200,blockperm,outage,0,z500_amp_gated,burst_gate,driver_phase_index,0.1,0.2
2,9,40,277,-0.23945286870002747,1.0080244541168213,-0.23754668235778809,-0.23289889363104818,-0.4428390860557556,0.2560116648674011,-0.6988507509231567,,,,,,0.4,0.2564102564102564,3.2,0,,"2011-01-01,2020-12-31",60,200,blockperm,outage,0,z500_amp_gated,burst_gate,driver_phase_index,0.1,0.2
2,10,40,277,-0.18841460347175598,0.9088297486305237,-0.2073156237602234,-0.1983847000555238,-0.48057663440704346,0.16591991484165192,-0.6464965343475342,,,,,,0.45,0.20512820512820512,4.5,0,,"2011-01-01,2020-12-31",60,200,blockperm,outage,0,z500_amp_gated,burst_gate,driver_phase_index,0.1,0.2
2,11,40,277,-0.17802339792251587,0.861831784248352,-0.20656397938728333,-0.19526861200026843,-0.36380213499069214,0.1298844814300537,-0.49368661642074585,,,,,,0.4,0.20512820512820512,4.0,0,,"2011-01-01,2020-12-31",60,200,blockperm,outage,0,z500_amp_gated,burst_gate,driver_phase_index,0.1,0.2
2,12,40,277,-0.21452978253364563,0.8525413870811462,-0.2516356110572815,-0.23496728319677126,-0.10106442868709564,0.0792350098490715,-0.18029943108558655,,,,,,0.35,0.15384615384615385,4.666666666666667,0,,"2011-01-01,2020-12-31",60,200,blockperm,outage,0,z500_amp_gated,burst_gate,driver_phase_index,0.1,0.2
2,13,40,277,-0.29584962129592896,0.9163966178894043,-0.32284015417099,-0.3048980888810804,-0.12258557975292206,0.04222697392106056,-0.16481254994869232,,,,,,0.35,0.15384615384615385,4.666666666666667,0,,"2011-01-01,2020-12-31",60,200,blockperm,outage,0,z500_amp_gated,burst_gate,driver_phase_index,0.1,0.2
2,14,40,277,-0.26159772276878357,1.0058013200759888,-0.26008886098861694,-0.2582250607314623,-0.34190234541893005,-0.014665976166725159,-0.3272363543510437,,,,,,0.3,0.20512820512820512,3.0,0,,"2011-01-01,2020-12-31",60,200,blockperm,outage,0,z500_amp_gated,burst_gate,driver_phase_index,0.1,0.2
2,15,40,277,-0.12169350683689117,0.9521020650863647,-0.1278156042098999,-0.1296025534671794,-0.32461726665496826,-0.0926082655787468,-0.23200899362564087,,,,,,0.2,0.10256410256410256,4.0,0,,"2011-01-01,2020-12-31",60,200,blockperm,outage,0,z500_amp_gated,burst_gate,driver_phase_index,0.1,0.2
2,16,40,277,-0.001989603042602539,0.8573614954948425,-0.0023206116165965796,-0.002344939542920252,-0.3220745027065277,-0.15899287164211273,-0.16308163106441498,,,,,,0.125,0.15384615384615385,1.6666666666666667,0,,"2011-01-01,2020-12-31",60,200,blockperm,outage,0,z500_amp_gated,burst_gate,driver_phase_index,0.1,0.2
2,17,40,277,0.04950368404388428,0.7940037250518799,0.062346916645765305,0.061899434241917184,-0.264523983001709,-0.1255635917186737,-0.13896039128303528,,,,,,0.175,0.15384615384615385,2.3333333333333335,0,,"2011-01-01,2020-12-31",60,200,blockperm,outage,0,z500_amp_gated,burst_gate,driver_phase_index,0.1,0.2
2,18,40,277,0.15544374287128448,0.7983793616294861,0.19469909369945526,0.18989298555839354,-0.010982401669025421,-0.1966332346200943,0.18565082550048828,,,,,,0.25,0.23076923076923078,2.0,0,,"2011-01-01,2020-12-31",60,200,blockperm,outage,0,z500_amp_gated,burst_gate,driver_phase_index,0.1,0.2
2,19,40,277,0.2962903678417206,0.8407045006752014,0.352431058883667,0.33912758600075815,0.04070635885000229,-0.3228571116924286,0.3635634779930115,,,,,,0.175,0.1794871794871795,1.75,0,,"2011-01-01,2020-12-31",60,200,blockperm,outage,0,z500_amp_gated,burst_gate,driver_phase_index,0.1,0.2
2,20,40,277,0.2507714331150055,0.8650386333465576,0.2898962199687958,0.27774080206297264,0.05888417735695839,-0.4444570243358612,0.5033411979675293,,,,,,0.2,0.20512820512820512,2.0,0,,"2011-01-01,2020-12-31",60,200,blockperm,outage,0,z500_amp_gated,burst_gate,driver_phase_index,0.1,0.2
2,21,40,277,0.1231151819229126,0.935935378074646,0.1315423995256424,0.12766165775887867,-0.2876615524291992,-0.4044007658958435,0.11673921346664429,,,,,,0.2,0.15384615384615385,2.6666666666666665,0,,"2011-01-01,2020-12-31",60,200,blockperm,outage,0,z500_amp_gated,burst_gate,driver_phase_index,0.1,0.2
2,22,40,277,0.08561775088310242,1.0032562017440796,0.08533986657857895,0.0834403530779052,-0.2908150851726532,-0.2528911530971527,-0.03792393207550049,,,,,,0.225,0.1794871794871795,2.25,0,,"2011-01-01,2020-12-31",60,200,blockperm,outage,0,z500_amp_gated,burst_gate,driver_phase_index,0.1,0.2
2,23,40,277,0.09289047122001648,1.0879589319229126,0.08538049459457397,0.08316928269102841,-0.2593943476676941,-0.20993074774742126,-0.04946359992027283,,,,,,0.25,0.1794871794871795,2.5,0,,"2011-01-01,2020-12-31",60,200,blockperm,outage,0,z500_amp_gated,burst_gate,driver_phase_index,0.1,0.2
2,24,40,277,-0.018973514437675476,1.1352837085723877,-0.016712576150894165,-0.016096435816733947,-0.06986075639724731,-0.17704087495803833,0.10718011856079102,,,,,,0.225,0.10256410256410256,4.5,0,,"2011-01-01,2020-12-31",60,200,blockperm,outage,0,z500_amp_gated,burst_gate,driver_phase_index,0.1,0.2
2,25,40,277,-0.16417156159877777,1.093611240386963,-0.15011875331401825,-0.1421362076254167,-0.01989584229886532,-0.11989306658506393,0.09999722242355347,,,,,,0.2,0.05128205128205128,8.0,0,,"2011-01-01,2020-12-31",60,200,blockperm,outage,0,z500_amp_gated,burst_gate,driver_phase_index,0.1,0.2
2,26,40,277,-0.19519859552383423,0.9923229813575745,-0.19670873880386353,-0.1844944116521345,-0.052492640912532806,-0.06687188148498535,0.014379240572452545,,,,,,0.225,0.05128205128205128,9.0,0,,"2011-01-01,2020-12-31",60,200,blockperm,outage,0,z500_amp_gated,burst_gate,driver_phase_index,0.1,0.2
2,27,40,277,-0.18015733361244202,0.9295445084571838,-0.19381248950958252,-0.1814995878207066,-0.1299249827861786,-0.03408003970980644,-0.09584493935108185,,,,,,0.225,0.05128205128205128,9.0,0,,"2011-01-01,2020-12-31",60,200,blockperm,outage,0,z500_amp_gated,burst_gate,driver_phase_index,0.1,0.2
2,28,40,277,-0.14519621431827545,0.9561747312545776,-0.1518511325120926,-0.14327082868507213,-0.11975666880607605,-0.008664947934448719,-0.1110917180776596,,,,,,0.225,0.05128205128205128,9.0,0,,"2011-01-01,2020-12-31",60,200,blockperm,outage,0,z500_amp_gated,burst_gate,driver_phase_index,0.1,0.2
2,29,40,277,-0.04033003747463226,1.0780025720596313,-0.03741182014346123,-0.036348868886732846,0.10678701102733612,-0.07793000340461731,0.18471701443195343,,,,,,0.225,0.10256410256410256,4.5,0,,"2011-01-01,2020-12-31",60,200,blockperm,outage,0,z500_amp_gated,burst_gate,driver_phase_index,0.1,0.2
2,30,40,277,0.19239364564418793,1.1815599203109741,0.1628302037715912,0.1638641047398805,0.11569146066904068,-0.09978475421667099,0.21547621488571167,,,,,,0.2,0.15384615384615385,2.6666666666666665,0,,"2011-01-01,2020-12-31",60,200,blockperm,outage,0,z500_amp_gated,burst_gate,driver_phase_index,0.1,0.2
3,0,27,236,-0.32029491662979126,1.0074154138565063,-0.31793728470802307,-0.31880470196217114,-0.5469140410423279,-0.14321844279766083,-0.40369558334350586,,,,,,0.2962962962962963,0.23076923076923078,2.6666666666666665,0,,"2011-01-01,2020-12-31",60,200,blockperm,outage,0,z500_amp_gated,burst_gate,driver_phase_index,0.1,0.2
3,1,27,236,-0.14554151892662048,0.9937261343002319,-0.1464603990316391,-0.14749324217282728,-0.28644859790802,-0.06993737071752548,-0.21651121973991394,,,,,,0.25925925925925924,0.23076923076923078,2.3333333333333335,0,,"2011-01-01,2020-12-31",60,200,blockperm,outage,0,z500_amp_gated,burst_gate,driver_phase_index,0.1,0.2
3,2,27,236,-0.06506253778934479,1.0800907611846924,-0.060238029807806015,-0.0615016582190516,-0.11717158555984497,-0.11288031190633774,-0.004291273653507233,,,,,,0.18518518518518517,0.23076923076923078,1.6666666666666667,0,,"2011-01-01,2020-12-31",60,200,blockperm,outage,0,z500_amp_gated,burst_gate,driver_phase_index,0.1,0.2
3,3,27,236,-0.09129723161458969,1.1196264028549194,-0.08154258877038956,-0.08382830172328701,0.026648059487342834,-0.14818838238716125,0.1748364418745041,,,,,,0.18518518518518517,0.23076923076923078,1.6666666666666667,0,,"2011-01-01,2020-12-31",60,200,blockperm,outage,0,z500_amp_gated,burst_gate,driver_phase_index,0.1,0.2
3,4,27,236,-0.15106460452079773,1.1125411987304688,-0.1357833743095398,-0.1401057021476556,-0.13458433747291565,-0.17988988757133484,0.04530555009841919,,,,,,0.18518518518518517,0.23076923076923078,1.6666666666666667,0,,"2011-01-01,2020-12-31",60,200,blockperm,outage,0,z500_amp_gated,burst_gate,driver_phase_index,0.1,0.2
3,5,27,236,-0.2556140422821045,1.1713976860046387,-0.21821285784244537,-0.22526481537479692,-0.2656170725822449,-0.0642990991473198,-0.20131796598434448,,,,,,0.14814814814814814,0.15384615384615385,2.0,0,,"2011-01-01,2020-12-31",60,200,blockperm,outage,0,z500_amp_gated,burst_gate,driver_phase_index,0.1,0.2
3,6,27,236,-0.31145644187927246,1.25272798538208,-0.2486225664615631,-0.2572671241417974,-0.3913631737232208,-0.08212824165821075,-0.3092349171638489,,,,,,0.14814814814814814,0.15384615384615385,2.0,0,,"2011-01-01,2020-12-31",60,200,blockperm,outage,0,z500_amp_gated,burst_gate,driver_phase_index,0.1,0.2
3,7,27,236,-0.3411708176136017,1.2923378944396973,-0.26399505138397217,-0.2738964586327255,-0.4623427987098694,-0.04845057800412178,-0.4138922095298767,,,,,,0.14814814814814814,0.15384615384615385,2.0,0,,"2011-01-01,2020-12-31",60,200,blockperm,outage,0,z500_amp_gated,burst_gate,driver_phase_index,0.1,0.2
3,8,27,236,-0.340634286403656,1.2622071504592896,-0.26987195014953613,-0.2805517734476399,-0.4640098214149475,-0.07750473916530609,-0.3865050673484802,,,,,,0.1111111111111111,0.15384615384615385,1.5,0,,"2011-01-01,2020-12-31",60,200,blockperm,outage,0,z500_amp_gated,burst_gate,driver_phase_index,0.1,0.2
3,9,27,236,-0.3120461106300354,1.2336283922195435,-0.2529498338699341,-0.2630297800295126,-0.536528468132019,-0.05780147388577461,-0.47872698307037354,,,,,,0.14814814814814814,0.15384615384615385,2.0,0,,"2011-01-01,2020-12-31",60,200,blockperm,outage,0,z500_amp_gated,burst_gate,driver_phase_index,0.1,0.2
3,10,27,236,-0.2586018741130829,1.2280974388122559,-0.21057114005088806,-0.21936633143733245,-0.523013174533844,0.023664919659495354,-0.5466780662536621,,,,,,0.07407407407407407,0.07692307692307693,2.0,0,,"2011-01-01,2020-12-31",60,200,blockperm,outage,0,z500_amp_gated,burst_gate,driver_phase_index,0.1,0.2
3,11,27,236,-0.16868725419044495,1.2300134897232056,-0.1371425986289978,-0.14286065864847963,-0.3856969475746155,0.0051176948472857475,-0.3908146321773529,,,,,,0.1111111111111111,0.07692307692307693,3.0,0,,"2011-01-01,2020-12-31",60,200,blockperm,outage,0,z500_amp_gated,burst_gate,driver_phase_index,0.1,0.2
3,12,27,236,-0.06610715389251709,1.251083254814148,-0.05283993110060692,-0.0550011322794142,-0.13360880315303802,-0.08841991424560547,-0.045188888907432556,,,,,,0.1111111111111111,0.07692307692307693,3.0,0,,"2011-01-01,2020-12-31",60,200,blockperm,outage,0,z500_amp_gated,burst_gate,driver_phase_index,0.1,0.2
3,13,27,236,0.05557340011000633,1.2611433267593384,0.04406588897109032,0.045848198910957524,-0.06508343666791916,-0.012735901400446892,-0.05234753340482712,,,,,,0.1111111111111111,0.15384615384615385,1.5,0,,"2011-01-01,2020-12-31",60,200,blockperm,outage,0,z500_amp_gated,burst_gate,driver_phase_index,0.1,0.2
3,14,27,236,0.09487996250391006,1.2596099376678467,0.0753248780965805,0.07827567495126726,-0.11016684025526047,-0.10282711684703827,-0.0073397234082221985,,,,,,0.037037037037037035,0.07692307692307693,1.0,1,,"2011-01-01,2020-12-31",60,200,blockperm,outage,0,z500_amp_gated,burst_gate,driver_phase_index,0.1,0.2
3,15,27,236,0.01831977814435959,1.2305645942687988,0.014887294732034206,0.01538565938076152,-0.18515555560588837,-0.08652012795209885,-0.09863542765378952,,,,,,0.037037037037037035,0.038461538461538464,1.0,0,,"2011-01-01,2020-12-31",60,200,blockperm,outage,0,z500_amp_gated,burst_gate,driver_phase_index,0.1,0.2
3,16,27,236,-0.11430723965167999,1.1977574825286865,-0.09543437510728836,-0.09747933215696875,-0.4569306969642639,-0.15223941206932068,-0.30469128489494324,,,,,,0.14814814814814814,0.11538461538461539,2.0,0,,"2011-01-01,2020-12-31",60,200,blockperm,outage,0,z500_amp_gated,burst_gate,driver_phase_index,0.1,0.2
3,17,27,236,-0.18626295030117035,1.1236580610275269,-0.16576479375362396,-0.16855239832546665,-0.4975535273551941,-0.17662809789180756,-0.32092541456222534,,,,,,0.14814814814814814,0.11538461538461539,2.0,0,,"2011-01-01,2020-12-31",60,200,blockperm,outage,0,z500_amp_gated,burst_gate,driver_phase_index,0.1,0.2
3,18,27,236,-0.15853828191757202,1.0679320096969604,-0.14845353364944458,-0.15093343832835912,-0.518119215965271,-0.23205648362636566,-0.28606271743774414,,,,,,0.2222222222222222,0.19230769230769232,2.0,0,,"2011-01-01,2020-12-31",60,200,blockperm,outage,0,z500_amp_gated,burst_gate,driver_phase_index,0.1,0.2
3,19,27,236,-0.08418618142604828,1.0187336206436157,-0.08263806998729706,-0.08449630127565402,-0.5060446262359619,-0.256836473941803,-0.24920815229415894,,,,,,0.1111111111111111,0.15384615384615385,1.5,0,,"2011-01-01,2020-12-31",60,200,blockperm,outage,0,z500_amp_gated,burst_gate,driver_phase_index,0.1,0.2
3,20,27,236,0.0028914958238601685,0.9993909597396851,0.002893257886171341,0.0029873873971673222,-0.3728497624397278,-0.1625833511352539,-0.21026641130447388,,,,,,0.037037037037037035,0.07692307692307693,1.0,0,,"2011-01-01,2020-12-31",60,200,blockperm,outage,0,z500_amp_gated,burst_gate,driver_phase_index,0.1,0.2
3,21,27,236,0.044005781412124634,1.0028367042541504,0.04388130456209183,0.04549465995302417,-0.16772319376468658,-0.12545356154441833,-0.04226963222026825,,,,,,0.037037037037037035,0.07692307692307693,1.0,0,,"2011-01-01,2020-12-31",60,200,blockperm,outage,0,z500_amp_gated,burst_gate,driver_phase_index,0.1,0.2
3,22,27,236,0.05532243102788925,1.0621885061264038,0.052083440124988556,0.053864782831810405,-0.26436156034469604,-0.04963023215532303,-0.2147313356399536,,,,,,0.037037037037037035,0.07692307692307693,1.0,0,,"2011-01-01,2020-12-31",60,200,blockperm,outage,0,z500_amp_gated,burst_gate,driver_phase_index,0.1,0.2
3,23,27,236,-0.021491408348083496,1.1132105588912964,-0.019305789843201637,-0.019948710949941217,-0.3521389663219452,-0.0698261484503746,-0.28231281042099,,,,,,0.1111111111111111,0.23076923076923078,1.0,0,,"2011-01-01,2020-12-31",60,200,blockperm,outage,0,z500_amp_gated,burst_gate,driver_phase_index,0.1,0.2
3,24,27,236,-0.1683242917060852,1.170859694480896,-0.1437612771987915,-0.14820117025797966,-0.38831695914268494,-0.13289475440979004,-0.2554222047328949,,,,,,0.14814814814814814,0.23076923076923078,1.3333333333333333,0,,"2011-01-01,2020-12-31",60,200,blockperm,outage,0,z500_amp_gated,burst_gate,driver_phase_index,0.1,0.2
3,25,27,236,-0.24425265192985535,1.259294867515564,-0.19395986199378967,-0.19863327315364254,-0.7666691541671753,-0.14836055040359497,-0.6183086037635803,,,,,,0.2222222222222222,0.3076923076923077,1.5,0,,"2011-01-01,2020-12-31",60,200,blockperm,outage,0,z500_amp_gated,burst_gate,driver_phase_index,0.1,0.2
3,26,27,236,-0.1964864730834961,1.336110234260559,-0.14705857634544373,-0.1486015541318209,-0.6753902435302734,-0.13673405349254608,-0.5386561751365662,,,,,,0.18518518518518517,0.3076923076923077,1.25,0,,"2011-01-01,2020-12-31",60,200,blockperm,outage,0,z500_amp_gated,burst_gate,driver_phase_index,0.1,0.2
3,27,27,236,-0.17378835380077362,1.3181402683258057,-0.13184359669685364,-0.1313178006945911,-0.4107513129711151,-0.11197422444820404,-0.29877710342407227,,,,,,0.25925925925925924,0.3076923076923077,1.75,0,,"2011-01-01,2020-12-31",60,200,blockperm,outage,0,z500_amp_gated,burst_gate,driver_phase_index,0.1,0.2
3,28,27,236,-0.19433753192424774,1.21904456615448,-0.15941791236400604,-0.15706688797696333,-0.47203850746154785,-0.0722179114818573,-0.39982059597969055,,,,,,0.37037037037037035,0.19230769230769232,3.3333333333333335,0,,"2011-01-01,2020-12-31",60,200,blockperm,outage,0,z500_amp_gated,burst_gate,driver_phase_index,0.1,0.2
3,29,27,236,-0.2544711232185364,1.1643608808517456,-0.21855004131793976,-0.21416742453920914,-0.557135820388794,-0.06123791262507439,-0.49589791893959045,,,,,,0.37037037037037035,0.19230769230769232,3.3333333333333335,0,,"2011-01-01,2020-12-31",60,200,blockperm,outage,0,z500_amp_gated,burst_gate,driver_phase_index,0.1,0.2
3,30,27,236,-0.3363986611366272,1.143946647644043,-0.29406848549842834,-0.2868137539916219,-0.6594740152359009,-0.12729200720787048,-0.532181978225708,,,,,,0.37037037037037035,0.19230769230769232,3.3333333333333335,0,,"2011-01-01,2020-12-31",60,200,blockperm,outage,0,z500_amp_gated,burst_gate,driver_phase_index,0.1,0.2
4,0,38,241,0.553148627281189,1.1428066492080688,0.4840264320373535,0.4727358719177911,0.9940090179443359,0.23083153367042542,0.7631775140762329,,,,,,0.15789473684210525,0.21621621621621623,1.5,0,,"2011-01-01,2020-12-31",60,200,blockperm,outage,0,z500_amp_gated,burst_gate,driver_phase_index,0.1,0.2
4,1,38,241,0.6677134037017822,1.3283560276031494,0.5026614665985107,0.4930414834240556,1.2785577774047852,0.13536900281906128,1.143188714981079,,,,,,0.10526315789473684,0.10810810810810811,2.0,1,,"2011-01-01,2020-12-31",60,200,blockperm,outage,0,z500_amp_gated,burst_gate,driver_phase_index,0.1,0.2
4,2,38,241,0.532577633857727,1.3589907884597778,0.3918920159339905,0.38854287653118014,0.9204885363578796,0.12498132139444351,0.7955071926116943,,,,,,0.10526315789473684,0.10810810810810811,2.0,0,,"2011-01-01,2020-12-31",60,200,blockperm,outage,0,z500_amp_gated,burst_gate,driver_phase_index,0.1,0.2
4,3,38,241,0.36876314878463745,1.2881461381912231,0.2862743139266968,0.28856080318463284,0.5140796303749084,0.026229966431856155,0.4878496527671814,,,,,,0.13157894736842105,0.1891891891891892,1.25,0,,"2011-01-01,2020-12-31",60,200,blockperm,outage,0,z500_amp_gated,burst_gate,driver_phase_index,0.1,0.2
4,4,38,241,0.20623672008514404,1.1322271823883057,0.18215136229991913,0.18462229825502918,0.18351952731609344,-0.036130212247371674,0.21964973211288452,,,,,,0.10526315789473684,0.13513513513513514,1.3333333333333333,0,,"2011-01-01,2020-12-31",60,200,blockperm,outage,0,z500_amp_gated,burst_gate,driver_phase_index,0.1,0.2
4,5,38,241,-0.00022717565298080444,1.0611989498138428,-0.00021407452004496008,-0.0002166918820199115,0.15840843319892883,-0.015939950942993164,0.174348384141922,,,,,,0.21052631578947367,0.13513513513513514,2.6666666666666665,0,,"2011-01-01,2020-12-31",60,200,blockperm,outage,0,z500_amp_gated,burst_gate,driver_phase_index,0.1,0.2
4,6,38,241,-0.2800086736679077,1.0187360048294067,-0.27485892176628113,-0.2779334560654537,-0.06528406590223312,-0.07026772946119308,0.004983663558959961,,,,,,0.3157894736842105,0.24324324324324326,2.4,0,,"2011-01-01,2020-12-31",60,200,blockperm,outage,0,z500_amp_gated,burst_gate,driver_phase_index,0.1,0.2
4,7,38,241,-0.47658097743988037,1.0742665529251099,-0.4436338245868683,-0.4503150956663002,-0.2667732834815979,0.09493323415517807,-0.36170652508735657,,,,,,0.2894736842105263,0.2972972972972973,1.8333333333333333,0,,"2011-01-01,2020-12-31",60,200,blockperm,outage,0,z500_amp_gated,burst_gate,driver_phase_index,0.1,0.2
4,8,38,241,-0.4648647904396057,1.0787274837493896,-0.43093812465667725,-0.42993967946773126,-0.2378978431224823,0.18388941884040833,-0.4217872619628906,,,,,,0.3684210526315789,0.24324324324324326,2.8,0,,"2011-01-01,2020-12-31",60,200,blockperm,outage,0,z500_amp_gated,burst_gate,driver_phase_index,0.1,0.2
4,9,38,241,-0.5023049116134644,1.0706291198730469,-0.4691679775714874,-0.45672245063228356,-0.5208926200866699,0.2528054118156433,-0.7736980319023132,,,,,,0.4473684210526316,0.24324324324324326,3.4,0,,"2011-01-01,2020-12-31",60,200,blockperm,outage,0,z500_amp_gated,burst_gate,driver_phase_index,0.1,0.2
4,10,38,241,-0.563936710357666,1.059809923171997,-0.5321111679077148,-0.5192113938485773,-0.5867775678634644,0.18368685245513916,-0.7704644203186035,,,,,,0.34210526315789475,0.2702702702702703,2.6,0,,"2011-01-01,2020-12-31",60,200,blockperm,outage,0,z500_amp_gated,burst_gate,driver_phase_index,0.1,0.2
4,11,38,241,-0.6498301029205322,1.08427894115448,-0.5993200540542603,-0.5963075705678869,-0.6680113077163696,0.20370344817638397,-0.8717147707939148,,,,,,0.3157894736842105,0.21621621621621623,3.0,0,,"2011-01-01,2020-12-31",60,200,blockperm,outage,0,z500_amp_gated,burst_gate,driver_phase_index,0.1,0.2
4,12,38,241,-0.7417734861373901,1.0995930433273315,-0.6745890974998474,-0.6840362338288207,-0.5774363279342651,0.16548919677734375,-0.7429255247116089,,,,,,0.3684210526315789,0.2702702702702703,2.8,0,,"2011-01-01,2020-12-31",60,200,blockperm,outage,0,z500_amp_gated,burst_gate,driver_phase_index,0.1,0.2
4,13,38,241,-0.7359389662742615,1.0930625200271606,-0.6732816696166992,-0.6848250886387568,-0.7373359203338623,0.21199136972427368,-0.949327290058136,,,,,,0.42105263157894735,0.21621621621621623,4.0,0,,"2011-01-01,2020-12-31",60,200,blockperm,outage,0,z500_amp_gated,burst_gate,driver_phase_index,0.1,0.2
4,14,38,241,-0.5580806732177734,1.047927975654602,-0.5325563549995422,-0.5378851777609619,-0.5603412389755249,0.18802164494991302,-0.7483628988265991,,,,,,0.34210526315789475,0.24324324324324326,2.6,0,,"2011-01-01,2020-12-31",60,200,blockperm,outage,0,z500_amp_gated,burst_gate,driver_phase_index,0.1,0.2
4,15,38,241,-0.37225550413131714,1.0068650245666504,-0.36971738934516907,-0.3705270356716848,-0.1799546331167221,0.06836070865392685,-0.24831533432006836,,,,,,0.3157894736842105,0.2972972972972973,2.0,0,,"2011-01-01,2020-12-31",60,200,blockperm,outage,0,z500_amp_gated,burst_gate,driver_phase_index,0.1,0.2
4,16,38,241,-0.2491922229528427,1.0266841650009155,-0.24271556735038757,-0.24218446335953667,-0.23995941877365112,-0.02713683620095253,-0.2128225862979889,,,,,,0.2631578947368421,0.2972972972972973,1.6666666666666667,0,,"2011-01-01,2020-12-31",60,200,blockperm,outage,0,z500_amp_gated,burst_gate,driver_phase_index,0.1,0.2
4,17,38,241,-0.1393594741821289,1.1887215375900269,-0.11723475158214569,-0.11742074653792568,-0.1227048933506012,0.04174216836690903,-0.16444706916809082,,,,,,0.21052631578947367,0.2972972972972973,1.3333333333333333,0,,"2011-01-01,2020-12-31",60,200,blockperm,outage,0,z500_amp_gated,burst_gate,driver_phase_index,0.1,0.2
4,18,38,241,-0.07350295782089233,1.3188854455947876,-0.055731117725372314,-0.056223213539467104,0.332905113697052,0.07794766873121262,0.2549574375152588,,,,,,0.21052631578947367,0.1891891891891892,2.0,0,,"2011-01-01,2020-12-31",60,200,blockperm,outage,0,z500_amp_gated,burst_gate,driver_phase_index,0.1,0.2
4,19,38,241,-0.20429053902626038,1.330556035041809,-0.15353772044181824,-0.1556835664963076,0.10758763551712036,0.20454929769039154,-0.09696166217327118,,,,,,0.2894736842105263,0.24324324324324326,2.2,0,,"2011-01-01,2020-12-31",60,200,blockperm,outage,0,z500_amp_gated,burst_gate,driver_phase_index,0.1,0.2
4,20,38,241,-0.48172953724861145,1.4017813205718994,-0.3436552584171295,-0.35056056357823717,-0.46257084608078003,0.09961752593517303,-0.5621883869171143,,,,,,0.2894736842105263,0.24324324324324326,2.2,0,,"2011-01-01,2020-12-31",60,200,blockperm,outage,0,z500_amp_gated,burst_gate,driver_phase_index,0.1,0.2
4,21,38,241,-0.7993733286857605,1.3264615535736084,-0.6026358604431152,-0.6083284635319227,-0.8319103717803955,-0.04596365988254547,-0.7859467267990112,,,,,,0.2894736842105263,0.21621621621621623,2.75,0,,"2011-01-01,2020-12-31",60,200,blockperm,outage,0,z500_amp_gated,burst_gate,driver_phase_index,0.1,0.2
4,22,38,241,-0.7269657254219055,1.1342474222183228,-0.6409233808517456,-0.6379320962882588,-0.5984951257705688,-0.2618471384048462,-0.33664798736572266,,,,,,0.2631578947368421,0.16216216216216217,3.3333333333333335,0,,"2011-01-01,2020-12-31",60,200,blockperm,outage,0,z500_amp_gated,burst_gate,driver_phase_index,0.1,0.2
4,23,38,241,-0.4941423833370209,0.9818291664123535,-0.5032875537872314,-0.49862663116188094,-0.38516026735305786,-0.2295241802930832,-0.15563608705997467,,,,,,0.2894736842105263,0.16216216216216217,3.6666666666666665,0,,"2011-01-01,2020-12-31",60,200,blockperm,outage,0,z500_amp_gated,burst_gate,driver_phase_index,0.1,0.2
4,24,38,241,-0.39039337635040283,0.9158672094345093,-0.4262554347515106,-0.41839840035506204,-0.39901888370513916,-0.2075427919626236,-0.19147609174251556,,,,,,0.3157894736842105,0.16216216216216217,4.0,0,,"2011-01-01,2020-12-31",60,200,blockperm,outage,0,z500_amp_gated,burst_gate,driver_phase_index,0.1,0.2
4,25,38,241,-0.4676596224308014,0.9106565713882446,-0.5135411620140076,-0.4991952253773194,-0.5828080177307129,-0.26426827907562256,-0.31853973865509033,,,,,,0.34210526315789475,0.16216216216216217,4.333333333333333,0,,"2011-01-01,2020-12-31",60,200,blockperm,outage,0,z500_amp_gated,burst_gate,driver_phase_index,0.1,0.2
4,26,38,241,-0.7054418325424194,0.9333235621452332,-0.7558384537696838,-0.7299340391621534,-0.6696141362190247,-0.20324456691741943,-0.4663695693016052,,,,,,0.42105263157894735,0.2702702702702703,3.2,0,,"2011-01-01,2020-12-31",60,200,blockperm,outage,0,z500_amp_gated,burst_gate,driver_phase_index,0.1,0.2
4,27,38,241,-1.039976954460144,1.0286140441894531,-1.0110467672348022,-0.9666475861962209,-1.0411221981048584,-0.1653861552476883,-0.8757360577583313,,,,,,0.47368421052631576,0.2702702702702703,3.6,0,,"2011-01-01,2020-12-31",60,200,blockperm,outage,0,z500_amp_gated,burst_gate,driver_phase_index,0.1,0.2
4,28,38,241,-1.1891828775405884,1.1250678300857544,-1.0569877624511719,-1.0119257483935604,-1.5781813859939575,0.0649968832731247,-1.6431782245635986,,,,,,0.5789473684210527,0.21621621621621623,5.5,0,,"2011-01-01,2020-12-31",60,200,blockperm,outage,0,z500_amp_gated,burst_gate,driver_phase_index,0.1,0.2
4,29,38,241,-0.841498076915741,1.0343962907791138,-0.8135161399841309,-0.7791053272188,-0.736956000328064,0.1862681806087494,-0.9232242107391357,,,,,,0.47368421052631576,0.2702702702702703,3.6,0,,"2011-01-01,2020-12-31",60,200,blockperm,outage,0,z500_amp_gated,burst_gate,driver_phase_index,0.1,0.2
4,30,38,241,-0.5486616492271423,0.9279236197471619,-0.5912789106369019,-0.5666267117172514,-0.39458486437797546,0.22191421687602997,-0.6164990663528442,,,,,,0.3684210526315789,0.3783783783783784,2.0,0,,"2011-01-01,2020-12-31",60,200,blockperm,outage,0,z500_amp_gated,burst_gate,driver_phase_index,0.1,0.2
5,0,65,251,0.7076407670974731,1.0083867311477661,0.7017553448677063,0.6805792334483362,0.6529257297515869,0.26041895151138306,0.39250677824020386,,,,,,0.06153846153846154,0.09375,1.3333333333333333,1,,"2011-01-01,2020-12-31",60,200,blockperm,outage,0,z500_amp_gated,burst_gate,driver_phase_index,0.1,0.2
5,1,65,251,0.6706013679504395,1.0780364274978638,0.6220581531524658,0.6090643142192762,0.6839664578437805,0.30790817737579346,0.37605828046798706,,,,,,0.07692307692307693,0.0625,2.5,0,,"2011-01-01,2020-12-31",60,200,blockperm,outage,0,z500_amp_gated,burst_gate,driver_phase_index,0.1,0.2
5,2,65,251,0.6300920248031616,1.2139383554458618,0.5190477967262268,0.5056071447910745,0.7925132513046265,0.32856273651123047,0.463950514793396,,,,,,0.12307692307692308,0.125,2.0,0,,"2011-01-01,2020-12-31",60,200,blockperm,outage,0,z500_amp_gated,burst_gate,driver_phase_index,0.1,0.2
5,3,65,251,0.6435024738311768,1.3435101509094238,0.47897106409072876,0.4645572291927506,0.7759134769439697,0.29911714792251587,0.47679632902145386,,,,,,0.12307692307692308,0.15625,1.6,0,,"2011-01-01,2020-12-31",60,200,blockperm,outage,0,z500_amp_gated,burst_gate,driver_phase_index,0.1,0.2
5,4,65,251,0.557365894317627,1.4018709659576416,0.3975871503353119,0.3914876822033804,0.7764232158660889,0.24373996257781982,0.532683253288269,,,,,,0.13846153846153847,0.125,2.25,0,,"2011-01-01,2020-12-31",60,200,blockperm,outage,0,z500_amp_gated,burst_gate,driver_phase_index,0.1,0.2
5,5,65,251,0.47297385334968567,1.3335026502609253,0.35468533635139465,0.3581167168823673,0.7039205431938171,0.23697596788406372,0.4669445753097534,,,,,,0.13846153846153847,0.1875,1.5,0,,"2011-01-01,2020-12-31",60,200,blockperm,outage,0,z500_amp_gated,burst_gate,driver_phase_index,0.1,0.2
5,6,65,251,0.4136658012866974,1.2144875526428223,0.3406093418598175,0.34444434205965097,0.6153073906898499,0.24634242057800293,0.3689649701118469,,,,,,0.1076923076923077,0.15625,1.4,0,,"2011-01-01,2020-12-31",60,200,blockperm,outage,0,z500_amp_gated,burst_gate,driver_phase_index,0.1,0.2
5,7,65,251,0.282711386680603,1.0883634090423584,0.25975826382637024,0.2577995484637619,0.33737125992774963,0.1970045566558838,0.14036670327186584,,,,,,0.18461538461538463,0.125,3.0,0,,"2011-01-01,2020-12-31",60,200,blockperm,outage,0,z500_amp_gated,burst_gate,driver_phase_index,0.1,0.2
5,8,65,251,0.1358848512172699,1.0113606452941895,0.1343584507703781,0.13222854264357325,0.2494490146636963,0.1708175092935562,0.07863150537014008,,,,,,0.18461538461538463,0.1875,2.0,0,,"2011-01-01,2020-12-31",60,200,blockperm,outage,0,z500_amp_gated,burst_gate,driver_phase_index,0.1,0.2
5,9,65,251,-0.0036594420671463013,1.0246798992156982,-0.003571302630007267,-0.003531700142824616,-0.10462026298046112,0.13647252321243286,-0.24109278619289398,,,,,,0.23076923076923078,0.171875,2.5,0,,"2011-01-01,2020-12-31",60,200,blockperm,outage,0,z500_amp_gated,burst_gate,driver_phase_index,0.1,0.2
5,10,65,251,-0.16960015892982483,1.1000581979751587,-0.1541738063097,-0.15086332214386008,-0.2775818109512329,0.062091387808322906,-0.3396731913089752,,,,,,0.2923076923076923,0.171875,3.1666666666666665,0,,"2011-01-01,2020-12-31",60,200,blockperm,outage,0,z500_amp_gated,burst_gate,driver_phase_index,0.1,0.2
5,11,65,251,-0.37162554264068604,1.1687476634979248,-0.31796902418136597,-0.2975115783695146,-0.5027450323104858,-0.1184324100613594,-0.38431262969970703,,,,,,0.3076923076923077,0.125,5.0,0,,"2011-01-01,2020-12-31",60,200,blockperm,outage,0,z500_amp_gated,burst_gate,driver_phase_index,0.1,0.2
5,12,65,251,-0.5076427459716797,1.2134051322937012,-0.4183621108531952,-0.3777870094572991,-0.5528892278671265,-0.20016106963157654,-0.3527281582355499,,,,,,0.3076923076923077,0.125,5.0,0,,"2011-01-01,2020-12-31",60,200,blockperm,outage,0,z500_amp_gated,burst_gate,driver_phase_index,0.1,0.2
5,13,65,251,-0.5381819009780884,1.2759251594543457,-0.42179739475250244,-0.38153684409681077,-0.4916888177394867,-0.21079038083553314,-0.28089845180511475,,,,,,0.3076923076923077,0.1875,3.3333333333333335,0,,"2011-01-01,2020-12-31",60,200,blockperm,outage,0,z500_amp_gated,burst_gate,driver_phase_index,0.1,0.2
5,14,65,251,-0.5641822814941406,1.3859448432922363,-0.40707412362098694,-0.3720190189069506,-0.44637906551361084,-0.22341498732566833,-0.2229640781879425,,,,,,0.3230769230769231,0.1875,3.5,0,,"2011-01-01,2020-12-31",60,200,blockperm,outage,0,z500_amp_gated,burst_gate,driver_phase_index,0.1,0.2
5,15,65,251,-0.5204592943191528,1.4232218265533447,-0.3656909167766571,-0.33711004061060973,-0.27821576595306396,-0.19330590963363647,-0.08490985631942749,,,,,,0.3384615384615385,0.140625,4.4,0,,"2011-01-01,2020-12-31",60,200,blockperm,outage,0,z500_amp_gated,burst_gate,driver_phase_index,0.1,0.2
5,16,65,251,-0.44948428869247437,1.3564890623092651,-0.33135858178138733,-0.30659241452979197,-0.2545410096645355,-0.03417916223406792,-0.2203618437051773,,,,,,0.3076923076923077,0.140625,4.0,0,,"2011-01-01,2020-12-31",60,200,blockperm,outage,0,z500_amp_gated,burst_gate,driver_phase_index,0.1,0.2
5,17,65,251,-0.5932886600494385,1.4082690477371216,-0.4212892949581146,-0.3898275514217295,-0.4122314751148224,-0.03615700826048851,-0.3760744631290436,,,,,,0.35384615384615387,0.171875,3.8333333333333335,0,,"2011-01-01,2020-12-31",60,200,blockperm,outage,0,z500_amp_gated,burst_gate,driver_phase_index,0.1,0.2
5,18,65,251,-0.787943959236145,1.4388962984085083,-0.5476030111312866,-0.5048094996962248,-0.7543794512748718,-0.09535560756921768,-0.6590238213539124,,,,,,0.35384615384615387,0.171875,3.8333333333333335,0,,"2011-01-01,2020-12-31",60,200,blockperm,outage,0,z500_amp_gated,burst_gate,driver_phase_index,0.1,0.2
5,19,65,251,-0.8431923389434814,1.3620599508285522,-0.6190567016601562,-0.5704402384739751,-0.8819432854652405,-0.16498015820980072,-0.7169631123542786,,,,,,0.3384615384615385,0.234375,2.75,0,,"2011-01-01,2020-12-31",60,200,blockperm,outage,0,z500_amp_gated,burst_gate,driver_phase_index,0.1,0.2
5,20,65,251,-0.8706722259521484,1.284995198249817,-0.6775684952735901,-0.6236116963160234,-0.8129931092262268,-0.24379652738571167,-0.5691965818405151,,,,,,0.3384615384615385,0.171875,3.6666666666666665,0,,"2011-01-01,2020-12-31",60,200,blockperm,outage,0,z500_amp_gated,burst_gate,driver_phase_index,0.1,0.2
5,21,65,251,-0.9315881729125977,1.3351998329162598,-0.6977143883705139,-0.6457446077204991,-0.6955210566520691,-0.2046152651309967,-0.4909057915210724,,,,,,0.3384615384615385,0.171875,3.6666666666666665,0,,"2011-01-01,2020-12-31",60,200,blockperm,outage,0,z500_amp_gated,burst_gate,driver_phase_index,0.1,0.2
5,22,65,251,-0.9320251941680908,1.4575023651123047,-0.6394673585891724,-0.594982696053479,-0.7784032821655273,-0.19787411391735077,-0.5805291533470154,,,,,,0.3384615384615385,0.171875,3.6666666666666665,0,,"2011-01-01,2020-12-31",60,200,blockperm,outage,0,z500_amp_gated,burst_gate,driver_phase_index,0.1,0.2
5,23,65,251,-0.7208722233772278,1.4465628862380981,-0.49833452701568604,-0.45648467831437056,-0.4072977602481842,-0.1037958636879921,-0.3035019040107727,,,,,,0.3384615384615385,0.203125,3.142857142857143,0,,"2011-01-01,2020-12-31",60,200,blockperm,outage,0,z500_amp_gated,burst_gate,driver_phase_index,0.1,0.2
5,24,65,251,-0.28061094880104065,1.450386643409729,-0.1934732049703598,-0.18131333763548368,0.030626796185970306,0.043318379670381546,-0.01269158348441124,,,,,,0.2923076923076923,0.125,4.75,0,,"2011-01-01,2020-12-31",60,200,blockperm,outage,0,z500_amp_gated,burst_gate,driver_phase_index,0.1,0.2
5,25,65,251,0.003430717857554555,1.479947566986084,0.0023181347642093897,0.002246045920322979,0.11554829031229019,0.0907798483967781,0.024768441915512085,,,,,,0.23076923076923078,0.125,3.75,0,,"2011-01-01,2020-12-31",60,200,blockperm,outage,0,z500_amp_gated,burst_gate,driver_phase_index,0.1,0.2
5,26,65,251,0.09554740786552429,1.5234771966934204,0.06271666288375854,0.060790967249712745,0.2811470031738281,0.10520800203084946,0.17593899369239807,,,,,,0.23076923076923078,0.15625,3.0,0,,"2011-01-01,2020-12-31",60,200,blockperm,outage,0,z500_amp_gated,burst_gate,driver_phase_index,0.1,0.2
5,27,65,251,0.14619334042072296,1.6144027709960938,0.09055568277835846,0.08788380056026569,0.4750678539276123,0.0853302851319313,0.3897375762462616,,,,,,0.26153846153846155,0.125,4.25,0,,"2011-01-01,2020-12-31",60,200,blockperm,outage,0,z500_amp_gated,burst_gate,driver_phase_index,0.1,0.2
5,28,65,251,0.19846421480178833,1.7174166440963745,0.11555973440408707,0.11345676592353732,0.49176204204559326,0.0986778736114502,0.39308416843414307,,,,,,0.26153846153846155,0.15625,3.4,0,,"2011-01-01,2020-12-31",60,200,blockperm,outage,0,z500_amp_gated,burst_gate,driver_phase_index,0.1,0.2
5,29,65,251,0.27054843306541443,1.8366564512252808,0.14730486273765564,0.14568854278743879,0.5570107698440552,0.22317224740982056,0.3338385224342346,,,,,,0.23076923076923078,0.15625,3.0,0,,"2011-01-01,2020-12-31",60,200,blockperm,outage,0,z500_amp_gated,burst_gate,driver_phase_index,0.1,0.2
5,30,65,251,0.39368516206741333,2.004758834838867,0.19637532532215118,0.19264919465823543,0.6858259439468384,0.20611344277858734,0.47971248626708984,,,,,,0.24615384615384617,0.1875,2.6666666666666665,0,,"2011-01-01,2020-12-31",60,200,blockperm,outage,0,z500_amp_gated,burst_gate,driver_phase_index,0.1,0.2
6,0,64,222,0.5626753568649292,1.1864807605743408,0.47423893213272095,0.45153924860237676,0.3993304371833801,-0.035818442702293396,0.4351488947868347,,,,,,0.125,0.1111111111111111,2.0,0,,"2011-01-01,2020-12-31",60,200,blockperm,outage,0,z500_amp_gated,burst_gate,driver_phase_index,0.1,0.2
6,1,64,222,0.6756370663642883,1.1324809789657593,0.5965990424156189,0.561913792322608,0.34883588552474976,-0.21269634366035461,0.5615322589874268,,,,,,0.125,0.14285714285714285,1.6,0,,"2011-01-01,2020-12-31",60,200,blockperm,outage,0,z500_amp_gated,burst_gate,driver_phase_index,0.1,0.2
6,2,64,222,0.7186452150344849,1.1564151048660278,0.6214422583580017,0.5932724447312115,0.3301714062690735,-0.2701355516910553,0.6003069877624512,,,,,,0.09375,0.1111111111111111,1.5,0,,"2011-01-01,2020-12-31",60,200,blockperm,outage,0,z500_amp_gated,burst_gate,driver_phase_index,0.1,0.2
6,3,64,222,0.7740232944488525,1.2788985967636108,0.605226457118988,0.5949945842357143,0.34241610765457153,-0.38316771388053894,0.7255837917327881,,,,,,0.09375,0.12698412698412698,1.5,0,,"2011-01-01,2020-12-31",60,200,blockperm,outage,0,z500_amp_gated,burst_gate,driver_phase_index,0.1,0.2
6,4,64,222,0.7371828556060791,1.2912414073944092,0.5709101557731628,0.5735180362775087,0.3302309513092041,-0.3183504343032837,0.6485813856124878,,,,,,0.109375,0.15873015873015872,1.4,0,,"2011-01-01,2020-12-31",60,200,blockperm,outage,0,z500_amp_gated,burst_gate,driver_phase_index,0.1,0.2
6,5,64,222,0.6586501598358154,1.3256056308746338,0.4968673586845398,0.5030893660526571,0.22840222716331482,-0.4075312912464142,0.635933518409729,,,,,,0.0625,0.06349206349206349,2.0,1,,"2011-01-01,2020-12-31",60,200,blockperm,outage,0,z500_amp_gated,burst_gate,driver_phase_index,0.1,0.2
6,6,64,222,0.45914143323898315,1.265647053718567,0.3627721071243286,0.3678307863043385,-0.14165125787258148,-0.40538477897644043,0.26373350620269775,,,,,,0.0625,0.031746031746031744,4.0,0,,"2011-01-01,2020-12-31",60,200,blockperm,outage,0,z500_amp_gated,burst_gate,driver_phase_index,0.1,0.2
6,7,64,222,0.31701213121414185,1.15589439868927,0.27425700426101685,0.2778124736667419,-0.09596846997737885,-0.36989596486091614,0.2739275097846985,,,,,,0.078125,0.06349206349206349,2.5,0,,"2011-01-01,2020-12-31",60,200,blockperm,outage,0,z500_amp_gated,burst_gate,driver_phase_index,0.1,0.2
6,8,64,222,0.23490963876247406,1.1551263332366943,0.20336271822452545,0.20590982533168745,-0.1558762490749359,-0.31958281993865967,0.16370657086372375,,,,,,0.09375,0.06349206349206349,3.0,0,,"2011-01-01,2020-12-31",60,200,blockperm,outage,0,z500_amp_gated,burst_gate,driver_phase_index,0.1,0.2
6,9,64,222,0.17748898267745972,1.2724248170852661,0.13948877155780792,0.14116821537779226,-0.1705729067325592,-0.30206483602523804,0.13149192929267883,,,,,,0.140625,0.12698412698412698,2.25,0,,"2011-01-01,2020-12-31",60,200,blockperm,outage,0,z500_amp_gated,burst_gate,driver_phase_index,0.1,0.2
6,10,64,222,0.1536310911178589,1.5261768102645874,0.10066401958465576,0.10140123052240264,-0.2307358980178833,-0.2711166739463806,0.040380775928497314,,,,,,0.15625,0.12698412698412698,2.5,0,,"2011-01-01,2020-12-31",60,200,blockperm,outage,0,z500_amp_gated,burst_gate,driver_phase_index,0.1,0.2
6,11,64,222,0.10874927043914795,1.7640998363494873,0.06164575740695,0.06084330047398607,-0.265092134475708,-0.24501487612724304,-0.020077258348464966,,,,,,0.171875,0.12698412698412698,2.75,0,,"2011-01-01,2020-12-31",60,200,blockperm,outage,0,z500_amp_gated,burst_gate,driver_phase_index,0.1,0.2
6,12,64,222,-0.0687253400683403,1.6646250486373901,-0.04128577932715416,-0.03946274456694654,0.0913454219698906,-0.14430059492588043,0.23564600944519043,,,,,,0.265625,0.19047619047619047,2.8333333333333335,0,,"2011-01-01,2020-12-31",60,200,blockperm,outage,0,z500_amp_gated,burst_gate,driver_phase_index,0.1,0.2
6,13,64,222,-0.33627256751060486,1.4997773170471191,-0.22421500086784363,-0.21274807068348614,-0.2706071138381958,0.09125630557537079,-0.3618634343147278,,,,,,0.28125,0.19047619047619047,3.0,0,,"2011-01-01,2020-12-31",60,200,blockperm,outage,0,z500_amp_gated,burst_gate,driver_phase_index,0.1,0.2
6,14,64,222,-0.6522322297096252,1.4367423057556152,-0.45396605134010315,-0.4292638179431905,-0.37972164154052734,0.22259312868118286,-0.6023147702217102,,,,,,0.3125,0.2222222222222222,2.857142857142857,0,,"2011-01-01,2020-12-31",60,200,blockperm,outage,0,z500_amp_gated,burst_gate,driver_phase_index,0.1,0.2
6,15,64,222,-0.9082515239715576,1.3946541547775269,-0.6512377858161926,-0.6114507510351265,-0.516427218914032,0.1786050647497177,-0.6950322985649109,,,,,,0.375,0.25396825396825395,3.0,0,,"2011-01-01,2020-12-31",60,200,blockperm,outage,0,z500_amp_gated,burst_gate,driver_phase_index,0.1,0.2
6,16,64,222,-0.8090041875839233,1.3542615175247192,-0.5973766446113586,-0.5625618304087301,-0.5954631567001343,0.03720507770776749,-0.6326682567596436,,,,,,0.390625,0.2222222222222222,3.5714285714285716,0,,"2011-01-01,2020-12-31",60,200,blockperm,outage,0,z500_amp_gated,burst_gate,driver_phase_index,0.1,0.2
6,17,64,222,-0.655652642250061,1.3024871349334717,-0.5033851265907288,-0.47900201699212497,-0.6428854465484619,-0.023960096761584282,-0.6189253330230713,,,,,,0.375,0.25396825396825395,3.0,0,,"2011-01-01,2020-12-31",60,200,blockperm,outage,0,z500_amp_gated,burst_gate,driver_phase_index,0.1,0.2
6,18,64,222,-0.5801974534988403,1.3058441877365112,-0.444308340549469,-0.42392377951522936,-0.6254136562347412,-0.05053576081991196,-0.574877917766571,,,,,,0.296875,0.2222222222222222,2.7142857142857144,0,,"2011-01-01,2020-12-31",60,200,blockperm,outage,0,z500_amp_gated,burst_gate,driver_phase_index,0.1,0.2
6,19,64,222,-0.5043098330497742,1.424879550933838,-0.3539315462112427,-0.3383970005690747,-0.4280928373336792,0.00801765825599432,-0.4361104965209961,,,,,,0.296875,0.2222222222222222,2.7142857142857144,0,,"2011-01-01,2020-12-31",60,200,blockperm,outage,0,z500_amp_gated,burst_gate,driver_phase_index,0.1,0.2
6,20,64,222,-0.5287704467773438,1.6767562627792358,-0.3153531849384308,-0.30880893642824186,-0.4456981122493744,0.10203363001346588,-0.5477317571640015,,,,,,0.3125,0.19047619047619047,3.3333333333333335,0,,"2011-01-01,2020-12-31",60,200,blockperm,outage,0,z500_amp_gated,burst_gate,driver_phase_index,0.1,0.2
6,21,64,222,-0.6826177835464478,1.8062093257904053,-0.37792837619781494,-0.38255566593432494,-0.4853101968765259,0.04656565189361572,-0.5318758487701416,,,,,,0.328125,0.23809523809523808,2.625,0,,"2011-01-01,2020-12-31",60,200,blockperm,outage,0,z500_amp_gated,burst_gate,driver_phase_index,0.1,0.2
6,22,64,222,-0.7542900443077087,1.586246132850647,-0.4755189120769501,-0.4808056865525575,-0.2506996691226959,-0.04241282120347023,-0.208286851644516,,,,,,0.34375,0.1746031746031746,3.6666666666666665,0,,"2011-01-01,2020-12-31",60,200,blockperm,outage,0,z500_amp_gated,burst_gate,driver_phase_index,0.1,0.2
6,23,64,222,-0.646389365196228,1.4053000211715698,-0.45996537804603577,-0.46068644915829854,-0.1986791044473648,-0.03766261041164398,-0.16101649403572083,,,,,,0.328125,0.20634920634920634,3.0,0,,"2011-01-01,2020-12-31",60,200,blockperm,outage,0,z500_amp_gated,burst_gate,driver_phase_index,0.1,0.2
6,24,64,222,-0.3930271863937378,1.362390398979187,-0.28848353028297424,-0.291101002479787,-0.30077946186065674,0.022383693605661392,-0.32316315174102783,,,,,,0.28125,0.2698412698412698,2.0,0,,"2011-01-01,2020-12-31",60,200,blockperm,outage,0,z500_amp_gated,burst_gate,driver_phase_index,0.1,0.2
6,25,64,222,-0.11391709744930267,1.3052833080291748,-0.08727385103702545,-0.09014820799789755,-0.2413809895515442,-0.008364541456103325,-0.23301644623279572,,,,,,0.203125,0.20634920634920634,1.8571428571428572,0,,"2011-01-01,2020-12-31",60,200,blockperm,outage,0,z500_amp_gated,burst_gate,driver_phase_index,0.1,0.2
6,26,64,222,0.048574790358543396,1.1643677949905396,0.041717737913131714,0.04372885740111063,-0.07305855304002762,0.017055517062544823,-0.09011407196521759,,,,,,0.15625,0.20634920634920634,1.4285714285714286,0,,"2011-01-01,2020-12-31",60,200,blockperm,outage,0,z500_amp_gated,burst_gate,driver_phase_index,0.1,0.2
6,27,64,222,0.1961975395679474,1.1113214492797852,0.17654436826705933,0.18273194860039532,0.025043901056051254,-0.023648180067539215,0.04869208112359047,,,,,,0.125,0.1111111111111111,2.0,0,,"2011-01-01,2020-12-31",60,200,blockperm,outage,0,z500_amp_gated,burst_gate,driver_phase_index,0.1,0.2
6,28,64,222,0.26379117369651794,1.2232692241668701,0.21564441919326782,0.21002805899060112,0.14121678471565247,-0.05548670515418053,0.1967034935951233,,,,,,0.203125,0.12698412698412698,3.25,0,,"2011-01-01,2020-12-31",60,200,blockperm,outage,0,z500_amp_gated,burst_gate,driver_phase_index,0.1,0.2
6,29,64,222,0.20682571828365326,1.5594277381896973,0.13262924551963806,0.12282387563910409,-0.1142195612192154,0.0037155798636376858,-0.11793514341115952,,,,,,0.25,0.20634920634920634,2.2857142857142856,0,,"2011-01-01,2020-12-31",60,200,blockperm,outage,0,z500_amp_gated,burst_gate,driver_phase_index,0.1,0.2
6,30,64,222,0.1788041889667511,1.804559350013733,0.09908468276262283,0.09251659120665079,-0.10554150491952896,-0.05532081797719002,-0.050220686942338943,,,,,,0.21875,0.1746031746031746,2.3333333333333335,0,,"2011-01-01,2020-12-31",60,200,blockperm,outage,0,z500_amp_gated,burst_gate,driver_phase_index,0.1,0.2
7,0,96,146,0.31776663661003113,1.2708004713058472,0.2500523328781128,0.24637317033682404,0.11501331627368927,-0.05113045126199722,0.1661437749862671,,,,,,0.15625,0.12631578947368421,2.5,0,,"2011-01-01,2020-12-31",60,200,blockperm,outage,0,z500_amp_gated,burst_gate,driver_phase_index,0.1,0.2
7,1,96,146,0.33432871103286743,1.428381085395813,0.23406128585338593,0.22876176555223512,0.017226852476596832,-0.17900002002716064,0.19622686505317688,,,,,,0.16666666666666666,0.10526315789473684,3.2,0,,"2011-01-01,2020-12-31",60,200,blockperm,outage,0,z500_amp_gated,burst_gate,driver_phase_index,0.1,0.2
7,2,96,146,0.3477036654949188,1.6459795236587524,0.21124422550201416,0.20167600227611607,-0.0011697325389832258,-0.22992607951164246,0.2287563532590866,,,,,,0.1875,0.06315789473684211,6.0,0,,"2011-01-01,2020-12-31",60,200,blockperm,outage,0,z500_amp_gated,burst_gate,driver_phase_index,0.1,0.2
7,3,96,146,0.3496253490447998,1.7455860376358032,0.20029109716415405,0.1799508562609576,0.18558669090270996,-0.18496279418468475,0.3705494999885559,,,,,,0.23958333333333334,0.07368421052631578,5.75,0,,"2011-01-01,2020-12-31",60,200,blockperm,outage,0,z500_amp_gated,burst_gate,driver_phase_index,0.1,0.2
7,4,96,146,0.2389574497938156,1.6446278095245361,0.14529575407505035,0.12230282168933897,0.4577569365501404,-0.2544243335723877,0.7121812701225281,,,,,,0.28125,0.05263157894736842,9.0,0,,"2011-01-01,2020-12-31",60,200,blockperm,outage,0,z500_amp_gated,burst_gate,driver_phase_index,0.1,0.2
7,5,96,146,0.10429254919290543,1.5469733476638794,0.06741715967655182,0.05571186949144473,0.27006015181541443,-0.2705247402191162,0.540584921836853,,,,,,0.3020833333333333,0.05263157894736842,9.666666666666666,0,,"2011-01-01,2020-12-31",60,200,blockperm,outage,0,z500_amp_gated,burst_gate,driver_phase_index,0.1,0.2
7,6,96,146,0.07109713554382324,1.498087763786316,0.04745859280228615,0.03934099444175525,0.3813938796520233,-0.21595235168933868,0.5973462462425232,,,,,,0.28125,0.07368421052631578,6.75,0,,"2011-01-01,2020-12-31",60,200,blockperm,outage,0,z500_amp_gated,burst_gate,driver_phase_index,0.1,0.2
7,7,96,146,0.12127166986465454,1.4192607402801514,0.08544706553220749,0.07130497718906412,0.5034034848213196,-0.09257522225379944,0.5959787368774414,,,,,,0.2708333333333333,0.07368421052631578,6.5,0,,"2011-01-01,2020-12-31",60,200,blockperm,outage,0,z500_amp_gated,burst_gate,driver_phase_index,0.1,0.2
7,8,96,146,0.26335760951042175,1.3690718412399292,0.19236215949058533,0.16683581831086017,0.8478635549545288,0.0995422899723053,0.7483212947845459,,,,,,0.25,0.11578947368421053,4.0,0,,"2011-01-01,2020-12-31",60,200,blockperm,outage,0,z500_amp_gated,burst_gate,driver_phase_index,0.1,0.2
7,9,96,146,0.3681489825248718,1.3265899419784546,0.2775152921676636,0.2605120336681595,0.6950696706771851,0.09190243482589722,0.6031672358512878,,,,,,0.17708333333333334,0.15789473684210525,2.125,0,,"2011-01-01,2020-12-31",60,200,blockperm,outage,0,z500_amp_gated,burst_gate,driver_phase_index,0.1,0.2
7,10,96,146,0.4026745557785034,1.2296299934387207,0.3274762034416199,0.3181854148290143,0.8326464891433716,0.35738757252693176,0.4752589166164398,,,,,,0.14583333333333334,0.1368421052631579,2.0,1,,"2011-01-01,2020-12-31",60,200,blockperm,outage,0,z500_amp_gated,burst_gate,driver_phase_index,0.1,0.2
7,11,96,146,0.46411535143852234,1.283722162246704,0.3615387976169586,0.3475564096892915,0.8484290838241577,0.36231178045272827,0.48611730337142944,,,,,,0.15625,0.17894736842105263,1.6666666666666667,0,,"2011-01-01,2020-12-31",60,200,blockperm,outage,0,z500_amp_gated,burst_gate,driver_phase_index,0.1,0.2
7,12,96,146,0.5643469095230103,1.3336384296417236,0.42316335439682007,0.40196068930184387,0.8394854664802551,0.21303018927574158,0.6264553070068359,,,,,,0.1875,0.1368421052631579,2.5714285714285716,0,,"2011-01-01,2020-12-31",60,200,blockperm,outage,0,z500_amp_gated,burst_gate,driver_phase_index,0.1,0.2
7,13,96,146,0.6483439207077026,1.343146562576294,0.4827052652835846,0.4558999493025353,0.7688563466072083,0.16771113872528076,0.6011452078819275,,,,,,0.15625,0.1368421052631579,2.142857142857143,0,,"2011-01-01,2020-12-31",60,200,blockperm,outage,0,z500_amp_gated,burst_gate,driver_phase_index,0.1,0.2
7,14,96,146,0.6318188905715942,1.3026124238967896,0.4850398302078247,0.4512214696582731,0.7516419887542725,0.10778705030679703,0.6438549160957336,,,,,,0.14583333333333334,0.09473684210526316,2.8,0,,"2011-01-01,2020-12-31",60,200,blockperm,outage,0,z500_amp_gated,burst_gate,driver_phase_index,0.1,0.2
7,15,96,146,0.5608153343200684,1.3165018558502197,0.425989031791687,0.3943882640540882,0.5545986890792847,0.1033649742603302,0.45123371481895447,,,,,,0.17708333333333334,0.1368421052631579,2.4285714285714284,0,,"2011-01-01,2020-12-31",60,200,blockperm,outage,0,z500_amp_gated,burst_gate,driver_phase_index,0.1,0.2
7,16,96,146,0.45325374603271484,1.422493815422058,0.31863319873809814,0.30088140322973256,0.30980563163757324,-0.06704124808311462,0.37684687972068787,,,,,,0.1875,0.15789473684210525,2.25,0,,"2011-01-01,2020-12-31",60,200,blockperm,outage,0,z500_amp_gated,burst_gate,driver_phase_index,0.1,0.2
7,17,96,146,0.3011924922466278,1.692585825920105,0.17794813215732574,0.17431455148463867,0.012499826960265636,-0.1332998275756836,0.1457996517419815,,,,,,0.22916666666666666,0.15789473684210525,2.75,0,,"2011-01-01,2020-12-31",60,200,blockperm,outage,0,z500_amp_gated,burst_gate,driver_phase_index,0.1,0.2
7,18,96,146,0.09765923768281937,1.9011157751083374,0.05136943235993385,0.0509750875902486,0.012457948178052902,-0.12021094560623169,0.1326688975095749,,,,,,0.22916666666666666,0.12631578947368421,3.6666666666666665,0,,"2011-01-01,2020-12-31",60,200,blockperm,outage,0,z500_amp_gated,burst_gate,driver_phase_index,0.1,0.2
7,19,96,146,-0.1108098030090332,1.9063488245010376,-0.05812671780586243,-0.05765634773625346,-0.08966286480426788,-0.1302376687526703,0.040574803948402405,,,,,,0.2708333333333333,0.14736842105263157,3.7142857142857144,0,,"2011-01-01,2020-12-31",60,200,blockperm,outage,0,z500_amp_gated,burst_gate,driver_phase_index,0.1,0.2
7,20,96,146,-0.23702076077461243,1.8302063941955566,-0.12950493395328522,-0.12917196358290847,-0.21561792492866516,-0.2759661078453064,0.060348182916641235,,,,,,0.2708333333333333,0.12631578947368421,4.333333333333333,0,,"2011-01-01,2020-12-31",60,200,blockperm,outage,0,z500_amp_gated,burst_gate,driver_phase_index,0.1,0.2
7,21,96,146,-0.3131851851940155,1.8129090070724487,-0.17275284230709076,-0.17374162302406046,-0.4460638165473938,-0.3912706971168518,-0.05479311943054199,,,,,,0.2604166666666667,0.14736842105263157,3.5714285714285716,0,,"2011-01-01,2020-12-31",60,200,blockperm,outage,0,z500_amp_gated,burst_gate,driver_phase_index,0.1,0.2
7,22,96,146,-0.36542654037475586,1.8516758680343628,-0.19734908640384674,-0.19967021641092864,-0.6288818717002869,-0.32603132724761963,-0.30285054445266724,,,,,,0.28125,0.16842105263157894,3.375,0,,"2011-01-01,2020-12-31",60,200,blockperm,outage,0,z500_amp_gated,burst_gate,driver_phase_index,0.1,0.2
7,23,96,146,-0.38765478134155273,1.8364695310592651,-0.2110869586467743,-0.21023982688350043,-0.5925775766372681,-0.2909333109855652,-0.3016442656517029,,,,,,0.3020833333333333,0.16842105263157894,3.625,0,,"2011-01-01,2020-12-31",60,200,blockperm,outage,0,z500_amp_gated,burst_gate,driver_phase_index,0.1,0.2
7,24,96,146,-0.3493332862854004,1.2582343816757202,-0.27763769030570984,-0.2511061073302879,-0.6915139555931091,-0.25217050313949585,-0.4393434524536133,,,,,,0.3020833333333333,0.22105263157894736,2.6363636363636362,0,,"2011-01-01,2020-12-31",60,200,blockperm,outage,0,z500_amp_gated,burst_gate,driver_phase_index,0.1,0.2
7,25,96,146,-0.3727988004684448,1.2087985277175903,-0.30840441584587097,-0.2736010722799916,-0.6218151450157166,-0.10356701910495758,-0.5182481408119202,,,,,,0.28125,0.2,2.7,0,,"2011-01-01,2020-12-31",60,200,blockperm,outage,0,z500_amp_gated,burst_gate,driver_phase_index,0.1,0.2
7,26,96,146,-0.36061304807662964,1.4709528684616089,-0.24515607953071594,-0.22354480187362258,-0.6059316396713257,0.08176367729902267,-0.687695324420929,,,,,,0.2916666666666667,0.2,2.8,0,,"2011-01-01,2020-12-31",60,200,blockperm,outage,0,z500_amp_gated,burst_gate,driver_phase_index,0.1,0.2
7,27,96,146,-0.23239988088607788,1.6068408489227295,-0.1446315497159958,-0.13830789360084533,-0.389290452003479,-0.02595951035618782,-0.3633309304714203,,,,,,0.25,0.22105263157894736,2.1818181818181817,0,,"2011-01-01,2020-12-31",60,200,blockperm,outage,0,z500_amp_gated,burst_gate,driver_phase_index,0.1,0.2
7,28,96,146,-0.20035743713378906,1.4729474782943726,-0.1360248327255249,-0.1353439875212357,-0.38674449920654297,0.02098015509545803,-0.40772464871406555,,,,,,0.21875,0.18947368421052632,2.3333333333333335,0,,"2011-01-01,2020-12-31",60,200,blockperm,outage,0,z500_amp_gated,burst_gate,driver_phase_index,0.1,0.2
7,29,96,146,-0.1777060329914093,1.5398706197738647,-0.11540322005748749,-0.11917250591001878,-0.4074517488479614,0.17348045110702515,-0.5809321999549866,,,,,,0.21875,0.18947368421052632,2.3333333333333335,0,,"2011-01-01,2020-12-31",60,200,blockperm,outage,0,z500_amp_gated,burst_gate,driver_phase_index,0.1,0.2
7,30,96,146,-0.016307026147842407,1.8289844989776611,-0.00891589093953371,-0.009495648778213241,-0.38006001710891724,0.04353271797299385,-0.423592746257782,,,,,,0.16666666666666666,0.12631578947368421,2.6666666666666665,0,,"2011-01-01,2020-12-31",60,200,blockperm,outage,0,z500_amp_gated,burst_gate,driver_phase_index,0.1,0.2
8,0,32,195,0.27664005756378174,1.0725065469741821,0.25793787837028503,0.2647877902575717,0.5142487287521362,0.5079101324081421,0.006338596343994141,,,,,,0.0625,0.0967741935483871,1.0,0,,"2011-01-01,2020-12-31",60,200,blockperm,outage,0,z500_amp_gated,burst_gate,driver_phase_index,0.1,0.2
8,1,32,195,0.2306799590587616,1.0844285488128662,0.21272028982639313,0.21581823833484387,0.5182781219482422,0.4507818818092346,0.06749624013900757,,,,,,0.09375,0.16129032258064516,1.0,0,,"2011-01-01,2020-12-31",60,200,blockperm,outage,0,z500_amp_gated,burst_gate,driver_phase_index,0.1,0.2
8,2,32,195,0.262471079826355,1.135345697402954,0.23118163645267487,0.23616823046113547,0.46031248569488525,0.341927170753479,0.11838531494140625,,,,,,0.125,0.22580645161290322,1.0,0,,"2011-01-01,2020-12-31",60,200,blockperm,outage,0,z500_amp_gated,burst_gate,driver_phase_index,0.1,0.2
8,3,32,195,0.2894502580165863,1.2024842500686646,0.24071022868156433,0.24865098838453664,0.4028719663619995,0.2497127652168274,0.15315920114517212,,,,,,0.09375,0.0967741935483871,1.5,0,,"2011-01-01,2020-12-31",60,200,blockperm,outage,0,z500_amp_gated,burst_gate,driver_phase_index,0.1,0.2
8,4,32,195,0.4044151306152344,1.1256636381149292,0.3592681884765625,0.37374948261727103,0.5706544518470764,0.30301421880722046,0.26764023303985596,,,,,,0.0625,0.06451612903225806,2.0,0,,"2011-01-01,2020-12-31",60,200,blockperm,outage,0,z500_amp_gated,burst_gate,driver_phase_index,0.1,0.2
8,5,32,195,0.5405734181404114,1.0965089797973633,0.4929949641227722,0.5117378881292401,0.8755223155021667,0.28101372718811035,0.5945085883140564,,,,,,0.03125,0.06451612903225806,1.0,0,,"2011-01-01,2020-12-31",60,200,blockperm,outage,0,z500_amp_gated,burst_gate,driver_phase_index,0.1,0.2
8,6,32,195,0.7242996692657471,1.1876860857009888,0.609840989112854,0.625610040602553,1.0440759658813477,0.21330414712429047,0.830771803855896,,,,,,0.09375,0.0967741935483871,1.5,0,,"2011-01-01,2020-12-31",60,200,blockperm,outage,0,z500_amp_gated,burst_gate,driver_phase_index,0.1,0.2
8,7,32,195,0.8025516271591187,1.316348671913147,0.6096801161766052,0.6129859161386735,1.3719490766525269,0.1346409171819687,1.237308144569397,,,,,,0.125,0.16129032258064516,1.3333333333333333,0,,"2011-01-01,2020-12-31",60,200,blockperm,outage,0,z500_amp_gated,burst_gate,driver_phase_index,0.1,0.2
8,8,32,195,0.7048829197883606,1.365720272064209,0.5161253809928894,0.5104153396825054,1.396672010421753,0.014388368465006351,1.3822836875915527,,,,,,0.15625,0.16129032258064516,1.6666666666666667,0,,"2011-01-01,2020-12-31",60,200,blockperm,outage,0,z500_amp_gated,burst_gate,driver_phase_index,0.1,0.2
8,9,32,195,0.60720294713974,1.4384870529174805,0.42211219668388367,0.41245297892344635,1.339679479598999,-0.0855487659573555,1.425228238105774,,,,,,0.21875,0.16129032258064516,2.3333333333333335,0,,"2011-01-01,2020-12-31",60,200,blockperm,outage,0,z500_amp_gated,burst_gate,driver_phase_index,0.1,0.2
8,10,32,195,0.6347270607948303,1.5247998237609863,0.41626909375190735,0.40401861148047785,1.3966734409332275,-0.05328886955976486,1.4499622583389282,,,,,,0.21875,0.16129032258064516,2.3333333333333335,0,,"2011-01-01,2020-12-31",60,200,blockperm,outage,0,z500_amp_gated,burst_gate,driver_phase_index,0.1,0.2
8,11,32,195,0.7728805541992188,1.5781487226486206,0.48973873257637024,0.4711226168390686,1.2113348245620728,-0.09472130239009857,1.3060561418533325,,,,,,0.1875,0.12903225806451613,3.0,0,,"2011-01-01,2020-12-31",60,200,blockperm,outage,0,z500_amp_gated,burst_gate,driver_phase_index,0.1,0.2
8,12,32,195,0.8828597068786621,1.5033568143844604,0.5872589349746704,0.5643259477454963,0.9102528095245361,-0.14589175581932068,1.0561445951461792,,,,,,0.1875,0.12903225806451613,3.0,0,,"2011-01-01,2020-12-31",60,200,blockperm,outage,0,z500_amp_gated,burst_gate,driver_phase_index,0.1,0.2
8,13,32,195,0.8587199449539185,1.3701812028884888,0.6267200112342834,0.6164547585938989,0.7215550541877747,-0.17902356386184692,0.9005786180496216,,,,,,0.15625,0.12903225806451613,2.5,0,,"2011-01-01,2020-12-31",60,200,blockperm,outage,0,z500_amp_gated,burst_gate,driver_phase_index,0.1,0.2
8,14,32,195,0.5803388357162476,1.2768667936325073,0.45450225472450256,0.452235068237588,0.06003204733133316,0.005660971626639366,0.054371073842048645,,,,,,0.125,0.1935483870967742,1.3333333333333333,0,,"2011-01-01,2020-12-31",60,200,blockperm,outage,0,z500_amp_gated,burst_gate,driver_phase_index,0.1,0.2
8,15,32,195,0.2532988488674164,1.2118114233016968,0.20902496576309204,0.2057909442583045,0.10245030373334885,0.07568970322608948,0.02676060050725937,,,,,,0.15625,0.12903225806451613,2.5,0,,"2011-01-01,2020-12-31",60,200,blockperm,outage,0,z500_amp_gated,burst_gate,driver_phase_index,0.1,0.2
8,16,32,195,-0.09479185193777084,1.1283518075942993,-0.08400912582874298,-0.08298808460395715,0.27076685428619385,0.1867058277130127,0.08406102657318115,,,,,,0.21875,0.1935483870967742,2.3333333333333335,0,,"2011-01-01,2020-12-31",60,200,blockperm,outage,0,z500_amp_gated,burst_gate,driver_phase_index,0.1,0.2
8,17,32,195,-0.2523413896560669,1.0995888710021973,-0.22948703169822693,-0.23080652536329496,0.14736846089363098,0.18547557294368744,-0.03810711205005646,,,,,,0.28125,0.22580645161290322,2.25,0,,"2011-01-01,2020-12-31",60,200,blockperm,outage,0,z500_amp_gated,burst_gate,driver_phase_index,0.1,0.2
8,18,32,195,-0.2724727690219879,1.0811412334442139,-0.25202327966690063,-0.25598052413987815,0.003963635303080082,0.26606741547584534,-0.26210376620292664,,,,,,0.28125,0.16129032258064516,3.0,0,,"2011-01-01,2020-12-31",60,200,blockperm,outage,0,z500_amp_gated,burst_gate,driver_phase_index,0.1,0.2
8,19,32,195,-0.2595791816711426,1.0876550674438477,-0.23865947127342224,-0.24198197646834593,-0.13599169254302979,0.2834290564060211,-0.4194207489490509,,,,,,0.25,0.16129032258064516,2.6666666666666665,0,,"2011-01-01,2020-12-31",60,200,blockperm,outage,0,z500_amp_gated,burst_gate,driver_phase_index,0.1,0.2
8,20,32,195,-0.19692131876945496,1.1975386142730713,-0.1644383817911148,-0.16588197484717118,-0.2466655671596527,0.29500868916511536,-0.5416742563247681,,,,,,0.25,0.16129032258064516,2.6666666666666665,0,,"2011-01-01,2020-12-31",60,200,blockperm,outage,0,z500_amp_gated,burst_gate,driver_phase_index,0.1,0.2
8,21,32,195,-0.09906117618083954,1.3091907501220703,-0.07566595822572708,-0.07599665465204525,-0.3227458596229553,0.13763824105262756,-0.4603841006755829,,,,,,0.21875,0.16129032258064516,2.3333333333333335,0,,"2011-01-01,2020-12-31",60,200,blockperm,outage,0,z500_amp_gated,burst_gate,driver_phase_index,0.1,0.2
8,22,32,195,0.10583772510290146,1.3801193237304688,0.07668737322092056,0.0770566545639178,-0.3598076403141022,-0.06573258340358734,-0.294075071811676,,,,,,0.15625,0.22580645161290322,1.25,0,,"2011-01-01,2020-12-31",60,200,blockperm,outage,0,z500_amp_gated,burst_gate,driver_phase_index,0.1,0.2
8,23,32,195,0.4766993522644043,1.403454303741455,0.33966147899627686,0.3449995627756695,-0.0827760249376297,-0.1104961708188057,0.027720145881175995,,,,,,0.03125,0.06451612903225806,1.0,0,,"2011-01-01,2020-12-31",60,200,blockperm,outage,0,z500_amp_gated,burst_gate,driver_phase_index,0.1,0.2
8,24,32,195,0.9225202798843384,1.5509089231491089,0.5948255658149719,0.6105111332652453,0.5978202819824219,-0.2041468471288681,0.8019671440124512,,,,,,0.09375,0.06451612903225806,3.0,0,,"2011-01-01,2020-12-31",60,200,blockperm,outage,0,z500_amp_gated,burst_gate,driver_phase_index,0.1,0.2
8,25,32,195,1.2952382564544678,1.7127299308776855,0.7562419772148132,0.7721506940250182,1.238752841949463,-0.15460637211799622,1.3933591842651367,,,,,,0.09375,0.06451612903225806,3.0,0,,"2011-01-01,2020-12-31",60,200,blockperm,outage,0,z500_amp_gated,burst_gate,driver_phase_index,0.1,0.2
8,26,32,195,1.1932241916656494,1.6623332500457764,0.7178008556365967,0.7272557432698776,0.7944486737251282,-0.1176334097981453,0.9120820760726929,,,,,,0.03125,0.06451612903225806,1.0,0,,"2011-01-01,2020-12-31",60,200,blockperm,outage,0,z500_amp_gated,burst_gate,driver_phase_index,0.1,0.2
8,27,32,195,1.0114777088165283,1.6159260272979736,0.6259430646896362,0.6346647574396793,0.4713808298110962,0.016113681718707085,0.45526716113090515,,,,,,0.0,0.0,0.0,1,,"2011-01-01,2020-12-31",60,200,blockperm,outage,0,z500_amp_gated,burst_gate,driver_phase_index,0.1,0.2
8,28,32,195,0.9566699862480164,1.6379923820495605,0.5840502977371216,0.5974268778133568,0.48721471428871155,0.07829594612121582,0.4089187681674957,,,,,,0.0,0.0,0.0,0,,"2011-01-01,2020-12-31",60,200,blockperm,outage,0,z500_amp_gated,burst_gate,driver_phase_index,0.1,0.2
8,29,32,195,0.9283056259155273,1.603995680809021,0.5787457227706909,0.5945503304602721,0.5758032202720642,0.20713433623313904,0.36866888403892517,,,,,,0.0,0.0,0.0,0,,"2011-01-01,2020-12-31",60,200,blockperm,outage,0,z500_amp_gated,burst_gate,driver_phase_index,0.1,0.2
8,30,32,195,0.850178599357605,1.4832299947738647,0.5731940269470215,0.5866666274457395,0.5090181827545166,0.22352242469787598,0.2854957580566406,,,,,,0.03125,0.06451612903225806,1.0,0,,"2011-01-01,2020-12-31",60,200,blockperm,outage,0,z500_amp_gated,burst_gate,driver_phase_index,0.1,0.2
